creator_id,performance_month,uploads,views,watch_hours,new_subscribers
CR0001,2025-01,5,104484,10627.9,1372
CR0001,2025-02,5,112364,16827.4,1047
CR0001,2025-03,7,113285,10584.3,1406
CR0001,2025-04,8,89397,9860.9,1122
CR0001,2025-05,3,120719,8840.6,1727
CR0001,2025-06,4,145693,10086.7,2159
CR0001,2025-07,5,77146,5814.2,846
CR0001,2025-08,5,81166,7462.1,989
CR0001,2025-09,9,110179,14187.9,1030
CR0001,2025-10,4,108300,10012.5,732
CR0001,2025-11,12,108697,8741.5,1366
CR0001,2025-12,8,88722,7041.6,605
CR0002,2025-01,7,172496,12150.8,2532
CR0002,2025-02,9,172748,17936.7,2302
CR0002,2025-03,0,0,0.0,0
CR0002,2025-04,10,137869,8132.5,1120
CR0002,2025-05,7,166662,18980.6,1833
CR0002,2025-06,7,169468,22884.7,1931
CR0002,2025-07,9,183175,27407.9,1989
CR0002,2025-08,5,124547,13737.4,928
CR0002,2025-09,0,0,0.0,0
CR0002,2025-10,7,198638,20046.4,2866
CR0002,2025-11,12,102339,14913.4,1511
CR0002,2025-12,7,342691,37767.5,4032
CR0003,2025-01,4,18349,2075.5,264
CR0003,2025-02,0,0,0.0,0
CR0003,2025-03,6,21853,2138.3,129
CR0003,2025-04,7,24445,2601.9,188
CR0003,2025-05,5,25055,2482.9,340
CR0003,2025-06,0,0,0.0,0
CR0003,2025-07,0,0,0.0,0
CR0003,2025-08,5,17862,2344.8,191
CR0003,2025-09,6,26919,1760.8,321
CR0003,2025-10,2,19397,2206.1,229
CR0003,2025-11,0,0,0.0,0
CR0003,2025-12,4,22096,2956.0,304
CR0004,2025-01,5,14841,967.9,201
CR0004,2025-02,5,24411,1449.6,194
CR0004,2025-03,2,14185,884.3,146
CR0004,2025-04,0,0,0.0,0
CR0004,2025-05,3,16871,1770.3,88
CR0004,2025-06,2,15752,2258.9,187
CR0004,2025-07,4,16982,2234.9,140
CR0004,2025-08,3,13710,1954.3,88
CR0004,2025-09,3,21997,1870.0,277
CR0004,2025-10,3,13727,1898.7,124
CR0004,2025-11,3,7327,453.7,103
CR0004,2025-12,5,25834,1612.6,222
CR0005,2025-01,10,96673,13281.0,1445
CR0005,2025-02,7,194021,12536.6,874
CR0005,2025-03,7,116687,10808.8,764
CR0005,2025-04,5,160260,23434.7,2190
CR0005,2025-05,14,169707,12800.8,1185
CR0005,2025-06,8,159053,11556.3,1165
CR0005,2025-07,8,171675,22151.4,2173
CR0005,2025-08,6,98426,6489.9,922
CR0005,2025-09,6,187657,11824.2,1120
CR0005,2025-10,5,160134,16058.8,2141
CR0005,2025-11,7,115969,16876.3,735
CR0005,2025-12,8,178472,14067.9,1361
CR0006,2025-01,1,10619,1370.3,94
CR0006,2025-02,3,7066,429.5,38
CR0006,2025-03,5,7684,962.3,109
CR0006,2025-04,2,5084,499.6,62
CR0006,2025-05,4,13466,1254.3,144
CR0006,2025-06,3,10301,1026.8,139
CR0006,2025-07,3,10274,797.2,105
CR0006,2025-08,3,12291,1536.8,173
CR0006,2025-09,0,0,0.0,0
CR0006,2025-10,6,8458,1139.1,111
CR0006,2025-11,2,10747,627.7,67
CR0006,2025-12,0,0,0.0,0
CR0007,2025-01,0,0,0.0,0
CR0007,2025-02,5,62481,6514.7,685
CR0007,2025-03,7,43118,5472.9,282
CR0007,2025-04,10,81746,8338.6,1113
CR0007,2025-05,0,0,0.0,0
CR0007,2025-06,8,46655,5261.8,508
CR0007,2025-07,10,89898,5391.4,1325
CR0007,2025-08,4,41463,5431.1,464
CR0007,2025-09,7,57870,3884.9,639
CR0007,2025-10,5,81769,9074.9,874
CR0007,2025-11,0,0,0.0,0
CR0007,2025-12,5,82010,9713.9,592
CR0008,2025-01,3,40935,2568.8,387
CR0008,2025-02,3,97160,12311.3,459
CR0008,2025-03,11,46947,4549.9,475
CR0008,2025-04,0,0,0.0,0
CR0008,2025-05,4,68171,4521.7,671
CR0008,2025-06,4,67275,6642.3,954
CR0008,2025-07,3,78558,11249.0,458
CR0008,2025-08,11,53112,5064.6,321
CR0008,2025-09,0,0,0.0,0
CR0008,2025-10,0,0,0.0,0
CR0008,2025-11,11,93595,6431.7,669
CR0008,2025-12,9,76017,9831.9,474
CR0009,2025-01,11,260602,25586.3,3674
CR0009,2025-02,10,234519,25307.1,2003
CR0009,2025-03,5,317634,35048.5,2900
CR0009,2025-04,12,185191,22372.1,1285
CR0009,2025-05,7,325177,44551.5,4409
CR0009,2025-06,6,346365,38567.2,5089
CR0009,2025-07,11,277697,18273.7,2095
CR0009,2025-08,7,194176,14262.4,1900
CR0009,2025-09,8,171073,11696.9,1767
CR0009,2025-10,12,207297,15586.1,2524
CR0009,2025-11,11,217674,26458.9,986
CR0009,2025-12,7,246649,23631.2,1386
CR0010,2025-01,7,16082,1556.6,190
CR0010,2025-02,6,17844,2353.7,253
CR0010,2025-03,2,16802,1221.0,98
CR0010,2025-04,3,11257,1455.7,154
CR0010,2025-05,2,11686,1560.1,173
CR0010,2025-06,3,19106,2692.8,102
CR0010,2025-07,3,14523,1712.1,186
CR0010,2025-08,7,14237,1335.4,121
CR0010,2025-09,4,16646,1452.7,219
CR0010,2025-10,1,22280,1564.3,319
CR0010,2025-11,0,0,0.0,0
CR0010,2025-12,2,14264,1514.3,114
CR0011,2025-01,4,329986,34221.1,1456
CR0011,2025-02,11,276479,21861.6,1375
CR0011,2025-03,0,0,0.0,0
CR0011,2025-04,11,611974,64664.7,5630
CR0011,2025-05,8,428587,54866.7,4565
CR0011,2025-06,7,241278,32376.4,2440
CR0011,2025-07,7,477748,60724.7,6199
CR0011,2025-08,8,309607,44246.4,4469
CR0011,2025-09,13,365944,32869.9,1758
CR0011,2025-10,8,624039,86097.4,6265
CR0011,2025-11,8,339869,28513.6,2664
CR0011,2025-12,7,277249,32968.6,2401
CR0012,2025-01,1,15882,1348.0,198
CR0012,2025-02,7,16556,2073.1,133
CR0012,2025-03,1,13452,1078.3,105
CR0012,2025-04,3,18794,1954.8,152
CR0012,2025-05,2,19918,2733.6,90
CR0012,2025-06,4,15015,2172.2,96
CR0012,2025-07,0,0,0.0,0
CR0012,2025-08,8,23789,2609.4,117
CR0012,2025-09,4,16570,1130.8,216
CR0012,2025-10,4,28928,2072.9,329
CR0012,2025-11,0,0,0.0,0
CR0012,2025-12,3,19992,2896.9,264
CR0013,2025-01,4,31918,4152.8,402
CR0013,2025-02,4,27067,2662.9,327
CR0013,2025-03,4,30937,2908.4,422
CR0013,2025-04,0,0,0.0,0
CR0013,2025-05,0,0,0.0,0
CR0013,2025-06,4,28504,2251.0,191
CR0013,2025-07,0,0,0.0,0
CR0013,2025-08,2,34286,2397.7,290
CR0013,2025-09,0,0,0.0,0
CR0013,2025-10,0,0,0.0,0
CR0013,2025-11,4,21069,2308.8,246
CR0013,2025-12,5,35993,2731.3,266
CR0014,2025-01,6,72025,9753.7,444
CR0014,2025-02,6,71957,6622.3,1022
CR0014,2025-03,5,55881,7458.2,675
CR0014,2025-04,5,86683,8546.5,986
CR0014,2025-05,7,75838,9865.4,647
CR0014,2025-06,7,47197,4564.3,362
CR0014,2025-07,5,52532,5805.2,472
CR0014,2025-08,3,77104,8285.9,795
CR0014,2025-09,10,73994,10617.3,323
CR0014,2025-10,7,60089,4698.8,497
CR0014,2025-11,8,56104,4265.9,817
CR0014,2025-12,3,52336,6194.7,388
CR0015,2025-01,0,0,0.0,0
CR0015,2025-02,4,14050,1280.9,204
CR0015,2025-03,5,12204,1036.7,132
CR0015,2025-04,3,18776,1260.2,166
CR0015,2025-05,2,18614,2085.3,198
CR0015,2025-06,0,0,0.0,0
CR0015,2025-07,3,9403,1107.5,62
CR0015,2025-08,6,16775,1786.6,125
CR0015,2025-09,0,0,0.0,0
CR0015,2025-10,3,16223,1316.6,85
CR0015,2025-11,0,0,0.0,0
CR0015,2025-12,2,25706,2239.6,222
CR0016,2025-01,3,13942,1964.8,180
CR0016,2025-02,0,0,0.0,0
CR0016,2025-03,4,15036,1722.0,105
CR0016,2025-04,3,11499,1079.7,120
CR0016,2025-05,0,0,0.0,0
CR0016,2025-06,6,15686,1355.2,65
CR0016,2025-07,2,14855,2070.0,72
CR0016,2025-08,0,0,0.0,0
CR0016,2025-09,5,13915,1585.0,111
CR0016,2025-10,3,13147,1285.0,144
CR0016,2025-11,2,13015,1626.4,187
CR0016,2025-12,2,16053,1386.7,178
CR0017,2025-01,6,70553,8282.6,1000
CR0017,2025-02,4,111712,10665.7,1421
CR0017,2025-03,2,96751,6398.6,1064
CR0017,2025-04,7,119323,11136.8,1023
CR0017,2025-05,5,159795,11784.7,698
CR0017,2025-06,4,83721,6783.0,1098
CR0017,2025-07,8,135842,20265.5,1591
CR0017,2025-08,8,211226,14915.4,2209
CR0017,2025-09,5,130725,13932.8,1914
CR0017,2025-10,8,150398,14304.5,1815
CR0017,2025-11,8,84913,5942.2,1068
CR0017,2025-12,6,147888,14641.4,1050
CR0018,2025-01,6,60323,8983.9,496
CR0018,2025-02,5,70509,8686.2,706
CR0018,2025-03,4,65330,6773.2,681
CR0018,2025-04,11,51702,4512.5,534
CR0018,2025-05,4,87876,9120.4,780
CR0018,2025-06,5,68174,5880.3,629
CR0018,2025-07,11,97413,10599.1,1209
CR0018,2025-08,7,79164,5296.6,859
CR0018,2025-09,8,93021,10593.1,519
CR0018,2025-10,8,62918,7421.1,359
CR0018,2025-11,8,122384,17537.6,781
CR0018,2025-12,4,66112,5707.2,433
CR0019,2025-01,3,23587,2007.5,315
CR0019,2025-02,5,24303,3471.0,331
CR0019,2025-03,3,12214,1488.2,107
CR0019,2025-04,3,23696,2445.4,120
CR0019,2025-05,2,19593,2119.3,118
CR0019,2025-06,3,21234,3018.2,201
CR0019,2025-07,0,0,0.0,0
CR0019,2025-08,5,18610,1716.6,133
CR0019,2025-09,0,0,0.0,0
CR0019,2025-10,5,28881,2023.1,410
CR0019,2025-11,6,20178,2500.6,251
CR0019,2025-12,4,18438,1636.0,158
CR0020,2025-01,6,77104,5003.9,1106
CR0020,2025-02,2,87005,7931.0,714
CR0020,2025-03,3,83991,9727.1,894
CR0020,2025-04,6,199367,23090.2,2341
CR0020,2025-05,0,0,0.0,0
CR0020,2025-06,4,112606,7470.6,844
CR0020,2025-07,8,75068,8464.9,653
CR0020,2025-08,7,93900,5868.9,1129
CR0020,2025-09,6,210466,20337.9,1864
CR0020,2025-10,7,86120,12773.9,733
CR0020,2025-11,6,166587,24782.1,2404
CR0020,2025-12,5,145049,8786.3,671
CR0021,2025-01,7,31711,2593.9,227
CR0021,2025-02,5,20044,1461.6,199
CR0021,2025-03,5,35164,4360.9,320
CR0021,2025-04,0,0,0.0,0
CR0021,2025-05,0,0,0.0,0
CR0021,2025-06,0,0,0.0,0
CR0021,2025-07,3,34751,2053.8,412
CR0021,2025-08,0,0,0.0,0
CR0021,2025-09,5,18504,1989.7,245
CR0021,2025-10,0,0,0.0,0
CR0021,2025-11,4,37203,5146.0,224
CR0021,2025-12,1,40682,4518.9,503
CR0022,2025-01,4,13133,1532.7,174
CR0022,2025-02,2,9033,1181.7,64
CR0022,2025-03,5,12571,1548.6,50
CR0022,2025-04,3,8543,855.2,67
CR0022,2025-05,1,8374,910.3,61
CR0022,2025-06,4,10829,802.7,99
CR0022,2025-07,4,14918,1743.0,126
CR0022,2025-08,5,8984,831.4,67
CR0022,2025-09,4,14358,1383.9,214
CR0022,2025-10,1,8265,620.4,78
CR0022,2025-11,0,0,0.0,0
CR0022,2025-12,8,14876,1518.1,138
CR0023,2025-01,10,229723,32779.4,1458
CR0023,2025-02,8,300994,23933.8,1453
CR0023,2025-03,13,396005,29933.5,2398
CR0023,2025-04,5,210747,27525.4,2570
CR0023,2025-05,8,373009,41150.5,2469
CR0023,2025-06,12,222397,16967.8,1921
CR0023,2025-07,9,343966,44441.5,2531
CR0023,2025-08,12,435793,27378.2,2161
CR0023,2025-09,8,295568,28986.4,2794
CR0023,2025-10,11,234029,32611.8,1855
CR0023,2025-11,4,315324,32746.1,3357
CR0023,2025-12,12,171619,15817.7,1609
CR0024,2025-01,1,17845,1764.8,134
CR0024,2025-02,0,0,0.0,0
CR0024,2025-03,3,15975,2125.2,83
CR0024,2025-04,4,22179,2184.7,313
CR0024,2025-05,3,37073,5412.9,233
CR0024,2025-06,2,24486,2537.7,105
CR0024,2025-07,8,22952,2950.1,133
CR0024,2025-08,3,29073,4078.9,339
CR0024,2025-09,2,24271,2157.4,172
CR0024,2025-10,6,26091,3600.1,147
CR0024,2025-11,0,0,0.0,0
CR0024,2025-12,3,26852,3742.2,221
CR0025,2025-01,7,61630,4624.2,629
CR0025,2025-02,3,76467,8047.3,401
CR0025,2025-03,7,86209,9089.1,797
CR0025,2025-04,10,63149,8140.6,497
CR0025,2025-05,4,80381,5544.2,867
CR0025,2025-06,9,63169,4079.4,530
CR0025,2025-07,4,78226,11709.8,722
CR0025,2025-08,4,82328,7301.8,795
CR0025,2025-09,3,96335,12467.5,1068
CR0025,2025-10,10,103522,9620.1,740
CR0025,2025-11,10,85084,7171.8,622
CR0025,2025-12,4,87523,7643.6,1057
CR0026,2025-01,2,8705,885.8,66
CR0026,2025-02,5,13882,1255.6,127
CR0026,2025-03,3,13849,1472.0,166
CR0026,2025-04,4,10126,690.1,90
CR0026,2025-05,3,19415,1234.9,154
CR0026,2025-06,0,0,0.0,0
CR0026,2025-07,3,16114,1005.3,147
CR0026,2025-08,1,16587,2183.7,99
CR0026,2025-09,3,8700,1067.3,101
CR0026,2025-10,4,16394,2417.5,211
CR0026,2025-11,4,15074,1979.6,106
CR0026,2025-12,6,12084,821.9,97
CR0027,2025-01,12,155226,9921.8,1450
CR0027,2025-02,8,185936,22583.7,1138
CR0027,2025-03,11,276111,23170.9,3707
CR0027,2025-04,11,223931,17557.7,3171
CR0027,2025-05,16,213129,28704.6,951
CR0027,2025-06,11,288798,35486.3,3584
CR0027,2025-07,7,302138,27968.8,3409
CR0027,2025-08,5,164328,21688.0,1921
CR0027,2025-09,9,350372,45420.0,3278
CR0027,2025-10,14,175153,22930.4,1373
CR0027,2025-11,8,339092,23247.1,4151
CR0027,2025-12,9,223992,33000.9,3200
CR0028,2025-01,7,159626,16592.6,822
CR0028,2025-02,6,182522,14581.8,1353
CR0028,2025-03,10,172771,19742.2,1273
CR0028,2025-04,6,142915,9072.3,969
CR0028,2025-05,7,145858,16872.2,1113
CR0028,2025-06,6,135331,18789.9,1465
CR0028,2025-07,7,209049,23165.4,2674
CR0028,2025-08,7,159213,13502.9,1755
CR0028,2025-09,7,217332,18102.0,2206
CR0028,2025-10,9,145095,11313.9,1347
CR0028,2025-11,8,163373,20556.5,851
CR0028,2025-12,7,243049,32327.3,1023
CR0029,2025-01,5,23271,1410.5,106
CR0029,2025-02,4,16321,1264.7,154
CR0029,2025-03,3,19878,2585.8,93
CR0029,2025-04,6,11533,846.7,163
CR0029,2025-05,3,11920,890.2,146
CR0029,2025-06,5,16435,1688.8,126
CR0029,2025-07,5,11208,753.8,164
CR0029,2025-08,3,16959,1385.1,233
CR0029,2025-09,4,7690,480.3,94
CR0029,2025-10,6,12340,897.2,165
CR0029,2025-11,0,0,0.0,0
CR0029,2025-12,2,10137,1293.8,113
CR0030,2025-01,3,26034,1889.1,265
CR0030,2025-02,0,0,0.0,0
CR0030,2025-03,5,13631,1514.0,121
CR0030,2025-04,4,12435,1249.7,136
CR0030,2025-05,4,33424,2038.3,439
CR0030,2025-06,3,29631,4272.3,129
CR0030,2025-07,6,27078,3554.7,215
CR0030,2025-08,4,18853,2590.0,201
CR0030,2025-09,5,27323,3747.2,253
CR0030,2025-10,0,0,0.0,0
CR0030,2025-11,4,17195,1843.9,121
CR0030,2025-12,2,22209,2683.0,255
CR0031,2025-01,3,19824,2740.6,246
CR0031,2025-02,0,0,0.0,0
CR0031,2025-03,3,16965,1628.8,129
CR0031,2025-04,4,15101,1143.7,164
CR0031,2025-05,2,24325,3144.4,109
CR0031,2025-06,4,14634,904.6,108
CR0031,2025-07,7,21141,1484.3,292
CR0031,2025-08,4,13830,1666.3,61
CR0031,2025-09,3,12844,1166.8,124
CR0031,2025-10,4,21167,2653.7,142
CR0031,2025-11,1,18925,2831.7,267
CR0031,2025-12,2,21674,3022.3,305
CR0032,2025-01,5,13036,1135.9,116
CR0032,2025-02,3,14786,1220.6,66
CR0032,2025-03,0,0,0.0,0
CR0032,2025-04,4,11130,736.6,149
CR0032,2025-05,2,14451,2111.0,195
CR0032,2025-06,1,16961,1748.5,206
CR0032,2025-07,2,18899,2269.3,97
CR0032,2025-08,1,27494,2275.1,244
CR0032,2025-09,4,19799,2054.0,198
CR0032,2025-10,3,17961,1998.7,113
CR0032,2025-11,0,0,0.0,0
CR0032,2025-12,3,18003,1762.1,228
CR0033,2025-01,8,63327,7817.3,376
CR0033,2025-02,3,71228,9599.5,291
CR0033,2025-03,9,62818,7784.6,544
CR0033,2025-04,6,60391,8895.4,583
CR0033,2025-05,4,63600,8941.7,287
CR0033,2025-06,11,67357,6216.1,601
CR0033,2025-07,4,102456,10650.4,1009
CR0033,2025-08,0,0,0.0,0
CR0033,2025-09,5,150965,21387.9,863
CR0033,2025-10,6,95285,10166.7,432
CR0033,2025-11,5,79024,7817.4,477
CR0033,2025-12,7,101446,10718.5,1086
CR0034,2025-01,15,200556,25246.4,1982
CR0034,2025-02,5,228443,27046.4,2622
CR0034,2025-03,11,129973,12985.5,1421
CR0034,2025-04,6,110965,7224.6,1063
CR0034,2025-05,12,121029,13847.8,1307
CR0034,2025-06,8,145500,11131.8,1306
CR0034,2025-07,6,151951,9877.5,1801
CR0034,2025-08,12,174452,18940.4,2045
CR0034,2025-09,12,271818,26939.0,1136
CR0034,2025-10,0,0,0.0,0
CR0034,2025-11,9,103542,12453.0,609
CR0034,2025-12,7,271105,28884.2,2270
CR0035,2025-01,6,335019,49045.8,4550
CR0035,2025-02,7,399594,42335.9,4468
CR0035,2025-03,11,360321,21866.2,2589
CR0035,2025-04,0,0,0.0,0
CR0035,2025-05,4,360828,52379.5,4309
CR0035,2025-06,9,534498,78276.6,7212
CR0035,2025-07,9,259555,33345.4,3066
CR0035,2025-08,7,565156,84568.2,7686
CR0035,2025-09,6,405603,46693.7,2772
CR0035,2025-10,8,471396,44952.8,4068
CR0035,2025-11,10,416778,49821.4,3580
CR0035,2025-12,13,500121,45133.0,5457
CR0036,2025-01,3,10400,1069.5,114
CR0036,2025-02,4,8320,894.8,71
CR0036,2025-03,2,10487,952.6,82
CR0036,2025-04,8,5089,586.3,40
CR0036,2025-05,6,10351,829.0,98
CR0036,2025-06,0,0,0.0,0
CR0036,2025-07,3,12213,970.1,177
CR0036,2025-08,5,8747,1017.8,73
CR0036,2025-09,4,9638,1097.9,117
CR0036,2025-10,3,9489,938.9,75
CR0036,2025-11,4,8773,1219.4,106
CR0036,2025-12,4,8915,1039.7,72
CR0037,2025-01,0,0,0.0,0
CR0037,2025-02,3,15028,2208.2,103
CR0037,2025-03,4,13282,1289.8,59
CR0037,2025-04,3,16412,1759.6,112
CR0037,2025-05,1,14111,1117.9,72
CR0037,2025-06,7,21204,2615.6,214
CR0037,2025-07,6,12188,723.4,85
CR0037,2025-08,0,0,0.0,0
CR0037,2025-09,3,18115,1953.6,270
CR0037,2025-10,5,14168,1735.3,86
CR0037,2025-11,3,21608,1926.2,317
CR0037,2025-12,2,20096,2090.7,237
CR0038,2025-01,0,0,0.0,0
CR0038,2025-02,2,24013,2627.1,320
CR0038,2025-03,3,17779,1920.0,165
CR0038,2025-04,4,14033,1858.2,190
CR0038,2025-05,5,19860,1702.1,186
CR0038,2025-06,9,23367,2905.1,121
CR0038,2025-07,7,13204,1552.1,145
CR0038,2025-08,4,17429,1427.9,228
CR0038,2025-09,4,23664,1421.3,241
CR0038,2025-10,4,27683,1692.7,292
CR0038,2025-11,3,23358,2795.9,119
CR0038,2025-12,1,17898,1872.7,130
CR0039,2025-01,5,17597,2248.9,254
CR0039,2025-02,1,7427,656.9,55
CR0039,2025-03,4,9978,785.8,53
CR0039,2025-04,0,0,0.0,0
CR0039,2025-05,2,11699,1351.7,142
CR0039,2025-06,3,13799,1746.3,66
CR0039,2025-07,0,0,0.0,0
CR0039,2025-08,1,11915,1518.4,143
CR0039,2025-09,7,15964,1905.3,227
CR0039,2025-10,0,0,0.0,0
CR0039,2025-11,6,9839,770.4,73
CR0039,2025-12,5,14014,1265.2,89
CR0040,2025-01,3,14516,1303.5,145
CR0040,2025-02,0,0,0.0,0
CR0040,2025-03,1,13943,1136.1,175
CR0040,2025-04,2,15701,1984.5,145
CR0040,2025-05,2,14850,1618.7,170
CR0040,2025-06,6,9027,833.3,50
CR0040,2025-07,2,16903,1013.8,87
CR0040,2025-08,5,14277,1980.8,145
CR0040,2025-09,0,0,0.0,0
CR0040,2025-10,3,17027,1212.1,103
CR0040,2025-11,5,19051,1971.7,153
CR0040,2025-12,0,0,0.0,0
CR0041,2025-01,3,14236,1864.1,126
CR0041,2025-02,5,18338,2635.1,168
CR0041,2025-03,3,12563,1592.1,187
CR0041,2025-04,4,16769,2006.7,70
CR0041,2025-05,0,0,0.0,0
CR0041,2025-06,4,18509,1511.0,128
CR0041,2025-07,6,16226,2075.2,142
CR0041,2025-08,1,14495,1785.7,153
CR0041,2025-09,5,27560,3860.1,392
CR0041,2025-10,5,13132,788.9,71
CR0041,2025-11,3,19318,1486.7,106
CR0041,2025-12,4,25421,1509.8,125
CR0042,2025-01,3,15011,2172.0,143
CR0042,2025-02,5,13138,1078.2,81
CR0042,2025-03,4,21805,3102.3,288
CR0042,2025-04,2,10266,641.2,92
CR0042,2025-05,4,12065,1036.8,157
CR0042,2025-06,3,10241,1159.2,124
CR0042,2025-07,7,10929,1245.4,109
CR0042,2025-08,7,14328,1577.0,137
CR0042,2025-09,6,9133,797.3,92
CR0042,2025-10,3,11716,1740.2,55
CR0042,2025-11,6,15116,1165.0,151
CR0042,2025-12,3,20770,1266.8,282
CR0043,2025-01,8,99221,6756.4,793
CR0043,2025-02,4,122621,17472.7,975
CR0043,2025-03,2,96662,13329.0,1049
CR0043,2025-04,3,93809,6604.6,460
CR0043,2025-05,5,78122,10628.9,850
CR0043,2025-06,6,106938,6444.7,632
CR0043,2025-07,7,83816,7004.8,1072
CR0043,2025-08,7,83964,6301.8,837
CR0043,2025-09,12,61794,8113.5,336
CR0043,2025-10,5,108216,7426.6,744
CR0043,2025-11,11,91754,7697.2,449
CR0043,2025-12,7,100479,11512.3,1385
CR0044,2025-01,5,15721,1584.6,76
CR0044,2025-02,4,19126,2311.5,172
CR0044,2025-03,3,13703,821.3,110
CR0044,2025-04,0,0,0.0,0
CR0044,2025-05,1,14876,2160.0,150
CR0044,2025-06,3,14814,1478.6,197
CR0044,2025-07,4,23001,1690.3,129
CR0044,2025-08,3,27324,3054.5,297
CR0044,2025-09,0,0,0.0,0
CR0044,2025-10,0,0,0.0,0
CR0044,2025-11,5,22621,2277.7,189
CR0044,2025-12,4,39704,3083.7,444
CR0045,2025-01,3,75238,5493.2,308
CR0045,2025-02,6,67597,4738.0,782
CR0045,2025-03,8,60106,3785.7,601
CR0045,2025-04,0,0,0.0,0
CR0045,2025-05,5,87749,6482.6,791
CR0045,2025-06,5,131772,11480.9,1506
CR0045,2025-07,5,112694,12197.9,1650
CR0045,2025-08,5,106066,10980.2,590
CR0045,2025-09,4,81007,9241.7,742
CR0045,2025-10,3,129332,18105.0,1845
CR0045,2025-11,6,99256,6069.7,704
CR0045,2025-12,3,92992,13377.1,1247
CR0046,2025-01,6,379761,30109.6,4322
CR0046,2025-02,9,360750,51572.0,4490
CR0046,2025-03,9,369982,50857.8,1927
CR0046,2025-04,9,334631,39816.1,2490
CR0046,2025-05,8,353777,52459.1,4392
CR0046,2025-06,7,316615,34799.2,4252
CR0046,2025-07,7,355494,50257.8,3037
CR0046,2025-08,5,588844,70534.5,5111
CR0046,2025-09,8,414467,34226.1,5296
CR0046,2025-10,10,374061,46063.8,3710
CR0046,2025-11,9,528527,62737.7,4696
CR0046,2025-12,6,548551,38885.9,6145
CR0047,2025-01,3,8886,554.8,110
CR0047,2025-02,0,0,0.0,0
CR0047,2025-03,3,16638,1163.2,227
CR0047,2025-04,7,14535,1789.8,60
CR0047,2025-05,2,10482,838.3,125
CR0047,2025-06,1,12936,1771.5,110
CR0047,2025-07,4,16681,1719.6,163
CR0047,2025-08,1,13828,1804.2,198
CR0047,2025-09,5,16776,1134.2,245
CR0047,2025-10,0,0,0.0,0
CR0047,2025-11,6,29531,4088.0,280
CR0047,2025-12,0,0,0.0,0
CR0048,2025-01,2,26165,3401.4,140
CR0048,2025-02,4,10966,1014.6,65
CR0048,2025-03,0,0,0.0,0
CR0048,2025-04,2,24136,1717.6,159
CR0048,2025-05,6,19215,1915.6,284
CR0048,2025-06,2,21891,2652.3,195
CR0048,2025-07,6,27299,2769.8,377
CR0048,2025-08,3,20802,1495.5,300
CR0048,2025-09,4,20395,1755.8,191
CR0048,2025-10,2,20610,2284.1,92
CR0048,2025-11,4,28181,3810.5,213
CR0048,2025-12,2,21833,3220.0,157
CR0049,2025-01,3,18604,1126.9,243
CR0049,2025-02,6,17592,2313.4,245
CR0049,2025-03,3,17754,1564.2,86
CR0049,2025-04,5,47399,6097.2,576
CR0049,2025-05,5,16967,1191.1,180
CR0049,2025-06,2,20290,2499.4,281
CR0049,2025-07,4,18407,2206.1,129
CR0049,2025-08,2,16592,1907.1,238
CR0049,2025-09,6,44006,4657.7,356
CR0049,2025-10,3,16707,1813.3,92
CR0049,2025-11,5,41274,5306.4,379
CR0049,2025-12,2,20132,1349.2,205
CR0050,2025-01,2,15182,1632.2,123
CR0050,2025-02,1,13350,1115.0,125
CR0050,2025-03,0,0,0.0,0
CR0050,2025-04,4,26521,3717.5,131
CR0050,2025-05,0,0,0.0,0
CR0050,2025-06,4,15879,1884.0,175
CR0050,2025-07,0,0,0.0,0
CR0050,2025-08,2,11671,1720.2,124
CR0050,2025-09,5,27440,3432.3,336
CR0050,2025-10,4,34000,3982.9,369
CR0050,2025-11,2,15672,1360.4,128
CR0050,2025-12,4,33951,4616.1,155
CR0051,2025-01,6,74462,8569.2,496
CR0051,2025-02,7,79446,8908.0,523
CR0051,2025-03,7,82353,7705.0,485
CR0051,2025-04,4,80486,7557.2,340
CR0051,2025-05,6,98741,8081.0,609
CR0051,2025-06,7,93110,7706.1,1057
CR0051,2025-07,4,99654,9371.2,1223
CR0051,2025-08,7,121532,9284.5,1085
CR0051,2025-09,7,126087,16116.7,849
CR0051,2025-10,0,0,0.0,0
CR0051,2025-11,5,177200,18057.1,1304
CR0051,2025-12,6,151826,19048.5,1413
CR0052,2025-01,0,0,0.0,0
CR0052,2025-02,3,14158,981.6,94
CR0052,2025-03,4,13269,1935.0,62
CR0052,2025-04,5,13408,1020.6,132
CR0052,2025-05,6,16452,1763.4,238
CR0052,2025-06,4,13851,1943.8,71
CR0052,2025-07,4,25292,2482.5,258
CR0052,2025-08,4,23033,2272.2,247
CR0052,2025-09,5,16309,956.6,111
CR0052,2025-10,0,0,0.0,0
CR0052,2025-11,1,30884,3823.4,294
CR0052,2025-12,4,20883,2879.4,156
CR0053,2025-01,2,22509,3318.7,326
CR0053,2025-02,4,16059,1828.0,72
CR0053,2025-03,3,22637,2995.3,97
CR0053,2025-04,6,16046,1525.7,121
CR0053,2025-05,4,12618,1362.8,102
CR0053,2025-06,0,0,0.0,0
CR0053,2025-07,6,32929,4518.2,307
CR0053,2025-08,3,29971,2056.3,284
CR0053,2025-09,4,13625,1196.8,167
CR0053,2025-10,5,20681,1751.5,307
CR0053,2025-11,7,17878,1158.1,256
CR0053,2025-12,5,27204,3865.2,350
CR0054,2025-01,5,110852,7978.4,757
CR0054,2025-02,9,114631,8201.7,559
CR0054,2025-03,9,97259,12789.8,564
CR0054,2025-04,6,129602,19185.4,631
CR0054,2025-05,4,83725,11273.5,1064
CR0054,2025-06,11,78231,6776.2,1082
CR0054,2025-07,4,124568,11044.0,980
CR0054,2025-08,5,71551,8594.0,871
CR0054,2025-09,5,93188,10128.7,402
CR0054,2025-10,5,115908,9236.0,714
CR0054,2025-11,6,62220,6511.3,827
CR0054,2025-12,5,160499,14099.6,2264
CR0055,2025-01,6,93257,12286.5,924
CR0055,2025-02,5,113219,14910.9,836
CR0055,2025-03,5,72673,7043.0,562
CR0055,2025-04,14,142181,13658.3,1808
CR0055,2025-05,8,131757,10249.9,1244
CR0055,2025-06,4,144926,20579.0,1887
CR0055,2025-07,3,114344,13262.5,1341
CR0055,2025-08,6,102744,12961.5,439
CR0055,2025-09,4,105612,6290.1,897
CR0055,2025-10,4,126984,15921.7,1253
CR0055,2025-11,6,114331,7621.8,1542
CR0055,2025-12,5,109536,9992.0,1617
CR0056,2025-01,4,24816,1640.0,355
CR0056,2025-02,0,0,0.0,0
CR0056,2025-03,4,27220,2711.4,313
CR0056,2025-04,0,0,0.0,0
CR0056,2025-05,2,34432,3838.1,339
CR0056,2025-06,3,17672,2070.9,132
CR0056,2025-07,0,0,0.0,0
CR0056,2025-08,0,0,0.0,0
CR0056,2025-09,3,26746,1956.8,202
CR0056,2025-10,7,27104,2019.4,110
CR0056,2025-11,7,22287,2297.2,286
CR0056,2025-12,4,37437,2585.5,451
CR0057,2025-01,7,180945,19234.8,972
CR0057,2025-02,5,180998,23461.2,2380
CR0057,2025-03,11,243274,27917.6,1642
CR0057,2025-04,7,197070,18899.8,2695
CR0057,2025-05,6,146911,10052.8,1350
CR0057,2025-06,10,361294,51645.0,4651
CR0057,2025-07,8,201279,26103.7,971
CR0057,2025-08,0,0,0.0,0
CR0057,2025-09,7,211625,26850.9,1776
CR0057,2025-10,9,356994,48810.9,5244
CR0057,2025-11,11,286534,23913.2,1387
CR0057,2025-12,7,187179,11910.7,2592
CR0058,2025-01,8,39034,4884.9,512
CR0058,2025-02,4,39122,3409.2,341
CR0058,2025-03,4,40178,3231.8,282
CR0058,2025-04,7,54028,6488.7,576
CR0058,2025-05,8,49492,3498.8,498
CR0058,2025-06,4,67480,5192.6,414
CR0058,2025-07,0,0,0.0,0
CR0058,2025-08,6,72561,7891.2,623
CR0058,2025-09,0,0,0.0,0
CR0058,2025-10,4,87350,5669.5,427
CR0058,2025-11,6,58821,3557.5,288
CR0058,2025-12,6,56787,5153.0,850
CR0059,2025-01,3,33398,2633.7,344
CR0059,2025-02,6,48250,4077.6,664
CR0059,2025-03,5,56631,7773.3,664
CR0059,2025-04,9,47525,4365.3,687
CR0059,2025-05,7,82615,12269.3,878
CR0059,2025-06,4,56281,3942.9,323
CR0059,2025-07,4,105207,10284.8,793
CR0059,2025-08,8,31285,3061.9,331
CR0059,2025-09,4,59738,7666.3,290
CR0059,2025-10,6,42037,4755.9,627
CR0059,2025-11,9,44082,4154.7,430
CR0059,2025-12,5,74139,11120.1,645
CR0060,2025-01,5,60151,7565.4,250
CR0060,2025-02,0,0,0.0,0
CR0060,2025-03,5,50296,3440.4,346
CR0060,2025-04,6,45429,5941.5,639
CR0060,2025-05,5,57111,4481.0,376
CR0060,2025-06,3,37600,5528.7,484
CR0060,2025-07,6,68422,7638.9,842
CR0060,2025-08,4,86792,5158.8,412
CR0060,2025-09,2,57744,5828.5,532
CR0060,2025-10,6,60220,4846.8,365
CR0060,2025-11,6,91256,7603.3,1245
CR0060,2025-12,0,0,0.0,0
CR0061,2025-01,2,19306,2565.4,146
CR0061,2025-02,0,0,0.0,0
CR0061,2025-03,4,24404,2984.0,207
CR0061,2025-04,3,21126,1236.2,159
CR0061,2025-05,0,0,0.0,0
CR0061,2025-06,5,23927,3453.2,252
CR0061,2025-07,7,15436,2120.0,187
CR0061,2025-08,4,41000,4012.6,240
CR0061,2025-09,1,32935,2029.1,181
CR0061,2025-10,7,29503,3997.1,228
CR0061,2025-11,4,22959,1686.3,333
CR0061,2025-12,3,24972,1747.7,212
CR0062,2025-01,4,211506,25098.3,1218
CR0062,2025-02,7,133568,9526.3,1601
CR0062,2025-03,8,190759,14895.0,992
CR0062,2025-04,7,216795,26069.4,1778
CR0062,2025-05,4,232142,16501.7,2572
CR0062,2025-06,6,221476,22828.8,2182
CR0062,2025-07,9,202158,24005.2,2427
CR0062,2025-08,5,303758,28882.9,1265
CR0062,2025-09,11,253931,24688.0,2610
CR0062,2025-10,8,284309,20892.6,4008
CR0062,2025-11,5,165684,17919.2,1519
CR0062,2025-12,4,243225,16367.6,2877
CR0063,2025-01,2,73105,8092.9,339
CR0063,2025-02,3,78225,7199.4,640
CR0063,2025-03,4,69363,4752.6,772
CR0063,2025-04,7,89015,5617.6,910
CR0063,2025-05,7,74445,8922.5,530
CR0063,2025-06,4,73933,4573.4,326
CR0063,2025-07,5,66757,9019.8,710
CR0063,2025-08,4,101622,11766.0,805
CR0063,2025-09,9,75066,8268.3,1013
CR0063,2025-10,6,115713,11005.3,1467
CR0063,2025-11,0,0,0.0,0
CR0063,2025-12,7,65043,5304.9,761
CR0064,2025-01,4,14462,1213.8,155
CR0064,2025-02,5,20527,2197.7,195
CR0064,2025-03,4,32733,3617.5,222
CR0064,2025-04,4,23451,1904.3,109
CR0064,2025-05,0,0,0.0,0
CR0064,2025-06,4,25698,2873.3,356
CR0064,2025-07,1,23785,1959.8,171
CR0064,2025-08,9,26989,1785.3,264
CR0064,2025-09,4,24507,2485.8,300
CR0064,2025-10,4,24576,2384.8,315
CR0064,2025-11,3,32581,4436.8,229
CR0064,2025-12,4,19214,1664.3,95
CR0065,2025-01,11,102905,11985.1,486
CR0065,2025-02,5,189647,15540.6,1153
CR0065,2025-03,9,132629,16691.9,1121
CR0065,2025-04,9,214547,21954.4,1378
CR0065,2025-05,8,122900,17507.3,1410
CR0065,2025-06,8,184171,22216.8,2506
CR0065,2025-07,8,127488,12959.6,1120
CR0065,2025-08,6,108160,10834.7,1140
CR0065,2025-09,0,0,0.0,0
CR0065,2025-10,15,196930,21943.7,1154
CR0065,2025-11,11,111283,11307.5,1028
CR0065,2025-12,7,104684,7883.0,938
CR0066,2025-01,9,34738,2452.7,200
CR0066,2025-02,6,25210,1830.4,329
CR0066,2025-03,6,16688,2327.4,140
CR0066,2025-04,4,17220,1988.8,79
CR0066,2025-05,5,20375,1980.8,194
CR0066,2025-06,2,26823,3206.4,267
CR0066,2025-07,7,15692,957.0,232
CR0066,2025-08,4,21782,3008.5,193
CR0066,2025-09,4,20176,2252.8,117
CR0066,2025-10,0,0,0.0,0
CR0066,2025-11,4,18428,1551.4,176
CR0066,2025-12,4,20240,2081.3,203
CR0067,2025-01,6,39332,4320.3,495
CR0067,2025-02,6,60995,7203.1,433
CR0067,2025-03,7,52299,7770.9,239
CR0067,2025-04,5,44420,3236.6,234
CR0067,2025-05,5,34587,2527.4,461
CR0067,2025-06,7,58938,3464.4,549
CR0067,2025-07,3,62818,6716.0,505
CR0067,2025-08,5,82929,8647.4,489
CR0067,2025-09,6,55775,5500.5,302
CR0067,2025-10,8,78156,5757.6,626
CR0067,2025-11,2,61217,3932.9,712
CR0067,2025-12,5,70852,8829.9,933
CR0068,2025-01,5,65939,8835.4,568
CR0068,2025-02,3,74337,8780.6,486
CR0068,2025-03,0,0,0.0,0
CR0068,2025-04,7,65346,4375.1,333
CR0068,2025-05,0,0,0.0,0
CR0068,2025-06,5,70541,10506.1,580
CR0068,2025-07,0,0,0.0,0
CR0068,2025-08,3,79588,10315.6,539
CR0068,2025-09,0,0,0.0,0
CR0068,2025-10,0,0,0.0,0
CR0068,2025-11,2,63457,4419.0,657
CR0068,2025-12,6,159569,21278.1,1114
CR0069,2025-01,6,136270,10511.6,1818
CR0069,2025-02,7,82962,10066.5,1091
CR0069,2025-03,4,119319,11915.5,1467
CR0069,2025-04,6,161290,11140.7,857
CR0069,2025-05,2,119650,17542.6,729
CR0069,2025-06,0,0,0.0,0
CR0069,2025-07,7,125569,14899.9,946
CR0069,2025-08,3,81583,6800.1,1222
CR0069,2025-09,6,188495,17603.7,1840
CR0069,2025-10,6,202343,25392.6,1676
CR0069,2025-11,5,148479,17266.1,1904
CR0069,2025-12,0,0,0.0,0
CR0070,2025-01,3,93650,9686.2,723
CR0070,2025-02,0,0,0.0,0
CR0070,2025-03,0,0,0.0,0
CR0070,2025-04,6,93276,7736.6,1278
CR0070,2025-05,7,129589,10138.2,722
CR0070,2025-06,5,84697,8056.7,966
CR0070,2025-07,8,147406,10926.4,1291
CR0070,2025-08,5,157367,12084.5,1551
CR0070,2025-09,5,141833,10863.5,638
CR0070,2025-10,0,0,0.0,0
CR0070,2025-11,6,115845,13733.8,1246
CR0070,2025-12,9,150227,17304.0,1147
CR0071,2025-01,2,11775,1053.5,103
CR0071,2025-02,0,0,0.0,0
CR0071,2025-03,6,17863,1435.0,186
CR0071,2025-04,4,12660,771.0,115
CR0071,2025-05,2,15040,1554.1,144
CR0071,2025-06,2,17678,1310.2,150
CR0071,2025-07,7,10751,959.0,140
CR0071,2025-08,0,0,0.0,0
CR0071,2025-09,7,12281,1245.1,106
CR0071,2025-10,5,10462,989.2,138
CR0071,2025-11,7,18306,2382.8,132
CR0071,2025-12,5,19710,1831.2,287
CR0072,2025-01,4,129070,16424.3,1545
CR0072,2025-02,3,76362,6928.9,523
CR0072,2025-03,8,166196,20465.9,2104
CR0072,2025-04,8,78504,4968.5,840
CR0072,2025-05,9,112175,11044.1,637
CR0072,2025-06,7,153651,21906.4,1763
CR0072,2025-07,8,141414,13846.9,761
CR0072,2025-08,3,230870,29895.6,3408
CR0072,2025-09,8,116874,16365.5,901
CR0072,2025-10,11,218982,13548.1,932
CR0072,2025-11,7,149353,20972.2,2203
CR0072,2025-12,8,145525,17698.5,743
CR0073,2025-01,0,0,0.0,0
CR0073,2025-02,6,15334,2223.1,188
CR0073,2025-03,3,14041,1516.8,115
CR0073,2025-04,4,12584,1090.7,57
CR0073,2025-05,3,19222,2196.7,162
CR0073,2025-06,4,15196,1079.0,104
CR0073,2025-07,6,10393,1141.9,41
CR0073,2025-08,5,19620,2400.4,106
CR0073,2025-09,2,8172,1159.3,109
CR0073,2025-10,0,0,0.0,0
CR0073,2025-11,3,22825,3011.1,314
CR0073,2025-12,0,0,0.0,0
CR0074,2025-01,10,57520,3713.5,414
CR0074,2025-02,6,52738,4609.2,655
CR0074,2025-03,9,56905,7587.0,257
CR0074,2025-04,6,57212,7893.5,546
CR0074,2025-05,5,68180,7954.0,967
CR0074,2025-06,6,83870,10454.4,337
CR0074,2025-07,4,92748,7330.4,1051
CR0074,2025-08,7,60737,5213.9,248
CR0074,2025-09,5,67912,10081.6,916
CR0074,2025-10,2,54424,7110.5,746
CR0074,2025-11,5,73856,9808.1,1070
CR0074,2025-12,3,99187,9628.3,746
CR0075,2025-01,5,19887,1520.6,156
CR0075,2025-02,2,19374,1502.4,95
CR0075,2025-03,4,30023,2038.1,437
CR0075,2025-04,4,14620,1798.7,195
CR0075,2025-05,0,0,0.0,0
CR0075,2025-06,6,12360,1550.3,150
CR0075,2025-07,0,0,0.0,0
CR0075,2025-08,0,0,0.0,0
CR0075,2025-09,2,20028,2907.5,176
CR0075,2025-10,5,22978,2177.6,310
CR0075,2025-11,5,23745,2877.9,122
CR0075,2025-12,4,36513,2889.9,263
CR0076,2025-01,0,0,0.0,0
CR0076,2025-02,4,25829,1739.4,364
CR0076,2025-03,3,39718,3541.9,540
CR0076,2025-04,3,19580,2361.2,276
CR0076,2025-05,3,24425,1931.4,272
CR0076,2025-06,3,38553,3124.5,433
CR0076,2025-07,2,41772,3850.9,375
CR0076,2025-08,5,22348,2773.0,330
CR0076,2025-09,0,0,0.0,0
CR0076,2025-10,3,28429,2004.2,422
CR0076,2025-11,2,36700,4826.0,216
CR0076,2025-12,0,0,0.0,0
CR0077,2025-01,4,141803,12722.3,1177
CR0077,2025-02,3,118173,7826.2,1334
CR0077,2025-03,5,168660,20979.6,2112
CR0077,2025-04,6,135151,9338.9,1184
CR0077,2025-05,6,128257,12930.6,1752
CR0077,2025-06,6,123465,12980.5,578
CR0077,2025-07,10,89435,7478.8,973
CR0077,2025-08,7,177899,24111.4,1574
CR0077,2025-09,5,125336,7351.4,1872
CR0077,2025-10,5,169613,14402.9,1743
CR0077,2025-11,4,126955,9519.9,1269
CR0077,2025-12,6,189607,16613.7,1279
CR0078,2025-01,4,47487,3778.1,625
CR0078,2025-02,6,50851,7237.4,507
CR0078,2025-03,4,56312,6892.7,709
CR0078,2025-04,0,0,0.0,0
CR0078,2025-05,4,61073,6254.8,875
CR0078,2025-06,6,51226,6844.6,286
CR0078,2025-07,7,57630,8105.3,786
CR0078,2025-08,5,56415,6970.6,457
CR0078,2025-09,12,28939,3628.5,338
CR0078,2025-10,3,63050,8895.8,687
CR0078,2025-11,5,69014,4788.5,419
CR0078,2025-12,6,58576,5466.4,870
CR0079,2025-01,4,20450,1725.6,284
CR0079,2025-02,5,20763,1790.3,168
CR0079,2025-03,0,0,0.0,0
CR0079,2025-04,3,16701,2136.2,103
CR0079,2025-05,1,14425,1076.1,95
CR0079,2025-06,2,18775,2792.3,113
CR0079,2025-07,2,13222,1545.6,188
CR0079,2025-08,0,0,0.0,0
CR0079,2025-09,3,13601,1587.6,173
CR0079,2025-10,3,29224,3910.6,194
CR0079,2025-11,5,11813,1137.5,59
CR0079,2025-12,3,29031,2328.4,195
CR0080,2025-01,9,151220,13950.8,1041
CR0080,2025-02,6,213820,14350.5,2807
CR0080,2025-03,6,162448,13211.9,1095
CR0080,2025-04,0,0,0.0,0
CR0080,2025-05,1,211222,22112.7,1666
CR0080,2025-06,8,164627,17829.2,1287
CR0080,2025-07,7,155290,21952.4,2186
CR0080,2025-08,6,195262,24151.5,1072
CR0080,2025-09,5,214127,21421.0,1819
CR0080,2025-10,4,270952,40631.5,3612
CR0080,2025-11,3,158471,11847.0,2029
CR0080,2025-12,0,0,0.0,0
CR0081,2025-01,10,201649,14762.1,2901
CR0081,2025-02,6,142607,17448.5,661
CR0081,2025-03,6,171227,13925.4,2539
CR0081,2025-04,6,160899,17003.6,1729
CR0081,2025-05,4,147982,20634.2,2085
CR0081,2025-06,4,174989,21455.2,1813
CR0081,2025-07,10,160078,19088.4,1554
CR0081,2025-08,9,132602,17158.9,1595
CR0081,2025-09,5,147190,14892.8,1862
CR0081,2025-10,3,161097,15418.7,1585
CR0081,2025-11,4,141184,9363.2,1519
CR0081,2025-12,3,188843,12585.6,2533
CR0082,2025-01,7,338716,47812.6,2773
CR0082,2025-02,7,250765,21160.4,3585
CR0082,2025-03,12,302980,28431.7,4092
CR0082,2025-04,7,322961,45715.6,1733
CR0082,2025-05,12,373895,47058.8,1914
CR0082,2025-06,9,347994,34352.7,2500
CR0082,2025-07,7,219858,17142.1,2163
CR0082,2025-08,3,257916,16128.5,1664
CR0082,2025-09,11,201208,26005.4,2263
CR0082,2025-10,8,267376,35774.0,1971
CR0082,2025-11,10,333810,19948.6,2455
CR0082,2025-12,3,255399,19724.7,1570
CR0083,2025-01,14,266102,25487.6,2658
CR0083,2025-02,10,168972,21249.9,1705
CR0083,2025-03,7,208308,18311.3,874
CR0083,2025-04,9,151574,20255.9,1940
CR0083,2025-05,7,147396,11213.3,1232
CR0083,2025-06,9,138534,11025.6,1995
CR0083,2025-07,11,250983,15877.4,1845
CR0083,2025-08,9,210908,13565.6,1449
CR0083,2025-09,6,174333,12963.2,1404
CR0083,2025-10,10,218612,21598.9,1891
CR0083,2025-11,7,177476,14025.7,2225
CR0083,2025-12,10,268330,29589.8,1951
CR0084,2025-01,6,124432,16471.8,1801
CR0084,2025-02,9,70036,9734.4,989
CR0084,2025-03,6,90530,10534.3,937
CR0084,2025-04,9,107113,12323.1,978
CR0084,2025-05,6,80578,10860.6,446
CR0084,2025-06,6,86380,11100.5,549
CR0084,2025-07,4,105157,13204.8,906
CR0084,2025-08,9,125501,18212.8,595
CR0084,2025-09,10,99471,10318.5,1083
CR0084,2025-10,6,120367,8806.8,1607
CR0084,2025-11,5,127080,16490.4,1773
CR0084,2025-12,10,91664,10160.7,835
CR0085,2025-01,4,30586,2350.2,159
CR0085,2025-02,3,35804,3476.1,481
CR0085,2025-03,0,0,0.0,0
CR0085,2025-04,2,47570,3067.6,314
CR0085,2025-05,4,44638,2970.3,228
CR0085,2025-06,7,51742,5038.8,264
CR0085,2025-07,6,41773,4115.2,531
CR0085,2025-08,8,45825,5079.7,453
CR0085,2025-09,3,66495,6327.0,356
CR0085,2025-10,4,38099,5327.9,475
CR0085,2025-11,3,41046,2575.1,209
CR0085,2025-12,4,42203,4622.9,609
CR0086,2025-01,2,86389,8647.8,598
CR0086,2025-02,9,104123,8290.5,1391
CR0086,2025-03,4,102309,9128.8,1174
CR0086,2025-04,2,149075,19970.9,2200
CR0086,2025-05,8,103596,10063.5,1450
CR0086,2025-06,6,139451,17607.2,2035
CR0086,2025-07,4,113292,14172.9,485
CR0086,2025-08,3,120757,14607.8,1120
CR0086,2025-09,3,148063,18871.2,1312
CR0086,2025-10,5,91448,11190.5,373
CR0086,2025-11,0,0,0.0,0
CR0086,2025-12,9,108209,15897.7,1524
CR0087,2025-01,7,38261,4929.6,264
CR0087,2025-02,7,76440,4555.2,803
CR0087,2025-03,7,48620,4381.7,395
CR0087,2025-04,0,0,0.0,0
CR0087,2025-05,8,45582,6236.3,343
CR0087,2025-06,6,56660,5772.8,305
CR0087,2025-07,6,54102,4730.7,375
CR0087,2025-08,9,83148,7207.5,675
CR0087,2025-09,7,76518,11442.0,632
CR0087,2025-10,7,75901,10562.8,1091
CR0087,2025-11,5,60321,4447.0,726
CR0087,2025-12,8,117241,15782.3,1150
CR0088,2025-01,4,114582,8505.3,556
CR0088,2025-02,5,128712,11034.2,834
CR0088,2025-03,8,110392,6738.4,801
CR0088,2025-04,0,0,0.0,0
CR0088,2025-05,4,164286,12999.4,1115
CR0088,2025-06,5,236120,27730.1,1657
CR0088,2025-07,2,163522,11863.6,1126
CR0088,2025-08,8,165815,23069.4,2381
CR0088,2025-09,11,167321,20203.7,1817
CR0088,2025-10,7,204619,26013.2,1562
CR0088,2025-11,5,135886,9556.8,1615
CR0088,2025-12,6,173754,19625.2,2187
CR0089,2025-01,7,53751,4773.9,529
CR0089,2025-02,4,50599,4865.8,366
CR0089,2025-03,5,39684,3508.8,498
CR0089,2025-04,5,41795,2839.6,379
CR0089,2025-05,2,32913,1989.4,132
CR0089,2025-06,2,39771,3279.1,489
CR0089,2025-07,4,40935,5991.9,276
CR0089,2025-08,5,40529,5071.8,321
CR0089,2025-09,4,39229,5232.8,556
CR0089,2025-10,0,0,0.0,0
CR0089,2025-11,0,0,0.0,0
CR0089,2025-12,0,0,0.0,0
CR0090,2025-01,3,8492,661.9,60
CR0090,2025-02,4,9128,965.5,95
CR0090,2025-03,6,9020,1268.6,118
CR0090,2025-04,2,8795,1277.3,57
CR0090,2025-05,0,0,0.0,0
CR0090,2025-06,3,11831,1281.0,159
CR0090,2025-07,2,9353,1083.9,139
CR0090,2025-08,5,12103,1032.0,169
CR0090,2025-09,6,8687,992.3,118
CR0090,2025-10,4,8900,757.9,50
CR0090,2025-11,6,15967,1793.9,92
CR0090,2025-12,2,5857,515.4,73
CR0091,2025-01,7,203734,27696.6,1151
CR0091,2025-02,6,284532,21742.5,4160
CR0091,2025-03,0,0,0.0,0
CR0091,2025-04,6,184352,18407.1,2532
CR0091,2025-05,6,127511,7494.0,582
CR0091,2025-06,3,322500,38781.3,4430
CR0091,2025-07,6,138494,12442.2,752
CR0091,2025-08,3,269340,36369.0,3650
CR0091,2025-09,0,0,0.0,0
CR0091,2025-10,7,233114,23783.1,3023
CR0091,2025-11,0,0,0.0,0
CR0091,2025-12,5,242572,18343.3,1501
CR0092,2025-01,6,168079,11593.3,2379
CR0092,2025-02,9,192101,21858.1,778
CR0092,2025-03,6,137494,15960.6,1869
CR0092,2025-04,0,0,0.0,0
CR0092,2025-05,4,109509,15705.6,1077
CR0092,2025-06,4,205534,21635.6,2875
CR0092,2025-07,0,0,0.0,0
CR0092,2025-08,10,184852,21219.6,2129
CR0092,2025-09,5,187607,25083.1,1059
CR0092,2025-10,5,179079,19378.2,1840
CR0092,2025-11,8,301113,23348.2,4488
CR0092,2025-12,5,247833,23870.3,3129
CR0093,2025-01,7,290081,28345.0,3937
CR0093,2025-02,7,185625,11662.7,2026
CR0093,2025-03,6,349282,30062.6,2246
CR0093,2025-04,5,351378,29521.9,3586
CR0093,2025-05,9,186960,18010.8,1330
CR0093,2025-06,7,165713,16828.3,2236
CR0093,2025-07,7,237751,18942.3,3506
CR0093,2025-08,12,355832,53166.2,4241
CR0093,2025-09,10,129476,15085.6,1805
CR0093,2025-10,7,189291,21129.0,2501
CR0093,2025-11,9,226086,13540.1,2657
CR0093,2025-12,4,145162,11253.3,1253
CR0094,2025-01,5,11423,1088.3,78
CR0094,2025-02,2,16331,1819.9,81
CR0094,2025-03,0,0,0.0,0
CR0094,2025-04,4,11158,1246.4,122
CR0094,2025-05,4,12269,1656.6,97
CR0094,2025-06,3,18924,1319.4,247
CR0094,2025-07,5,9619,827.2,143
CR0094,2025-08,1,18742,2151.9,113
CR0094,2025-09,2,17826,2662.6,243
CR0094,2025-10,2,13496,1475.9,201
CR0094,2025-11,0,0,0.0,0
CR0094,2025-12,0,0,0.0,0
CR0095,2025-01,3,38130,4128.4,531
CR0095,2025-02,0,0,0.0,0
CR0095,2025-03,2,34829,4546.0,174
CR0095,2025-04,3,43718,3602.3,396
CR0095,2025-05,7,36930,3595.1,196
CR0095,2025-06,2,54122,7664.0,744
CR0095,2025-07,0,0,0.0,0
CR0095,2025-08,5,57006,3979.6,265
CR0095,2025-09,5,70133,7453.5,842
CR0095,2025-10,0,0,0.0,0
CR0095,2025-11,6,35000,4852.9,382
CR0095,2025-12,4,45191,5470.5,601
CR0096,2025-01,5,301695,25584.8,2639
CR0096,2025-02,9,222886,19964.8,940
CR0096,2025-03,9,291506,32526.0,1915
CR0096,2025-04,10,237799,25776.1,1721
CR0096,2025-05,5,266337,30192.3,1831
CR0096,2025-06,9,249763,19838.1,1386
CR0096,2025-07,13,213724,18105.2,2140
CR0096,2025-08,12,283138,16896.1,1637
CR0096,2025-09,11,461160,46739.0,2734
CR0096,2025-10,5,399337,33791.5,3440
CR0096,2025-11,6,263992,19404.8,1923
CR0096,2025-12,8,372875,54307.5,5200
CR0097,2025-01,5,272517,40721.4,2638
CR0097,2025-02,9,231840,20888.0,1030
CR0097,2025-03,9,272651,17308.9,3057
CR0097,2025-04,11,303913,37357.9,4165
CR0097,2025-05,9,240766,25121.6,3115
CR0097,2025-06,6,213485,31869.9,937
CR0097,2025-07,11,179077,13197.4,1675
CR0097,2025-08,14,162367,14943.5,748
CR0097,2025-09,0,0,0.0,0
CR0097,2025-10,13,190065,19097.7,2050
CR0097,2025-11,7,222783,14112.2,2078
CR0097,2025-12,9,285553,39210.2,1917
CR0098,2025-01,5,23390,3364.7,163
CR0098,2025-02,8,24077,3223.5,321
CR0098,2025-03,4,42484,4497.6,227
CR0098,2025-04,5,34766,3010.6,426
CR0098,2025-05,2,32279,2388.5,218
CR0098,2025-06,7,22177,2223.7,124
CR0098,2025-07,0,0,0.0,0
CR0098,2025-08,6,45847,3644.9,480
CR0098,2025-09,9,34660,2149.4,334
CR0098,2025-10,5,41498,4135.8,303
CR0098,2025-11,2,46079,4110.4,502
CR0098,2025-12,10,44504,5623.8,651
CR0099,2025-01,8,118802,14989.6,1501
CR0099,2025-02,4,72924,10254.4,1027
CR0099,2025-03,0,0,0.0,0
CR0099,2025-04,7,116089,6979.0,1606
CR0099,2025-05,3,118228,15268.4,675
CR0099,2025-06,0,0,0.0,0
CR0099,2025-07,5,153027,11910.3,1425
CR0099,2025-08,4,213892,14084.5,2937
CR0099,2025-09,5,95282,8562.5,858
CR0099,2025-10,10,179254,21691.8,2593
CR0099,2025-11,7,186300,10974.2,2679
CR0099,2025-12,8,150837,14505.7,1501
CR0100,2025-01,12,99612,13645.4,1193
CR0100,2025-02,14,137084,15064.3,817
CR0100,2025-03,8,146289,9296.1,1747
CR0100,2025-04,5,87638,11340.6,922
CR0100,2025-05,7,72785,8090.1,351
CR0100,2025-06,9,155545,10476.6,1342
CR0100,2025-07,9,99456,6374.0,678
CR0100,2025-08,5,101207,12413.3,590
CR0100,2025-09,6,108095,10312.7,637
CR0100,2025-10,5,90271,11873.2,937
CR0100,2025-11,9,103840,13118.3,1373
CR0100,2025-12,14,133449,11563.0,1285
CR0101,2025-01,0,0,0.0,0
CR0101,2025-02,3,18397,1670.9,190
CR0101,2025-03,3,22154,1952.3,119
CR0101,2025-04,2,23023,2086.4,197
CR0101,2025-05,7,16984,1215.0,155
CR0101,2025-06,2,19615,1790.0,254
CR0101,2025-07,5,22288,3068.8,288
CR0101,2025-08,2,17442,1827.5,187
CR0101,2025-09,4,15994,1560.8,104
CR0101,2025-10,7,19490,1567.8,111
CR0101,2025-11,3,11443,1365.1,52
CR0101,2025-12,3,25799,2355.4,253
CR0102,2025-01,0,0,0.0,0
CR0102,2025-02,0,0,0.0,0
CR0102,2025-03,3,17953,2242.7,239
CR0102,2025-04,4,17576,2175.1,143
CR0102,2025-05,0,0,0.0,0
CR0102,2025-06,6,9403,909.2,98
CR0102,2025-07,0,0,0.0,0
CR0102,2025-08,4,21975,3182.1,219
CR0102,2025-09,4,19763,1816.9,142
CR0102,2025-10,7,20734,2658.5,208
CR0102,2025-11,2,20616,1832.5,85
CR0102,2025-12,3,17652,2213.8,228
CR0103,2025-01,1,5166,701.1,50
CR0103,2025-02,5,6431,691.4,88
CR0103,2025-03,0,0,0.0,0
CR0103,2025-04,0,0,0.0,0
CR0103,2025-05,5,7520,443.1,109
CR0103,2025-06,3,8274,528.3,67
CR0103,2025-07,4,4691,517.4,39
CR0103,2025-08,2,5668,681.3,25
CR0103,2025-09,0,0,0.0,0
CR0103,2025-10,6,9453,1334.1,75
CR0103,2025-11,8,10064,899.9,71
CR0103,2025-12,3,8561,1165.6,112
CR0104,2025-01,14,1405457,82894.8,20980
CR0104,2025-02,4,700581,87194.8,8591
CR0104,2025-03,10,1079268,86841.8,13612
CR0104,2025-04,10,971061,62258.1,4126
CR0104,2025-05,0,0,0.0,0
CR0104,2025-06,14,861985,81817.8,4861
CR0104,2025-07,0,0,0.0,0
CR0104,2025-08,16,1149543,142424.2,8092
CR0104,2025-09,10,682407,41301.4,6853
CR0104,2025-10,8,724032,61302.5,9186
CR0104,2025-11,12,952376,63488.6,14138
CR0104,2025-12,5,593149,35790.4,7059
CR0105,2025-01,3,10759,1469.1,145
CR0105,2025-02,0,0,0.0,0
CR0105,2025-03,2,9651,994.2,62
CR0105,2025-04,2,11778,826.7,139
CR0105,2025-05,1,9981,1009.3,124
CR0105,2025-06,5,11272,1541.3,131
CR0105,2025-07,6,13161,1530.3,78
CR0105,2025-08,6,11464,1394.2,46
CR0105,2025-09,0,0,0.0,0
CR0105,2025-10,2,16851,1411.7,193
CR0105,2025-11,0,0,0.0,0
CR0105,2025-12,1,14933,2159.7,201
CR0106,2025-01,10,70205,8094.7,845
CR0106,2025-02,3,60627,9055.8,709
CR0106,2025-03,4,55472,4383.4,298
CR0106,2025-04,5,75413,11161.2,442
CR0106,2025-05,5,59939,8385.4,898
CR0106,2025-06,8,73985,9730.1,654
CR0106,2025-07,3,63739,9179.5,697
CR0106,2025-08,3,102359,14234.0,1530
CR0106,2025-09,5,104339,6896.7,664
CR0106,2025-10,6,99870,11134.1,408
CR0106,2025-11,8,80159,7255.7,428
CR0106,2025-12,10,96006,9732.9,1160
CR0107,2025-01,10,102538,9635.5,1081
CR0107,2025-02,0,0,0.0,0
CR0107,2025-03,0,0,0.0,0
CR0107,2025-04,6,93804,10388.1,842
CR0107,2025-05,4,78452,8862.9,1025
CR0107,2025-06,7,93923,9468.3,785
CR0107,2025-07,7,78473,8431.0,1114
CR0107,2025-08,0,0,0.0,0
CR0107,2025-09,6,68305,7844.7,1014
CR0107,2025-10,6,73569,7982.1,574
CR0107,2025-11,6,187617,19640.3,2124
CR0107,2025-12,4,105028,7580.5,927
CR0108,2025-01,5,61086,5975.9,527
CR0108,2025-02,7,52925,6057.3,495
CR0108,2025-03,3,35343,5297.3,238
CR0108,2025-04,5,64869,6467.6,406
CR0108,2025-05,3,46549,3452.8,397
CR0108,2025-06,3,47862,3686.9,613
CR0108,2025-07,9,35088,2644.3,457
CR0108,2025-08,10,51264,6816.3,260
CR0108,2025-09,5,49236,3408.6,631
CR0108,2025-10,5,61877,4179.8,373
CR0108,2025-11,6,59305,5365.5,286
CR0108,2025-12,9,63764,8694.2,738
CR0109,2025-01,3,25595,1728.1,277
CR0109,2025-02,4,31204,1949.0,175
CR0109,2025-03,4,36200,4257.6,190
CR0109,2025-04,2,34560,2833.2,154
CR0109,2025-05,5,18622,2690.4,181
CR0109,2025-06,7,23015,3003.7,179
CR0109,2025-07,1,35765,4831.1,395
CR0109,2025-08,2,22811,2549.1,140
CR0109,2025-09,0,0,0.0,0
CR0109,2025-10,6,25590,2772.7,243
CR0109,2025-11,5,25645,3590.9,210
CR0109,2025-12,7,33476,2590.2,391
CR0110,2025-01,9,86156,7517.0,1094
CR0110,2025-02,3,74742,4482.2,1083
CR0110,2025-03,8,161463,14584.1,1326
CR0110,2025-04,10,77700,11182.8,382
CR0110,2025-05,3,108236,14702.2,1035
CR0110,2025-06,4,79063,10776.8,877
CR0110,2025-07,0,0,0.0,0
CR0110,2025-08,3,115947,10327.4,1094
CR0110,2025-09,6,107730,10863.6,506
CR0110,2025-10,9,113743,13022.5,651
CR0110,2025-11,5,110450,12474.3,1130
CR0110,2025-12,8,105255,6257.9,725
CR0111,2025-01,5,72364,7850.7,739
CR0111,2025-02,6,70696,7197.1,817
CR0111,2025-03,2,69396,4138.7,385
CR0111,2025-04,3,55398,3815.0,355
CR0111,2025-05,5,43604,6473.4,503
CR0111,2025-06,8,55857,4429.1,308
CR0111,2025-07,2,50910,7567.3,357
CR0111,2025-08,4,83818,8408.7,432
CR0111,2025-09,7,46643,6227.7,440
CR0111,2025-10,7,54727,7297.9,329
CR0111,2025-11,10,51525,5393.4,729
CR0111,2025-12,5,80390,5941.2,1092
CR0112,2025-01,13,299961,37533.8,3569
CR0112,2025-02,5,412914,55756.6,3557
CR0112,2025-03,5,359328,23197.0,2175
CR0112,2025-04,6,659762,47132.6,4634
CR0112,2025-05,9,365428,26465.5,1805
CR0112,2025-06,6,314131,36407.9,1360
CR0112,2025-07,9,378127,35826.9,5303
CR0112,2025-08,5,448014,35773.8,4073
CR0112,2025-09,10,331740,40810.4,2848
CR0112,2025-10,12,275652,19010.9,3972
CR0112,2025-11,6,363905,44613.1,2876
CR0112,2025-12,7,436546,61198.9,4843
CR0113,2025-01,4,21660,1504.1,204
CR0113,2025-02,5,24014,2951.8,155
CR0113,2025-03,4,27411,3166.0,133
CR0113,2025-04,3,32534,3464.2,174
CR0113,2025-05,4,31771,4304.6,349
CR0113,2025-06,0,0,0.0,0
CR0113,2025-07,2,39384,3933.0,217
CR0113,2025-08,3,23487,2764.6,127
CR0113,2025-09,3,34491,3567.9,424
CR0113,2025-10,5,30778,2077.7,319
CR0113,2025-11,4,42964,6145.1,492
CR0113,2025-12,3,51239,7065.4,761
CR0114,2025-01,4,176413,14620.0,2590
CR0114,2025-02,5,261559,34785.0,3038
CR0114,2025-03,11,266636,26850.4,2292
CR0114,2025-04,15,321674,34617.0,2230
CR0114,2025-05,7,260349,26732.3,3411
CR0114,2025-06,15,334952,45442.0,1951
CR0114,2025-07,6,464471,39411.9,2184
CR0114,2025-08,12,260565,31198.9,1580
CR0114,2025-09,5,294181,26284.3,2228
CR0114,2025-10,5,351368,41083.5,4607
CR0114,2025-11,2,361302,38372.4,2121
CR0114,2025-12,11,265901,27745.6,3379
CR0115,2025-01,6,14866,877.5,62
CR0115,2025-02,0,0,0.0,0
CR0115,2025-03,5,13531,1355.5,187
CR0115,2025-04,4,17144,1203.8,201
CR0115,2025-05,2,12438,964.5,57
CR0115,2025-06,6,16419,2343.0,105
CR0115,2025-07,5,22565,2166.8,130
CR0115,2025-08,7,20367,1295.2,291
CR0115,2025-09,0,0,0.0,0
CR0115,2025-10,2,17605,1167.7,216
CR0115,2025-11,0,0,0.0,0
CR0115,2025-12,7,25471,1597.7,224
CR0116,2025-01,0,0,0.0,0
CR0116,2025-02,0,0,0.0,0
CR0116,2025-03,0,0,0.0,0
CR0116,2025-04,0,0,0.0,0
CR0116,2025-05,4,19123,2413.2,156
CR0116,2025-06,4,21148,2893.2,195
CR0116,2025-07,5,14113,1065.4,119
CR0116,2025-08,2,32219,3249.0,324
CR0116,2025-09,0,0,0.0,0
CR0116,2025-10,6,21971,1744.0,246
CR0116,2025-11,2,23885,3020.1,277
CR0116,2025-12,0,0,0.0,0
CR0117,2025-01,5,36995,2204.3,271
CR0117,2025-02,10,65197,9036.5,909
CR0117,2025-03,6,51437,4693.7,261
CR0117,2025-04,7,52947,7401.9,438
CR0117,2025-05,4,66743,7032.1,1000
CR0117,2025-06,4,46337,5094.7,609
CR0117,2025-07,10,80340,8919.8,380
CR0117,2025-08,4,88773,6499.8,665
CR0117,2025-09,7,45652,4863.2,635
CR0117,2025-10,8,54538,5198.9,274
CR0117,2025-11,1,57801,4500.7,850
CR0117,2025-12,7,51745,7219.2,569
CR0118,2025-01,2,27103,3628.0,119
CR0118,2025-02,1,31213,2147.1,270
CR0118,2025-03,3,28204,3396.7,309
CR0118,2025-04,3,34704,2295.2,373
CR0118,2025-05,4,45987,3627.0,214
CR0118,2025-06,3,31498,2051.4,248
CR0118,2025-07,5,29072,4004.1,343
CR0118,2025-08,3,41109,2816.3,448
CR0118,2025-09,3,17285,2385.6,252
CR0118,2025-10,6,37544,4099.9,401
CR0118,2025-11,4,29961,3750.4,388
CR0118,2025-12,0,0,0.0,0
CR0119,2025-01,9,39523,2846.8,542
CR0119,2025-02,4,61775,7019.2,890
CR0119,2025-03,5,92734,10396.0,948
CR0119,2025-04,6,59081,7145.2,255
CR0119,2025-05,7,55104,6365.0,546
CR0119,2025-06,5,50518,4242.2,657
CR0119,2025-07,6,41622,6195.6,491
CR0119,2025-08,6,62641,6712.7,915
CR0119,2025-09,6,102897,13375.4,1383
CR0119,2025-10,7,52171,4724.0,240
CR0119,2025-11,0,0,0.0,0
CR0119,2025-12,6,41048,2681.3,453
CR0120,2025-01,6,15828,1776.5,185
CR0120,2025-02,4,11342,1549.6,95
CR0120,2025-03,4,8289,1077.8,83
CR0120,2025-04,0,0,0.0,0
CR0120,2025-05,3,10361,1306.4,71
CR0120,2025-06,5,11222,1596.5,139
CR0120,2025-07,4,10114,938.4,116
CR0120,2025-08,8,10680,1225.5,69
CR0120,2025-09,4,12240,1739.3,132
CR0120,2025-10,1,11437,967.6,142
CR0120,2025-11,2,14193,1779.7,206
CR0120,2025-12,5,12855,1084.0,65
CR0121,2025-01,5,11371,1442.0,109
CR0121,2025-02,8,16488,2055.9,103
CR0121,2025-03,3,8061,1091.3,67
CR0121,2025-04,0,0,0.0,0
CR0121,2025-05,0,0,0.0,0
CR0121,2025-06,6,12537,1293.8,146
CR0121,2025-07,9,8588,1033.5,80
CR0121,2025-08,0,0,0.0,0
CR0121,2025-09,3,10412,1041.8,77
CR0121,2025-10,9,11337,1340.5,114
CR0121,2025-11,0,0,0.0,0
CR0121,2025-12,5,9305,718.3,79
CR0122,2025-01,0,0,0.0,0
CR0122,2025-02,6,128200,14950.3,1909
CR0122,2025-03,6,147770,18485.4,1459
CR0122,2025-04,5,115852,16715.6,504
CR0122,2025-05,4,124588,7483.2,1564
CR0122,2025-06,5,99257,9588.0,844
CR0122,2025-07,7,147262,18008.7,703
CR0122,2025-08,3,145965,14695.4,1362
CR0122,2025-09,5,97869,14625.6,770
CR0122,2025-10,8,195260,14946.5,1096
CR0122,2025-11,7,130678,17633.6,1803
CR0122,2025-12,6,210539,13029.2,1606
CR0123,2025-01,0,0,0.0,0
CR0123,2025-02,4,73878,4972.6,644
CR0123,2025-03,5,53788,3349.5,520
CR0123,2025-04,7,65506,7147.7,288
CR0123,2025-05,5,53523,3491.5,428
CR0123,2025-06,6,59307,6614.7,529
CR0123,2025-07,0,0,0.0,0
CR0123,2025-08,4,43413,6127.0,397
CR0123,2025-09,2,55066,4949.6,232
CR0123,2025-10,8,45650,4201.7,498
CR0123,2025-11,7,50388,3632.8,570
CR0123,2025-12,5,75767,7241.5,483
CR0124,2025-01,2,11053,1586.8,71
CR0124,2025-02,0,0,0.0,0
CR0124,2025-03,6,11012,839.5,152
CR0124,2025-04,2,9377,764.8,87
CR0124,2025-05,0,0,0.0,0
CR0124,2025-06,2,14276,1901.8,128
CR0124,2025-07,3,13247,1439.5,65
CR0124,2025-08,0,0,0.0,0
CR0124,2025-09,0,0,0.0,0
CR0124,2025-10,2,14127,1424.3,70
CR0124,2025-11,6,16576,1090.1,83
CR0124,2025-12,4,19476,1532.0,207
CR0125,2025-01,2,4708,390.8,40
CR0125,2025-02,4,4198,442.5,39
CR0125,2025-03,3,5611,702.3,50
CR0125,2025-04,3,7309,466.3,59
CR0125,2025-05,4,4798,492.2,64
CR0125,2025-06,4,9279,1317.1,109
CR0125,2025-07,6,8199,494.7,35
CR0125,2025-08,2,5266,574.1,27
CR0125,2025-09,6,4584,684.5,49
CR0125,2025-10,4,8001,687.7,108
CR0125,2025-11,4,10080,847.9,46
CR0125,2025-12,7,5612,736.4,72
CR0126,2025-01,3,19340,2517.8,247
CR0126,2025-02,5,16325,986.8,231
CR0126,2025-03,5,27773,3878.5,414
CR0126,2025-04,0,0,0.0,0
CR0126,2025-05,1,20140,2773.2,122
CR0126,2025-06,0,0,0.0,0
CR0126,2025-07,4,41262,3561.7,406
CR0126,2025-08,6,22377,2965.0,293
CR0126,2025-09,4,26054,1691.0,311
CR0126,2025-10,7,31906,3105.5,303
CR0126,2025-11,4,36094,2633.2,389
CR0126,2025-12,5,18338,1552.7,214
CR0127,2025-01,4,43324,6261.0,388
CR0127,2025-02,5,50726,5884.7,274
CR0127,2025-03,6,58004,5662.7,685
CR0127,2025-04,3,52971,6543.6,678
CR0127,2025-05,3,103136,11142.2,1533
CR0127,2025-06,4,51339,3796.2,662
CR0127,2025-07,3,50901,7608.7,277
CR0127,2025-08,0,0,0.0,0
CR0127,2025-09,6,68034,5950.3,532
CR0127,2025-10,3,62764,5955.8,811
CR0127,2025-11,2,52887,4734.7,507
CR0127,2025-12,0,0,0.0,0
CR0128,2025-01,11,101961,8159.7,1159
CR0128,2025-02,6,159643,16904.7,2293
CR0128,2025-03,9,111820,8365.0,976
CR0128,2025-04,7,83797,12286.5,1030
CR0128,2025-05,8,105211,14692.8,536
CR0128,2025-06,7,147665,17729.7,2146
CR0128,2025-07,6,107716,15373.7,587
CR0128,2025-08,10,83282,6201.5,901
CR0128,2025-09,5,97181,10594.7,1139
CR0128,2025-10,6,158477,16362.5,1117
CR0128,2025-11,2,192175,19395.6,2585
CR0128,2025-12,9,175502,14082.2,2166
CR0129,2025-01,6,14594,1447.7,83
CR0129,2025-02,4,13606,1655.4,140
CR0129,2025-03,1,16079,978.9,65
CR0129,2025-04,6,12109,1689.4,86
CR0129,2025-05,6,10259,640.7,64
CR0129,2025-06,0,0,0.0,0
CR0129,2025-07,0,0,0.0,0
CR0129,2025-08,3,12115,1357.3,49
CR0129,2025-09,2,21007,1750.9,310
CR0129,2025-10,5,10972,927.9,47
CR0129,2025-11,2,17408,1111.7,232
CR0129,2025-12,0,0,0.0,0
CR0130,2025-01,8,209009,16593.8,2600
CR0130,2025-02,4,234783,33542.0,3078
CR0130,2025-03,7,228948,22315.6,3154
CR0130,2025-04,7,228169,17668.1,2366
CR0130,2025-05,6,269712,28508.5,2352
CR0130,2025-06,5,215211,19193.5,1865
CR0130,2025-07,5,411275,26195.3,5287
CR0130,2025-08,5,252154,32610.9,1544
CR0130,2025-09,7,354801,27210.8,3182
CR0130,2025-10,12,262213,19789.9,2686
CR0130,2025-11,7,323738,22325.9,4533
CR0130,2025-12,4,318267,24724.5,2969
CR0131,2025-01,1,8871,1321.5,48
CR0131,2025-02,6,10920,1232.9,148
CR0131,2025-03,0,0,0.0,0
CR0131,2025-04,3,12532,1739.0,135
CR0131,2025-05,4,13268,923.9,197
CR0131,2025-06,0,0,0.0,0
CR0131,2025-07,6,10902,1300.0,62
CR0131,2025-08,3,10374,1376.8,78
CR0131,2025-09,6,11101,1242.1,103
CR0131,2025-10,3,9181,997.9,96
CR0131,2025-11,3,7832,938.1,93
CR0131,2025-12,0,0,0.0,0
CR0132,2025-01,1,16729,2177.0,119
CR0132,2025-02,7,14361,1890.2,205
CR0132,2025-03,2,6401,465.4,87
CR0132,2025-04,1,15647,1181.7,122
CR0132,2025-05,0,0,0.0,0
CR0132,2025-06,6,15771,1575.9,99
CR0132,2025-07,6,17116,1496.6,145
CR0132,2025-08,2,16464,980.3,191
CR0132,2025-09,3,18793,2341.0,238
CR0132,2025-10,1,14928,1286.6,197
CR0132,2025-11,4,19340,1758.7,246
CR0132,2025-12,1,11744,1433.8,127
CR0133,2025-01,6,169957,12511.5,1431
CR0133,2025-02,4,103666,12344.3,604
CR0133,2025-03,11,70046,6963.8,616
CR0133,2025-04,8,124630,12393.4,708
CR0133,2025-05,7,169101,22417.4,2164
CR0133,2025-06,5,112655,15336.7,1455
CR0133,2025-07,7,181533,24659.6,1515
CR0133,2025-08,5,144394,10755.1,1571
CR0133,2025-09,3,155177,16447.7,1490
CR0133,2025-10,6,111037,15681.0,458
CR0133,2025-11,4,168188,23425.1,1923
CR0133,2025-12,6,191347,21197.4,2079
CR0134,2025-01,7,169652,11249.9,755
CR0134,2025-02,6,146270,19008.5,1165
CR0134,2025-03,7,276236,26808.0,1661
CR0134,2025-04,5,182102,16296.9,1084
CR0134,2025-05,5,140153,18330.9,614
CR0134,2025-06,11,185501,21781.8,2313
CR0134,2025-07,9,243633,27920.8,3469
CR0134,2025-08,11,225235,17125.9,2722
CR0134,2025-09,4,171920,13237.4,1079
CR0134,2025-10,5,206060,15915.0,1177
CR0134,2025-11,6,163877,18902.9,799
CR0134,2025-12,7,227330,23912.1,3288
CR0135,2025-01,2,16633,1037.8,233
CR0135,2025-02,2,9909,853.7,83
CR0135,2025-03,1,9887,778.6,110
CR0135,2025-04,0,0,0.0,0
CR0135,2025-05,4,20437,1353.6,255
CR0135,2025-06,3,10913,787.1,95
CR0135,2025-07,3,18656,1147.2,175
CR0135,2025-08,1,14725,1563.6,141
CR0135,2025-09,5,14177,1675.4,79
CR0135,2025-10,0,0,0.0,0
CR0135,2025-11,3,11435,1399.3,137
CR0135,2025-12,3,9195,669.8,133
CR0136,2025-01,4,224763,32480.1,2326
CR0136,2025-02,8,406261,45550.9,2365
CR0136,2025-03,7,158031,12758.8,1792
CR0136,2025-04,3,150695,14184.8,1709
CR0136,2025-05,6,186656,25173.3,1433
CR0136,2025-06,4,274180,28271.2,3294
CR0136,2025-07,4,393974,39470.8,1599
CR0136,2025-08,7,265444,28538.4,2783
CR0136,2025-09,11,391765,43569.2,2053
CR0136,2025-10,7,306033,44526.9,2261
CR0136,2025-11,6,422420,44983.7,5107
CR0136,2025-12,6,199260,22634.2,2219
CR0137,2025-01,4,126854,15574.2,1726
CR0137,2025-02,6,114843,11931.0,1040
CR0137,2025-03,5,88665,13243.4,368
CR0137,2025-04,7,93966,11060.4,926
CR0137,2025-05,5,148642,14573.7,1811
CR0137,2025-06,7,128420,8490.6,810
CR0137,2025-07,9,159463,13911.8,2199
CR0137,2025-08,8,81333,12020.8,1142
CR0137,2025-09,4,163229,20905.0,2098
CR0137,2025-10,7,99409,6355.7,629
CR0137,2025-11,0,0,0.0,0
CR0137,2025-12,11,92127,13310.6,475
CR0138,2025-01,2,34356,2416.9,393
CR0138,2025-02,0,0,0.0,0
CR0138,2025-03,2,47870,6188.1,433
CR0138,2025-04,3,39762,2565.2,216
CR0138,2025-05,5,39588,5148.1,392
CR0138,2025-06,2,48578,6458.7,526
CR0138,2025-07,3,31199,2763.2,402
CR0138,2025-08,3,53454,5944.7,282
CR0138,2025-09,5,79316,9270.4,429
CR0138,2025-10,0,0,0.0,0
CR0138,2025-11,3,63135,4594.4,593
CR0138,2025-12,5,31828,4049.1,131
CR0139,2025-01,0,0,0.0,0
CR0139,2025-02,1,19822,1257.9,177
CR0139,2025-03,0,0,0.0,0
CR0139,2025-04,2,19369,2611.8,231
CR0139,2025-05,5,15950,2165.2,186
CR0139,2025-06,5,17288,1563.2,151
CR0139,2025-07,0,0,0.0,0
CR0139,2025-08,4,23646,2042.6,285
CR0139,2025-09,7,29034,3632.2,206
CR0139,2025-10,2,25536,3770.4,326
CR0139,2025-11,7,20060,2401.5,261
CR0139,2025-12,3,23776,2261.1,127
CR0140,2025-01,6,167282,14407.1,1483
CR0140,2025-02,6,288174,22756.9,2201
CR0140,2025-03,9,237465,24726.6,3347
CR0140,2025-04,7,446943,61934.4,5383
CR0140,2025-05,6,322977,47679.6,2997
CR0140,2025-06,10,331574,27257.3,2631
CR0140,2025-07,10,295478,29204.6,3458
CR0140,2025-08,6,306625,26209.9,1967
CR0140,2025-09,4,292668,31221.3,2772
CR0140,2025-10,11,281188,30208.3,1309
CR0140,2025-11,12,158537,19231.7,931
CR0140,2025-12,9,252259,26708.0,2021
CR0141,2025-01,12,463763,42832.8,6761
CR0141,2025-02,7,285740,26758.6,4163
CR0141,2025-03,7,184168,21843.6,1230
CR0141,2025-04,10,250064,20968.1,2946
CR0141,2025-05,0,0,0.0,0
CR0141,2025-06,6,200130,26972.5,1080
CR0141,2025-07,7,245720,14889.7,2119
CR0141,2025-08,9,313084,33737.9,2317
CR0141,2025-09,6,334261,41984.7,4673
CR0141,2025-10,11,229821,19092.3,1640
CR0141,2025-11,10,189696,20203.1,2252
CR0141,2025-12,9,347153,32793.4,3451
CR0142,2025-01,7,71902,5970.5,605
CR0142,2025-02,6,91618,9097.0,813
CR0142,2025-03,6,78622,11487.7,1080
CR0142,2025-04,6,72459,5657.9,1076
CR0142,2025-05,3,96868,12170.1,680
CR0142,2025-06,3,61197,5420.6,705
CR0142,2025-07,8,79159,9495.6,1140
CR0142,2025-08,3,81058,10648.3,517
CR0142,2025-09,7,78393,7313.8,668
CR0142,2025-10,6,99718,13444.0,1359
CR0142,2025-11,2,88926,5240.3,1087
CR0142,2025-12,8,97126,5857.1,1281
CR0143,2025-01,2,34345,2850.6,468
CR0143,2025-02,4,30344,1793.3,233
CR0143,2025-03,2,41387,3434.5,615
CR0143,2025-04,2,31266,4112.5,384
CR0143,2025-05,2,28957,2558.9,221
CR0143,2025-06,4,25805,2062.6,257
CR0143,2025-07,6,31491,3377.6,307
CR0143,2025-08,3,34212,4417.1,447
CR0143,2025-09,5,41433,4120.8,397
CR0143,2025-10,5,35086,2276.2,443
CR0143,2025-11,3,32890,4089.4,358
CR0143,2025-12,4,47957,6279.6,486
CR0144,2025-01,3,12183,1727.7,111
CR0144,2025-02,1,12168,1093.9,113
CR0144,2025-03,0,0,0.0,0
CR0144,2025-04,3,16090,2084.8,175
CR0144,2025-05,0,0,0.0,0
CR0144,2025-06,3,9312,793.2,39
CR0144,2025-07,3,11677,1629.5,111
CR0144,2025-08,3,10511,974.0,156
CR0144,2025-09,8,16678,1836.1,145
CR0144,2025-10,6,15475,1373.7,93
CR0144,2025-11,0,0,0.0,0
CR0144,2025-12,0,0,0.0,0
CR0145,2025-01,7,386112,56048.5,4253
CR0145,2025-02,8,414697,26427.6,2348
CR0145,2025-03,4,497865,52677.3,4354
CR0145,2025-04,9,694340,43573.1,5225
CR0145,2025-05,9,448218,37232.5,2914
CR0145,2025-06,11,429860,31785.9,2484
CR0145,2025-07,6,348439,33231.8,4548
CR0145,2025-08,10,478042,31514.1,5674
CR0145,2025-09,12,405946,57801.7,3398
CR0145,2025-10,6,651820,80735.7,5014
CR0145,2025-11,15,504059,29873.9,2696
CR0145,2025-12,6,444627,54789.9,5870
CR0146,2025-01,4,18426,1222.2,183
CR0146,2025-02,1,21519,2012.9,92
CR0146,2025-03,4,20190,1513.5,225
CR0146,2025-04,0,0,0.0,0
CR0146,2025-05,4,17126,1146.2,209
CR0146,2025-06,6,22613,1810.6,189
CR0146,2025-07,3,28379,1997.1,373
CR0146,2025-08,5,24642,1670.0,181
CR0146,2025-09,3,21736,2953.4,124
CR0146,2025-10,0,0,0.0,0
CR0146,2025-11,0,0,0.0,0
CR0146,2025-12,3,38411,4282.3,431
CR0147,2025-01,10,14843,1427.0,194
CR0147,2025-02,2,10874,881.2,112
CR0147,2025-03,4,16501,1249.3,163
CR0147,2025-04,4,18141,1194.9,201
CR0147,2025-05,5,15118,1694.2,101
CR0147,2025-06,0,0,0.0,0
CR0147,2025-07,1,18716,1863.0,232
CR0147,2025-08,3,17990,1400.9,250
CR0147,2025-09,4,17618,2440.1,137
CR0147,2025-10,4,14209,1906.1,104
CR0147,2025-11,4,12835,1280.7,84
CR0147,2025-12,3,17564,2133.3,96
CR0148,2025-01,7,201159,27347.4,1550
CR0148,2025-02,7,142421,14647.2,1264
CR0148,2025-03,14,222583,16934.3,1639
CR0148,2025-04,10,193681,24570.9,2542
CR0148,2025-05,9,231525,34684.0,1824
CR0148,2025-06,8,220923,20420.2,2564
CR0148,2025-07,8,232423,18796.4,2641
CR0148,2025-08,13,282617,27349.3,2180
CR0148,2025-09,10,210063,28738.8,2241
CR0148,2025-10,15,184885,15864.6,1455
CR0148,2025-11,4,289414,33665.7,1368
CR0148,2025-12,7,276292,29489.6,1745
CR0149,2025-01,4,20027,2482.7,203
CR0149,2025-02,0,0,0.0,0
CR0149,2025-03,5,14746,983.2,113
CR0149,2025-04,7,14633,2149.3,114
CR0149,2025-05,3,19112,1123.5,169
CR0149,2025-06,0,0,0.0,0
CR0149,2025-07,4,14343,1104.6,106
CR0149,2025-08,1,21922,1518.0,151
CR0149,2025-09,4,21605,1438.7,163
CR0149,2025-10,8,15908,1554.2,200
CR0149,2025-11,3,14895,904.6,222
CR0149,2025-12,5,18391,1267.1,138
CR0150,2025-01,4,19305,1527.7,176
CR0150,2025-02,3,41244,3039.2,600
CR0150,2025-03,2,32020,4755.1,278
CR0150,2025-04,2,33232,4884.9,361
CR0150,2025-05,4,35443,4188.8,408
CR0150,2025-06,6,32046,2560.5,271
CR0150,2025-07,0,0,0.0,0
CR0150,2025-08,2,42187,5625.6,188
CR0150,2025-09,3,33051,4610.1,359
CR0150,2025-10,4,43044,5798.9,431
CR0150,2025-11,7,31706,2210.1,379
CR0150,2025-12,3,49437,3894.1,738
CR0151,2025-01,8,68077,10193.6,700
CR0151,2025-02,4,85249,11133.2,612
CR0151,2025-03,0,0,0.0,0
CR0151,2025-04,7,63919,8141.7,297
CR0151,2025-05,4,82307,11303.9,803
CR0151,2025-06,5,92203,11050.4,1278
CR0151,2025-07,8,99377,13008.6,534
CR0151,2025-08,4,81301,5192.8,1203
CR0151,2025-09,0,0,0.0,0
CR0151,2025-10,8,123428,15780.9,1746
CR0151,2025-11,5,190050,25443.6,1160
CR0151,2025-12,0,0,0.0,0
CR0152,2025-01,5,157229,20680.1,1339
CR0152,2025-02,9,142892,8481.4,1249
CR0152,2025-03,7,151512,13771.4,1494
CR0152,2025-04,15,106204,6923.7,847
CR0152,2025-05,8,148563,10867.5,1122
CR0152,2025-06,6,110651,12540.0,536
CR0152,2025-07,5,118738,15362.3,1679
CR0152,2025-08,11,119068,11562.0,1304
CR0152,2025-09,8,147753,14067.8,1276
CR0152,2025-10,4,117390,9240.3,1422
CR0152,2025-11,8,92217,11608.1,1156
CR0152,2025-12,3,94638,12742.8,1164
CR0153,2025-01,4,12990,971.9,146
CR0153,2025-02,4,31892,2317.0,428
CR0153,2025-03,2,21812,1425.1,214
CR0153,2025-04,4,21949,2318.7,263
CR0153,2025-05,7,18529,2476.3,203
CR0153,2025-06,2,25139,1930.3,357
CR0153,2025-07,4,35765,4622.2,393
CR0153,2025-08,3,25836,2259.1,300
CR0153,2025-09,3,25449,3274.4,145
CR0153,2025-10,5,27550,2405.5,262
CR0153,2025-11,1,32201,3958.5,276
CR0153,2025-12,3,24971,1496.1,258
CR0154,2025-01,0,0,0.0,0
CR0154,2025-02,0,0,0.0,0
CR0154,2025-03,0,0,0.0,0
CR0154,2025-04,5,35922,3976.7,205
CR0154,2025-05,2,27417,2756.7,172
CR0154,2025-06,0,0,0.0,0
CR0154,2025-07,2,76450,8722.8,311
CR0154,2025-08,3,29360,3354.0,429
CR0154,2025-09,0,0,0.0,0
CR0154,2025-10,1,30380,2146.3,248
CR0154,2025-11,3,46294,6543.6,200
CR0154,2025-12,4,52626,7766.4,224
CR0155,2025-01,7,326759,40732.4,2594
CR0155,2025-02,10,286533,38758.1,3293
CR0155,2025-03,10,313398,26322.6,3083
CR0155,2025-04,11,351063,32088.9,4838
CR0155,2025-05,8,294263,24132.4,3439
CR0155,2025-06,6,440244,51150.0,6429
CR0155,2025-07,9,557372,57590.2,4764
CR0155,2025-08,6,406495,43133.1,2975
CR0155,2025-09,12,429755,48823.5,3090
CR0155,2025-10,9,341839,20078.7,2616
CR0155,2025-11,7,321302,36433.7,4515
CR0155,2025-12,7,415194,60975.7,2554
CR0156,2025-01,8,195362,17232.6,2550
CR0156,2025-02,6,130273,10043.9,676
CR0156,2025-03,6,191194,28342.5,1655
CR0156,2025-04,9,117974,12859.2,1698
CR0156,2025-05,8,121269,10552.5,1639
CR0156,2025-06,5,119099,12889.8,1416
CR0156,2025-07,5,112578,9052.2,1108
CR0156,2025-08,8,78543,5963.4,1152
CR0156,2025-09,8,97177,11781.1,1429
CR0156,2025-10,4,172029,11222.9,2296
CR0156,2025-11,9,150436,9687.2,924
CR0156,2025-12,6,188222,17858.6,2500
CR0157,2025-01,3,19761,2039.4,243
CR0157,2025-02,0,0,0.0,0
CR0157,2025-03,4,9912,860.2,129
CR0157,2025-04,5,21395,2957.6,108
CR0157,2025-05,7,16858,1797.3,221
CR0157,2025-06,5,12079,1600.4,77
CR0157,2025-07,4,13634,801.4,127
CR0157,2025-08,4,16996,1129.1,225
CR0157,2025-09,0,0,0.0,0
CR0157,2025-10,2,24855,3270.1,117
CR0157,2025-11,4,13984,1258.7,132
CR0157,2025-12,4,14518,1415.0,133
CR0158,2025-01,10,211851,12844.5,2279
CR0158,2025-02,11,277397,16627.4,1200
CR0158,2025-03,8,419338,40845.1,3517
CR0158,2025-04,7,338389,35607.9,4754
CR0158,2025-05,15,277014,20548.3,3252
CR0158,2025-06,8,362027,35440.3,2350
CR0158,2025-07,12,400089,43789.2,4962
CR0158,2025-08,11,270904,27758.9,3327
CR0158,2025-09,9,236567,14086.6,1842
CR0158,2025-10,11,240312,19371.3,3112
CR0158,2025-11,7,322855,44907.5,3528
CR0158,2025-12,8,278821,18175.3,4046
CR0159,2025-01,0,0,0.0,0
CR0159,2025-02,5,21074,2977.3,182
CR0159,2025-03,1,20827,1474.1,286
CR0159,2025-04,4,18100,2276.4,241
CR0159,2025-05,4,20732,2323.0,147
CR0159,2025-06,0,0,0.0,0
CR0159,2025-07,4,29853,1746.0,289
CR0159,2025-08,4,27488,2672.7,160
CR0159,2025-09,4,21493,2431.3,97
CR0159,2025-10,5,16201,1517.6,150
CR0159,2025-11,4,22586,2240.7,174
CR0159,2025-12,2,20319,2738.2,121
CR0160,2025-01,0,0,0.0,0
CR0160,2025-02,4,19296,2552.0,236
CR0160,2025-03,6,10680,694.1,118
CR0160,2025-04,0,0,0.0,0
CR0160,2025-05,3,13940,1183.0,205
CR0160,2025-06,7,29525,2332.0,283
CR0160,2025-07,6,26477,2058.0,354
CR0160,2025-08,2,25125,3408.7,124
CR0160,2025-09,2,22530,2506.5,254
CR0160,2025-10,0,0,0.0,0
CR0160,2025-11,5,17197,2331.3,155
CR0160,2025-12,7,17927,2432.9,136
CR0161,2025-01,3,47685,5662.2,693
CR0161,2025-02,1,44715,4970.6,407
CR0161,2025-03,3,45782,3178.8,333
CR0161,2025-04,5,47354,4906.9,223
CR0161,2025-05,2,40002,5054.6,394
CR0161,2025-06,2,42506,4652.3,346
CR0161,2025-07,3,39926,5647.0,476
CR0161,2025-08,3,60665,6364.6,302
CR0161,2025-09,2,39431,2727.5,354
CR0161,2025-10,3,63447,6686.1,354
CR0161,2025-11,3,26284,2832.8,185
CR0161,2025-12,3,56172,3317.2,515
CR0162,2025-01,6,87892,10910.5,790
CR0162,2025-02,6,74273,9557.7,560
CR0162,2025-03,7,53689,6659.7,433
CR0162,2025-04,7,143805,17333.9,1307
CR0162,2025-05,5,97345,9491.3,917
CR0162,2025-06,6,75561,10476.2,954
CR0162,2025-07,0,0,0.0,0
CR0162,2025-08,7,73503,8001.8,429
CR0162,2025-09,3,98258,10213.6,782
CR0162,2025-10,5,55802,3681.4,350
CR0162,2025-11,6,69566,9982.7,859
CR0162,2025-12,5,89514,10770.4,433
CR0163,2025-01,11,456941,34881.6,2158
CR0163,2025-02,11,381245,26054.1,2367
CR0163,2025-03,5,428987,36254.9,2600
CR0163,2025-04,6,443871,52413.1,6585
CR0163,2025-05,10,431912,41593.7,4437
CR0163,2025-06,9,388059,46482.8,5174
CR0163,2025-07,9,595740,74456.5,4384
CR0163,2025-08,11,972803,123792.3,7731
CR0163,2025-09,6,736484,91518.8,8760
CR0163,2025-10,9,659865,92790.9,8876
CR0163,2025-11,12,641447,87503.9,5559
CR0163,2025-12,3,734107,107571.3,8529
CR0164,2025-01,2,17779,1416.9,103
CR0164,2025-02,4,11489,1144.4,53
CR0164,2025-03,4,18088,1769.6,87
CR0164,2025-04,2,12642,1541.2,90
CR0164,2025-05,0,0,0.0,0
CR0164,2025-06,0,0,0.0,0
CR0164,2025-07,0,0,0.0,0
CR0164,2025-08,0,0,0.0,0
CR0164,2025-09,0,0,0.0,0
CR0164,2025-10,4,11698,1566.9,156
CR0164,2025-11,5,27062,3438.8,323
CR0164,2025-12,0,0,0.0,0
CR0165,2025-01,5,27723,2503.4,171
CR0165,2025-02,3,26405,2906.3,230
CR0165,2025-03,0,0,0.0,0
CR0165,2025-04,0,0,0.0,0
CR0165,2025-05,7,43116,3958.2,611
CR0165,2025-06,2,30484,4318.1,311
CR0165,2025-07,4,22996,1715.3,105
CR0165,2025-08,3,25250,2171.1,173
CR0165,2025-09,0,0,0.0,0
CR0165,2025-10,1,45593,6396.2,334
CR0165,2025-11,2,27675,2434.4,154
CR0165,2025-12,0,0,0.0,0
CR0166,2025-01,2,10162,1276.8,53
CR0166,2025-02,2,13765,846.1,192
CR0166,2025-03,4,11208,947.4,137
CR0166,2025-04,5,15437,1208.6,186
CR0166,2025-05,5,8581,985.0,87
CR0166,2025-06,3,13324,1427.5,57
CR0166,2025-07,6,14987,1693.3,149
CR0166,2025-08,6,11125,677.2,88
CR0166,2025-09,2,10473,1525.1,117
CR0166,2025-10,3,18897,2316.2,241
CR0166,2025-11,3,13442,1810.8,178
CR0166,2025-12,2,10925,1510.4,147
CR0167,2025-01,0,0,0.0,0
CR0167,2025-02,0,0,0.0,0
CR0167,2025-03,4,14117,939.2,185
CR0167,2025-04,4,23677,3377.3,243
CR0167,2025-05,4,14030,1663.7,62
CR0167,2025-06,1,17088,1991.3,131
CR0167,2025-07,0,0,0.0,0
CR0167,2025-08,3,14874,1697.1,81
CR0167,2025-09,5,18690,2344.4,276
CR0167,2025-10,2,21269,2974.3,139
CR0167,2025-11,2,15706,1010.9,176
CR0167,2025-12,0,0,0.0,0
CR0168,2025-01,7,6882,1009.7,71
CR0168,2025-02,2,7977,564.7,106
CR0168,2025-03,3,8209,480.2,65
CR0168,2025-04,4,8276,656.3,72
CR0168,2025-05,6,7099,965.2,61
CR0168,2025-06,7,10484,636.4,102
CR0168,2025-07,6,15714,2229.8,181
CR0168,2025-08,0,0,0.0,0
CR0168,2025-09,3,11147,900.4,114
CR0168,2025-10,2,14226,1236.8,93
CR0168,2025-11,2,7352,572.8,93
CR0168,2025-12,0,0,0.0,0
CR0169,2025-01,5,575394,77190.4,7897
CR0169,2025-02,4,697991,43059.1,7334
CR0169,2025-03,9,693756,93409.8,9589
CR0169,2025-04,8,951383,89191.8,8378
CR0169,2025-05,11,999983,84046.0,8016
CR0169,2025-06,5,826964,103403.9,5341
CR0169,2025-07,8,811946,106240.3,4098
CR0169,2025-08,11,712938,97319.1,8542
CR0169,2025-09,8,660085,81987.6,6570
CR0169,2025-10,11,901108,52712.4,11669
CR0169,2025-11,7,825506,85580.4,6674
CR0169,2025-12,7,1068842,119414.2,7416
CR0170,2025-01,5,22627,2387.6,178
CR0170,2025-02,2,21936,2458.0,105
CR0170,2025-03,4,27434,3884.1,123
CR0170,2025-04,8,27488,2463.9,207
CR0170,2025-05,1,31274,1837.7,397
CR0170,2025-06,6,25271,3072.4,254
CR0170,2025-07,4,40265,5835.2,296
CR0170,2025-08,0,0,0.0,0
CR0170,2025-09,7,33855,2246.9,351
CR0170,2025-10,3,30581,2379.1,224
CR0170,2025-11,0,0,0.0,0
CR0170,2025-12,4,35130,4705.2,220
CR0171,2025-01,4,57898,7129.8,822
CR0171,2025-02,6,59193,6668.0,559
CR0171,2025-03,9,70637,4524.2,1019
CR0171,2025-04,5,76862,5420.0,1061
CR0171,2025-05,8,55892,8094.0,541
CR0171,2025-06,5,62988,5402.6,304
CR0171,2025-07,2,48691,3794.1,245
CR0171,2025-08,5,119203,15702.2,1420
CR0171,2025-09,3,77957,9871.8,482
CR0171,2025-10,4,71659,8793.3,779
CR0171,2025-11,8,78793,10603.9,672
CR0171,2025-12,7,80764,7257.0,1121
CR0172,2025-01,9,409715,48875.3,5715
CR0172,2025-02,7,202348,21178.0,2595
CR0172,2025-03,10,369589,55210.7,4622
CR0172,2025-04,8,166927,19338.1,1960
CR0172,2025-05,10,391571,49310.7,4804
CR0172,2025-06,11,245523,24278.0,2594
CR0172,2025-07,0,0,0.0,0
CR0172,2025-08,11,319205,43767.9,4730
CR0172,2025-09,6,480724,31378.9,2373
CR0172,2025-10,0,0,0.0,0
CR0172,2025-11,7,248694,22182.3,2406
CR0172,2025-12,8,264601,24511.7,2605
CR0173,2025-01,2,25529,2714.6,134
CR0173,2025-02,4,21778,1616.1,200
CR0173,2025-03,5,32259,3712.7,142
CR0173,2025-04,2,24472,1806.3,354
CR0173,2025-05,2,31478,2432.2,355
CR0173,2025-06,5,26370,3597.8,317
CR0173,2025-07,0,0,0.0,0
CR0173,2025-08,0,0,0.0,0
CR0173,2025-09,0,0,0.0,0
CR0173,2025-10,2,26276,2283.0,161
CR0173,2025-11,0,0,0.0,0
CR0173,2025-12,4,23794,2959.9,338
CR0174,2025-01,2,15730,1551.7,135
CR0174,2025-02,0,0,0.0,0
CR0174,2025-03,4,9094,943.3,126
CR0174,2025-04,5,13976,1620.0,118
CR0174,2025-05,0,0,0.0,0
CR0174,2025-06,4,19299,2414.3,190
CR0174,2025-07,5,14373,1464.0,119
CR0174,2025-08,7,11792,744.1,107
CR0174,2025-09,3,16288,1474.7,211
CR0174,2025-10,8,15378,2175.2,186
CR0174,2025-11,5,10668,1398.8,84
CR0174,2025-12,0,0,0.0,0
CR0175,2025-01,0,0,0.0,0
CR0175,2025-02,8,22129,2342.1,202
CR0175,2025-03,5,28251,2436.0,183
CR0175,2025-04,4,20313,1325.4,182
CR0175,2025-05,4,18260,1754.6,105
CR0175,2025-06,5,29852,2691.5,393
CR0175,2025-07,13,13580,2036.4,82
CR0175,2025-08,7,30180,2353.7,281
CR0175,2025-09,7,33564,4519.8,365
CR0175,2025-10,5,22637,1943.9,236
CR0175,2025-11,9,25026,2820.5,121
CR0175,2025-12,2,30604,4367.0,376
CR0176,2025-01,4,19983,2247.2,216
CR0176,2025-02,3,23810,1567.1,122
CR0176,2025-03,4,19086,2808.6,100
CR0176,2025-04,6,16915,1874.2,77
CR0176,2025-05,3,26687,2044.0,210
CR0176,2025-06,6,32703,4195.2,143
CR0176,2025-07,1,16887,1721.2,239
CR0176,2025-08,5,32588,2742.3,468
CR0176,2025-09,4,18423,1933.4,211
CR0176,2025-10,2,35350,3801.2,452
CR0176,2025-11,6,32075,4581.5,384
CR0176,2025-12,6,35314,4815.7,351
CR0177,2025-01,4,15640,1962.3,209
CR0177,2025-02,2,13995,2032.2,150
CR0177,2025-03,0,0,0.0,0
CR0177,2025-04,4,10975,754.0,143
CR0177,2025-05,3,13536,1294.1,96
CR0177,2025-06,4,13122,1549.0,99
CR0177,2025-07,0,0,0.0,0
CR0177,2025-08,6,19670,1881.1,87
CR0177,2025-09,0,0,0.0,0
CR0177,2025-10,6,21790,2583.8,197
CR0177,2025-11,6,22934,2395.9,216
CR0177,2025-12,4,22517,1417.4,119
CR0178,2025-01,10,365003,26755.6,3480
CR0178,2025-02,9,373912,53729.4,3820
CR0178,2025-03,1,294367,40677.6,1635
CR0178,2025-04,9,230084,23021.9,1005
CR0178,2025-05,6,326916,41197.7,3687
CR0178,2025-06,6,200532,12380.8,2026
CR0178,2025-07,8,280786,32569.1,2456
CR0178,2025-08,13,218029,20345.3,2787
CR0178,2025-09,12,348187,31907.0,2375
CR0178,2025-10,10,242343,36174.4,1747
CR0178,2025-11,13,372407,52645.5,2969
CR0178,2025-12,14,267911,34128.2,3449
CR0179,2025-01,5,107607,10679.1,1460
CR0179,2025-02,5,124280,7642.7,1052
CR0179,2025-03,6,98606,6936.6,864
CR0179,2025-04,7,129224,18347.9,1697
CR0179,2025-05,1,180136,24169.0,1588
CR0179,2025-06,8,179246,23402.9,1989
CR0179,2025-07,6,105634,11928.7,792
CR0179,2025-08,2,147127,17601.9,1624
CR0179,2025-09,5,231403,24193.4,2888
CR0179,2025-10,6,234570,25365.3,2829
CR0179,2025-11,6,229350,15008.7,3019
CR0179,2025-12,5,151648,18816.7,1613
CR0180,2025-01,2,27724,2138.0,394
CR0180,2025-02,9,32540,2309.4,456
CR0180,2025-03,3,26056,1626.2,242
CR0180,2025-04,5,35558,4829.0,475
CR0180,2025-05,8,27289,2441.5,143
CR0180,2025-06,5,27301,2608.2,122
CR0180,2025-07,5,32374,3736.2,140
CR0180,2025-08,5,36006,3854.8,323
CR0180,2025-09,9,24447,2737.1,183
CR0180,2025-10,9,29235,2271.5,319
CR0180,2025-11,0,0,0.0,0
CR0180,2025-12,4,25780,1593.0,118
CR0181,2025-01,2,43727,3456.8,232
CR0181,2025-02,4,43117,3344.9,405
CR0181,2025-03,3,28317,3027.8,337
CR0181,2025-04,4,36870,4468.2,324
CR0181,2025-05,3,43209,5286.1,641
CR0181,2025-06,3,42565,3470.3,453
CR0181,2025-07,3,41837,5848.1,338
CR0181,2025-08,0,0,0.0,0
CR0181,2025-09,4,39534,4189.9,179
CR0181,2025-10,6,25837,3412.1,232
CR0181,2025-11,3,30732,2827.3,387
CR0181,2025-12,3,41661,5627.6,557
CR0182,2025-01,9,80769,7030.8,603
CR0182,2025-02,6,75625,8413.1,477
CR0182,2025-03,7,92125,11471.2,1336
CR0182,2025-04,0,0,0.0,0
CR0182,2025-05,5,78131,7977.7,1055
CR0182,2025-06,5,74874,7656.1,553
CR0182,2025-07,2,85337,7741.3,787
CR0182,2025-08,3,72465,5746.0,976
CR0182,2025-09,0,0,0.0,0
CR0182,2025-10,6,96282,12577.7,1443
CR0182,2025-11,7,79444,5206.2,557
CR0182,2025-12,2,87931,6778.6,431
CR0183,2025-01,4,21996,1311.5,156
CR0183,2025-02,0,0,0.0,0
CR0183,2025-03,6,16314,1074.4,163
CR0183,2025-04,2,10444,983.5,126
CR0183,2025-05,4,10926,1542.2,91
CR0183,2025-06,6,9362,1304.4,81
CR0183,2025-07,4,17835,1231.5,183
CR0183,2025-08,0,0,0.0,0
CR0183,2025-09,6,9275,1361.0,131
CR0183,2025-10,4,16881,1274.8,96
CR0183,2025-11,0,0,0.0,0
CR0183,2025-12,4,7054,955.3,100
CR0184,2025-01,7,702138,50689.1,3634
CR0184,2025-02,8,513256,48090.6,3040
CR0184,2025-03,7,567866,40538.3,7019
CR0184,2025-04,9,456922,67283.2,3952
CR0184,2025-05,17,307683,39920.8,4541
CR0184,2025-06,5,372274,53514.9,4702
CR0184,2025-07,8,1209273,166564.4,18024
CR0184,2025-08,9,364695,23619.7,5031
CR0184,2025-09,14,428521,51011.5,6113
CR0184,2025-10,6,589397,74346.4,5176
CR0184,2025-11,15,455932,49707.2,6065
CR0184,2025-12,7,403363,33339.6,4892
CR0185,2025-01,3,78218,6627.5,741
CR0185,2025-02,10,121063,15187.5,1520
CR0185,2025-03,7,73032,5350.6,964
CR0185,2025-04,5,105425,14337.7,1301
CR0185,2025-05,5,150782,9849.6,729
CR0185,2025-06,0,0,0.0,0
CR0185,2025-07,9,108607,12355.6,1484
CR0185,2025-08,7,72312,7769.8,795
CR0185,2025-09,5,110228,8841.9,560
CR0185,2025-10,8,204666,13019.4,2134
CR0185,2025-11,5,151566,9830.0,971
CR0185,2025-12,5,113920,9963.7,806
CR0186,2025-01,2,18195,2248.0,144
CR0186,2025-02,0,0,0.0,0
CR0186,2025-03,4,29897,3621.8,393
CR0186,2025-04,5,18037,1231.2,194
CR0186,2025-05,0,0,0.0,0
CR0186,2025-06,3,40077,5538.7,274
CR0186,2025-07,3,38439,2318.8,554
CR0186,2025-08,1,16861,1268.3,145
CR0186,2025-09,4,39801,5213.2,427
CR0186,2025-10,3,29032,1803.4,380
CR0186,2025-11,5,26914,2363.0,338
CR0186,2025-12,7,37776,4659.2,506
CR0187,2025-01,8,135111,18444.3,1954
CR0187,2025-02,9,209786,22855.7,2364
CR0187,2025-03,11,263199,19567.6,1665
CR0187,2025-04,9,134173,14423.8,951
CR0187,2025-05,6,202071,21759.2,2708
CR0187,2025-06,4,193272,14192.3,1000
CR0187,2025-07,9,208336,15388.4,2409
CR0187,2025-08,6,148241,12512.9,2012
CR0187,2025-09,11,160454,16912.3,2063
CR0187,2025-10,3,201628,27653.0,1597
CR0187,2025-11,10,156994,14116.5,1966
CR0187,2025-12,6,205758,15231.0,1940
CR0188,2025-01,9,197302,21682.4,2032
CR0188,2025-02,10,149471,21682.9,2062
CR0188,2025-03,8,205341,13453.4,2751
CR0188,2025-04,5,318741,47794.3,1408
CR0188,2025-05,9,167948,20992.3,1616
CR0188,2025-06,12,184725,15721.8,2500
CR0188,2025-07,15,170187,14719.3,1472
CR0188,2025-08,4,184113,13285.5,1997
CR0188,2025-09,6,203271,12453.4,2114
CR0188,2025-10,6,298820,24632.6,4164
CR0188,2025-11,8,278687,36282.8,3613
CR0188,2025-12,0,0,0.0,0
CR0189,2025-01,0,0,0.0,0
CR0189,2025-02,11,512874,47593.6,7290
CR0189,2025-03,8,456324,65994.0,2738
CR0189,2025-04,5,946979,112189.7,13746
CR0189,2025-05,6,737689,70428.3,10032
CR0189,2025-06,8,687699,44735.9,4919
CR0189,2025-07,11,633348,72685.2,8906
CR0189,2025-08,11,456004,32217.8,3950
CR0189,2025-09,10,909645,115837.5,13490
CR0189,2025-10,7,1302144,150755.3,7177
CR0189,2025-11,9,904098,71962.6,9499
CR0189,2025-12,5,370105,40113.7,2181
CR0190,2025-01,8,69734,5837.7,477
CR0190,2025-02,3,70799,4387.5,407
CR0190,2025-03,4,76885,8753.0,493
CR0190,2025-04,6,66636,6900.5,581
CR0190,2025-05,0,0,0.0,0
CR0190,2025-06,3,65573,9547.8,289
CR0190,2025-07,5,105780,11983.4,1354
CR0190,2025-08,8,61253,5153.8,347
CR0190,2025-09,8,65651,8142.7,829
CR0190,2025-10,8,69327,8830.1,950
CR0190,2025-11,6,130819,14954.9,931
CR0190,2025-12,3,94291,12965.1,1091
CR0191,2025-01,4,101024,14489.8,609
CR0191,2025-02,0,0,0.0,0
CR0191,2025-03,5,96211,8535.5,1308
CR0191,2025-04,6,133686,11531.5,1756
CR0191,2025-05,0,0,0.0,0
CR0191,2025-06,6,107820,8363.4,594
CR0191,2025-07,5,153407,16360.0,1179
CR0191,2025-08,5,133124,16054.4,648
CR0191,2025-09,6,106803,7240.3,1355
CR0191,2025-10,12,125724,9799.2,539
CR0191,2025-11,5,117359,11954.9,1117
CR0191,2025-12,4,134822,18225.6,1206
CR0192,2025-01,3,54900,4113.7,285
CR0192,2025-02,8,52339,3829.2,421
CR0192,2025-03,5,49538,6118.8,231
CR0192,2025-04,3,39200,3534.6,162
CR0192,2025-05,8,37607,3781.1,288
CR0192,2025-06,4,43046,2591.8,177
CR0192,2025-07,2,68635,8531.4,901
CR0192,2025-08,1,53447,4815.0,651
CR0192,2025-09,4,44508,3192.5,547
CR0192,2025-10,3,39122,4982.8,533
CR0192,2025-11,4,69634,7120.1,629
CR0192,2025-12,4,47011,4120.4,405
CR0193,2025-01,7,135993,10784.7,1863
CR0193,2025-02,6,152660,21230.7,904
CR0193,2025-03,6,122780,7402.8,1817
CR0193,2025-04,9,121226,9583.1,1189
CR0193,2025-05,6,153356,12852.4,993
CR0193,2025-06,5,135739,17826.4,1462
CR0193,2025-07,3,95264,6921.2,1333
CR0193,2025-08,5,123811,17481.7,1533
CR0193,2025-09,4,143195,17433.0,1660
CR0193,2025-10,7,158426,10189.3,897
CR0193,2025-11,4,121599,14416.8,1046
CR0193,2025-12,4,176010,15098.8,2564
CR0194,2025-01,2,13035,1853.9,77
CR0194,2025-02,5,23811,1798.1,314
CR0194,2025-03,5,12756,1033.9,174
CR0194,2025-04,2,14132,1945.9,125
CR0194,2025-05,5,24312,1958.1,342
CR0194,2025-06,5,19260,1465.3,183
CR0194,2025-07,4,15378,1405.9,140
CR0194,2025-08,0,0,0.0,0
CR0194,2025-09,3,22526,1636.2,222
CR0194,2025-10,5,20136,2384.2,130
CR0194,2025-11,2,21750,1397.7,96
CR0194,2025-12,6,20056,2911.4,170
CR0195,2025-01,5,203782,23385.2,1298
CR0195,2025-02,5,258509,16008.0,3510
CR0195,2025-03,4,195141,20180.2,2323
CR0195,2025-04,7,153576,11885.2,790
CR0195,2025-05,4,237122,25470.9,1908
CR0195,2025-06,11,185851,23683.0,1537
CR0195,2025-07,3,222894,18202.5,1656
CR0195,2025-08,5,255740,16974.8,2134
CR0195,2025-09,2,195825,15226.3,895
CR0195,2025-10,7,252278,25039.1,3515
CR0195,2025-11,9,255672,24253.0,3139
CR0195,2025-12,5,289619,17915.3,1326
CR0196,2025-01,3,87913,10940.1,1262
CR0196,2025-02,9,73919,10311.5,845
CR0196,2025-03,1,70777,4277.0,297
CR0196,2025-04,9,65302,8075.2,632
CR0196,2025-05,7,57841,5727.4,770
CR0196,2025-06,3,56696,5748.1,279
CR0196,2025-07,5,60992,8632.2,326
CR0196,2025-08,2,51757,7155.3,268
CR0196,2025-09,4,57084,3635.4,717
CR0196,2025-10,2,84064,6904.9,952
CR0196,2025-11,8,123013,10075.2,1324
CR0196,2025-12,8,109467,10771.7,480
CR0197,2025-01,12,494683,67383.3,7171
CR0197,2025-02,6,383794,36189.4,4485
CR0197,2025-03,13,240795,32288.8,2278
CR0197,2025-04,8,314375,20949.4,1606
CR0197,2025-05,11,405612,41067.0,3662
CR0197,2025-06,6,338706,31808.9,1600
CR0197,2025-07,10,366288,48486.8,1996
CR0197,2025-08,13,311362,19184.9,4504
CR0197,2025-09,9,567998,71151.8,4357
CR0197,2025-10,11,340938,31898.0,1713
CR0197,2025-11,9,455904,65888.4,5095
CR0197,2025-12,6,344071,34808.5,2606
CR0198,2025-01,3,30483,3935.2,226
CR0198,2025-02,0,0,0.0,0
CR0198,2025-03,6,33775,3551.0,175
CR0198,2025-04,7,30868,4003.0,340
CR0198,2025-05,5,34010,4476.3,227
CR0198,2025-06,4,28885,2670.5,430
CR0198,2025-07,1,26570,2351.0,290
CR0198,2025-08,4,26392,3143.5,185
CR0198,2025-09,4,23037,1822.8,122
CR0198,2025-10,5,52608,6262.0,744
CR0198,2025-11,2,34551,2211.0,308
CR0198,2025-12,2,41120,5604.2,438
CR0199,2025-01,9,188334,26293.7,2334
CR0199,2025-02,11,239105,27798.8,3504
CR0199,2025-03,9,151389,22344.1,1062
CR0199,2025-04,5,313574,23528.4,2025
CR0199,2025-05,9,254632,16895.8,3040
CR0199,2025-06,11,232049,25613.7,2005
CR0199,2025-07,8,286814,27538.5,2630
CR0199,2025-08,5,297031,23486.3,1959
CR0199,2025-09,7,222351,19942.1,2727
CR0199,2025-10,8,254732,19676.1,1195
CR0199,2025-11,7,310732,37004.2,2078
CR0199,2025-12,10,480267,60689.2,6228
CR0200,2025-01,3,82101,11115.4,1228
CR0200,2025-02,6,143829,16438.6,1826
CR0200,2025-03,3,74694,10153.3,384
CR0200,2025-04,7,133315,11360.7,741
CR0200,2025-05,7,91432,9608.3,628
CR0200,2025-06,0,0,0.0,0
CR0200,2025-07,11,134241,10367.1,897
CR0200,2025-08,2,128862,13838.4,1924
CR0200,2025-09,13,110452,9572.7,1466
CR0200,2025-10,5,111044,13095.1,878
CR0200,2025-11,6,99307,13208.5,1058
CR0200,2025-12,4,146698,21344.7,616
CR0201,2025-01,6,9188,873.3,38
CR0201,2025-02,8,9402,798.5,75
CR0201,2025-03,4,9187,849.2,55
CR0201,2025-04,3,8485,1094.7,38
CR0201,2025-05,3,9790,835.3,41
CR0201,2025-06,3,11430,1021.5,144
CR0201,2025-07,3,11396,875.2,89
CR0201,2025-08,4,11113,815.3,57
CR0201,2025-09,4,11039,1216.3,156
CR0201,2025-10,6,8655,623.3,55
CR0201,2025-11,1,8379,1021.7,49
CR0201,2025-12,6,11028,1034.9,119
CR0202,2025-01,7,34577,2375.0,208
CR0202,2025-02,5,42692,3773.8,413
CR0202,2025-03,6,42786,4009.9,262
CR0202,2025-04,1,64041,4144.1,594
CR0202,2025-05,4,37542,3559.3,511
CR0202,2025-06,4,43572,5613.0,578
CR0202,2025-07,0,0,0.0,0
CR0202,2025-08,0,0,0.0,0
CR0202,2025-09,2,43600,5810.7,290
CR0202,2025-10,3,72383,9648.1,1001
CR0202,2025-11,2,31051,2151.7,288
CR0202,2025-12,6,50832,4671.7,549
CR0203,2025-01,2,21229,2098.8,165
CR0203,2025-02,6,23057,1737.1,141
CR0203,2025-03,3,14747,1235.5,144
CR0203,2025-04,4,20481,1673.2,299
CR0203,2025-05,0,0,0.0,0
CR0203,2025-06,3,23798,2912.9,247
CR0203,2025-07,2,14596,1531.3,85
CR0203,2025-08,4,17384,1617.9,213
CR0203,2025-09,0,0,0.0,0
CR0203,2025-10,4,17022,2037.5,101
CR0203,2025-11,1,12075,1493.9,133
CR0203,2025-12,5,22360,3076.5,128
CR0204,2025-01,0,0,0.0,0
CR0204,2025-02,3,18489,2414.3,265
CR0204,2025-03,4,15570,1725.1,203
CR0204,2025-04,2,11510,1131.9,100
CR0204,2025-05,3,12201,1761.4,182
CR0204,2025-06,3,9966,1187.3,65
CR0204,2025-07,3,13747,990.8,107
CR0204,2025-08,4,20271,2388.1,301
CR0204,2025-09,4,10796,714.8,93
CR0204,2025-10,7,15395,1681.3,191
CR0204,2025-11,6,15487,1889.3,194
CR0204,2025-12,3,16148,1033.9,88
CR0205,2025-01,0,0,0.0,0
CR0205,2025-02,4,26492,2244.7,255
CR0205,2025-03,4,40504,5132.9,600
CR0205,2025-04,5,37154,4850.8,528
CR0205,2025-05,0,0,0.0,0
CR0205,2025-06,2,65890,7452.7,696
CR0205,2025-07,0,0,0.0,0
CR0205,2025-08,3,47126,3657.4,284
CR0205,2025-09,0,0,0.0,0
CR0205,2025-10,7,57601,8472.8,693
CR0205,2025-11,1,58333,5015.6,777
CR0205,2025-12,3,44155,4968.5,371
CR0206,2025-01,5,37174,4991.4,448
CR0206,2025-02,5,43655,4889.1,417
CR0206,2025-03,7,51965,4931.5,288
CR0206,2025-04,4,51887,4676.2,241
CR0206,2025-05,3,56023,6506.7,831
CR0206,2025-06,3,40699,3377.4,183
CR0206,2025-07,3,31526,3033.7,385
CR0206,2025-08,5,40920,5448.7,458
CR0206,2025-09,5,53659,6880.2,230
CR0206,2025-10,3,64921,5213.0,301
CR0206,2025-11,3,35088,2750.0,332
CR0206,2025-12,3,42778,3848.5,221
CR0207,2025-01,4,19209,1957.0,258
CR0207,2025-02,3,24478,3076.3,365
CR0207,2025-03,3,20835,2099.0,174
CR0207,2025-04,6,14573,1380.3,130
CR0207,2025-05,5,25514,2400.1,307
CR0207,2025-06,3,17101,1060.4,107
CR0207,2025-07,3,17154,1393.8,194
CR0207,2025-08,4,29140,3958.2,126
CR0207,2025-09,2,20214,1206.0,131
CR0207,2025-10,4,23267,2656.8,155
CR0207,2025-11,3,24456,1775.3,348
CR0207,2025-12,0,0,0.0,0
CR0208,2025-01,3,124764,11757.9,698
CR0208,2025-02,9,126208,14526.2,869
CR0208,2025-03,3,123182,16826.8,1499
CR0208,2025-04,6,110099,11173.6,776
CR0208,2025-05,5,88028,10439.2,1047
CR0208,2025-06,7,128096,16280.3,878
CR0208,2025-07,5,81130,11018.3,422
CR0208,2025-08,7,88628,6501.2,1146
CR0208,2025-09,7,76517,5703.2,613
CR0208,2025-10,5,114109,10245.1,1208
CR0208,2025-11,0,0,0.0,0
CR0208,2025-12,9,110481,14583.9,1495
CR0209,2025-01,0,0,0.0,0
CR0209,2025-02,5,84947,7251.5,583
CR0209,2025-03,9,74531,10862.9,841
CR0209,2025-04,6,121035,9383.5,650
CR0209,2025-05,5,87252,5424.1,1218
CR0209,2025-06,6,106357,14248.0,537
CR0209,2025-07,5,132910,14038.6,847
CR0209,2025-08,5,77842,10921.5,405
CR0209,2025-09,7,119311,15997.2,1780
CR0209,2025-10,3,84419,5127.1,1174
CR0209,2025-11,4,128902,7582.3,612
CR0209,2025-12,10,86258,6872.8,711
CR0210,2025-01,0,0,0.0,0
CR0210,2025-02,5,70309,8782.7,759
CR0210,2025-03,10,53523,3546.1,471
CR0210,2025-04,8,34341,5075.6,316
CR0210,2025-05,2,72972,9503.9,630
CR0210,2025-06,5,69105,4798.1,696
CR0210,2025-07,6,59370,5938.4,508
CR0210,2025-08,11,55601,7411.2,446
CR0210,2025-09,8,68977,7499.5,635
CR0210,2025-10,3,73931,10590.4,553
CR0210,2025-11,0,0,0.0,0
CR0210,2025-12,5,69751,4452.3,644
CR0211,2025-01,8,130026,18291.5,1690
CR0211,2025-02,5,116580,7721.1,893
CR0211,2025-03,8,157536,9284.6,2346
CR0211,2025-04,14,116561,15409.8,517
CR0211,2025-05,8,178605,26111.5,2140
CR0211,2025-06,9,105276,13951.3,1368
CR0211,2025-07,7,149900,15608.6,2036
CR0211,2025-08,7,200015,14793.2,868
CR0211,2025-09,6,240214,26963.4,3337
CR0211,2025-10,6,138716,8851.0,993
CR0211,2025-11,16,177569,14868.9,2166
CR0211,2025-12,0,0,0.0,0
CR0212,2025-01,3,14364,936.4,160
CR0212,2025-02,5,18677,2052.7,144
CR0212,2025-03,2,24166,3542.1,217
CR0212,2025-04,5,19000,2378.8,123
CR0212,2025-05,6,30443,3241.3,317
CR0212,2025-06,0,0,0.0,0
CR0212,2025-07,5,28706,4081.1,225
CR0212,2025-08,6,27731,1778.4,219
CR0212,2025-09,0,0,0.0,0
CR0212,2025-10,5,27596,4123.3,412
CR0212,2025-11,5,26157,1652.6,119
CR0212,2025-12,2,26926,2118.5,275
CR0213,2025-01,0,0,0.0,0
CR0213,2025-02,6,88368,10551.1,1089
CR0213,2025-03,7,105966,11860.7,1427
CR0213,2025-04,0,0,0.0,0
CR0213,2025-05,3,98771,12275.1,938
CR0213,2025-06,3,140436,19149.1,2075
CR0213,2025-07,2,138806,20249.9,678
CR0213,2025-08,9,175375,11707.7,1732
CR0213,2025-09,8,97101,13574.6,788
CR0213,2025-10,10,111333,13674.4,1252
CR0213,2025-11,7,188641,12504.2,2602
CR0213,2025-12,5,160593,20626.4,935
CR0214,2025-01,1,16505,2298.8,214
CR0214,2025-02,3,9986,1068.6,84
CR0214,2025-03,3,13392,1376.5,67
CR0214,2025-04,6,18709,1344.6,276
CR0214,2025-05,4,27796,2888.5,308
CR0214,2025-06,0,0,0.0,0
CR0214,2025-07,3,27096,2638.1,225
CR0214,2025-08,3,20867,2485.9,230
CR0214,2025-09,5,23527,2818.5,237
CR0214,2025-10,8,24816,2056.0,295
CR0214,2025-11,2,22747,2765.3,237
CR0214,2025-12,0,0,0.0,0
CR0215,2025-01,3,20593,1702.0,172
CR0215,2025-02,1,12976,1625.6,127
CR0215,2025-03,0,0,0.0,0
CR0215,2025-04,2,16418,1825.9,188
CR0215,2025-05,3,18434,1447.0,77
CR0215,2025-06,4,20263,2366.1,110
CR0215,2025-07,4,15763,1160.0,223
CR0215,2025-08,0,0,0.0,0
CR0215,2025-09,3,17655,2189.8,213
CR0215,2025-10,1,19910,1380.6,200
CR0215,2025-11,2,14875,2090.4,165
CR0215,2025-12,2,28387,2886.0,398
CR0216,2025-01,2,14715,1377.6,75
CR0216,2025-02,3,15605,1369.3,208
CR0216,2025-03,1,14543,1473.4,134
CR0216,2025-04,4,9798,1083.1,67
CR0216,2025-05,7,10706,1315.5,69
CR0216,2025-06,2,12125,1147.2,141
CR0216,2025-07,6,8732,685.6,56
CR0216,2025-08,0,0,0.0,0
CR0216,2025-09,6,12692,1825.6,114
CR0216,2025-10,4,9854,1090.1,113
CR0216,2025-11,0,0,0.0,0
CR0216,2025-12,3,11496,1558.9,153
CR0217,2025-01,4,588922,48696.6,7909
CR0217,2025-02,11,401641,56803.3,4233
CR0217,2025-03,8,528397,54630.7,3432
CR0217,2025-04,6,1084959,108079.4,4723
CR0217,2025-05,18,606044,73765.0,2645
CR0217,2025-06,9,544739,73244.8,4353
CR0217,2025-07,10,557554,37462.9,4293
CR0217,2025-08,7,789475,117636.5,10841
CR0217,2025-09,12,665864,95294.9,4918
CR0217,2025-10,8,700889,45687.1,3047
CR0217,2025-11,7,517028,76926.7,5483
CR0217,2025-12,9,781547,65212.9,5937
CR0218,2025-01,4,11722,1609.1,174
CR0218,2025-02,6,11933,1148.7,139
CR0218,2025-03,5,14758,1772.3,130
CR0218,2025-04,3,20113,1315.4,210
CR0218,2025-05,5,10178,1524.6,130
CR0218,2025-06,3,12980,909.7,104
CR0218,2025-07,2,14061,1511.3,208
CR0218,2025-08,2,11866,893.9,88
CR0218,2025-09,6,14222,1034.1,158
CR0218,2025-10,0,0,0.0,0
CR0218,2025-11,2,13414,1627.3,167
CR0218,2025-12,2,12233,1015.6,140
CR0219,2025-01,2,31531,3141.4,149
CR0219,2025-02,3,16151,1897.4,236
CR0219,2025-03,4,22073,2713.4,247
CR0219,2025-04,4,26247,2056.2,202
CR0219,2025-05,8,30583,3990.3,185
CR0219,2025-06,3,23693,1985.0,153
CR0219,2025-07,1,14767,1242.9,197
CR0219,2025-08,3,23436,1625.5,146
CR0219,2025-09,7,21607,2747.3,169
CR0219,2025-10,0,0,0.0,0
CR0219,2025-11,8,21732,1580.4,173
CR0219,2025-12,0,0,0.0,0
CR0220,2025-01,3,16787,1468.7,227
CR0220,2025-02,2,25362,2002.7,299
CR0220,2025-03,2,22715,3401.6,267
CR0220,2025-04,7,27408,1696.6,339
CR0220,2025-05,6,23993,2683.3,180
CR0220,2025-06,5,19823,1548.8,182
CR0220,2025-07,4,26127,3846.3,271
CR0220,2025-08,3,18297,2560.9,147
CR0220,2025-09,3,29809,3914.1,207
CR0220,2025-10,3,22697,1744.1,112
CR0220,2025-11,4,22997,3026.3,150
CR0220,2025-12,7,25053,3324.0,305
CR0221,2025-01,8,16907,1194.0,135
CR0221,2025-02,2,14440,1350.3,102
CR0221,2025-03,7,15188,1105.6,110
CR0221,2025-04,5,15082,1903.2,223
CR0221,2025-05,6,20116,2610.3,243
CR0221,2025-06,1,12795,961.1,87
CR0221,2025-07,6,19464,2622.4,132
CR0221,2025-08,0,0,0.0,0
CR0221,2025-09,7,21129,1588.1,214
CR0221,2025-10,4,9237,729.0,56
CR0221,2025-11,3,20418,2844.3,223
CR0221,2025-12,5,18702,1171.4,136
CR0222,2025-01,0,0,0.0,0
CR0222,2025-02,3,7423,749.8,73
CR0222,2025-03,5,9427,820.0,140
CR0222,2025-04,5,11375,900.8,140
CR0222,2025-05,3,10406,976.2,110
CR0222,2025-06,4,11743,898.7,98
CR0222,2025-07,2,9111,828.4,81
CR0222,2025-08,1,9998,1246.8,43
CR0222,2025-09,4,8890,762.4,57
CR0222,2025-10,4,13881,1997.2,85
CR0222,2025-11,4,11273,1055.4,115
CR0222,2025-12,1,13562,1698.4,77
CR0223,2025-01,7,154739,19138.3,1787
CR0223,2025-02,0,0,0.0,0
CR0223,2025-03,9,208638,15186.9,861
CR0223,2025-04,4,207078,24042.6,2329
CR0223,2025-05,3,175902,11932.7,1900
CR0223,2025-06,10,333514,24667.6,2931
CR0223,2025-07,8,198642,17071.4,1320
CR0223,2025-08,2,227776,34070.6,1227
CR0223,2025-09,4,198058,21647.9,1264
CR0223,2025-10,8,140358,14026.8,1151
CR0223,2025-11,8,303036,22921.9,1578
CR0223,2025-12,0,0,0.0,0
CR0224,2025-01,0,0,0.0,0
CR0224,2025-02,2,18015,1120.5,119
CR0224,2025-03,6,32010,1939.5,261
CR0224,2025-04,3,15526,1392.7,177
CR0224,2025-05,3,18025,1509.7,111
CR0224,2025-06,3,21680,2181.4,102
CR0224,2025-07,0,0,0.0,0
CR0224,2025-08,5,20969,2871.8,132
CR0224,2025-09,3,38047,2353.2,156
CR0224,2025-10,5,26736,2776.7,318
CR0224,2025-11,3,28383,2104.0,188
CR0224,2025-12,6,22198,3212.3,220
CR0225,2025-01,5,60187,8360.6,647
CR0225,2025-02,0,0,0.0,0
CR0225,2025-03,4,37776,2489.0,274
CR0225,2025-04,5,46730,6728.4,225
CR0225,2025-05,3,38244,4997.2,338
CR0225,2025-06,4,41196,3274.9,469
CR0225,2025-07,0,0,0.0,0
CR0225,2025-08,5,32004,2511.7,284
CR0225,2025-09,2,37214,2467.9,282
CR0225,2025-10,0,0,0.0,0
CR0225,2025-11,4,42818,3212.2,358
CR0225,2025-12,3,39397,3180.1,575
CR0226,2025-01,0,0,0.0,0
CR0226,2025-02,7,52027,4738.5,636
CR0226,2025-03,10,72479,7972.8,752
CR0226,2025-04,9,89516,7262.8,384
CR0226,2025-05,4,45744,3481.2,237
CR0226,2025-06,5,82668,10731.2,964
CR0226,2025-07,6,97773,14365.4,696
CR0226,2025-08,5,108535,16167.7,632
CR0226,2025-09,5,89951,10471.8,1041
CR0226,2025-10,5,115243,16377.1,1567
CR0226,2025-11,4,105655,11981.7,1471
CR0226,2025-12,10,83727,7880.7,1160
CR0227,2025-01,4,15796,1883.4,118
CR0227,2025-02,0,0,0.0,0
CR0227,2025-03,4,17137,2417.5,154
CR0227,2025-04,6,11910,1684.1,52
CR0227,2025-05,0,0,0.0,0
CR0227,2025-06,0,0,0.0,0
CR0227,2025-07,3,13288,902.6,117
CR0227,2025-08,8,8861,1131.0,120
CR0227,2025-09,0,0,0.0,0
CR0227,2025-10,0,0,0.0,0
CR0227,2025-11,0,0,0.0,0
CR0227,2025-12,0,0,0.0,0
CR0228,2025-01,4,22053,3074.6,128
CR0228,2025-02,4,24141,2408.1,121
CR0228,2025-03,0,0,0.0,0
CR0228,2025-04,8,28345,1665.5,212
CR0228,2025-05,0,0,0.0,0
CR0228,2025-06,4,25162,1971.3,310
CR0228,2025-07,3,29379,1741.2,346
CR0228,2025-08,3,15252,1002.3,105
CR0228,2025-09,3,30864,1858.8,386
CR0228,2025-10,3,13828,1462.7,59
CR0228,2025-11,6,19169,2299.5,162
CR0228,2025-12,3,17823,2243.1,224
CR0229,2025-01,2,16965,1843.8,217
CR0229,2025-02,0,0,0.0,0
CR0229,2025-03,2,23946,3439.4,273
CR0229,2025-04,4,13265,1424.5,188
CR0229,2025-05,0,0,0.0,0
CR0229,2025-06,1,11382,1361.1,134
CR0229,2025-07,0,0,0.0,0
CR0229,2025-08,5,8970,858.5,50
CR0229,2025-09,1,16974,1200.6,163
CR0229,2025-10,4,13826,1546.1,125
CR0229,2025-11,2,16609,1243.1,120
CR0229,2025-12,5,16718,1863.6,72
CR0230,2025-01,8,68772,7722.0,925
CR0230,2025-02,6,61834,5351.5,637
CR0230,2025-03,7,76897,6387.4,1089
CR0230,2025-04,0,0,0.0,0
CR0230,2025-05,5,64572,4308.8,955
CR0230,2025-06,7,73820,5452.7,717
CR0230,2025-07,3,64343,5892.6,695
CR0230,2025-08,12,61189,3999.4,545
CR0230,2025-09,10,75181,5853.1,990
CR0230,2025-10,3,77183,5044.7,438
CR0230,2025-11,6,59838,6292.7,735
CR0230,2025-12,9,66883,5871.3,998
CR0231,2025-01,0,0,0.0,0
CR0231,2025-02,4,8574,625.6,127
CR0231,2025-03,3,7503,1003.9,90
CR0231,2025-04,7,9477,849.0,102
CR0231,2025-05,4,7741,1147.2,56
CR0231,2025-06,4,8191,1031.9,55
CR0231,2025-07,4,9688,1048.4,113
CR0231,2025-08,4,6638,759.6,88
CR0231,2025-09,6,5147,529.9,57
CR0231,2025-10,0,0,0.0,0
CR0231,2025-11,4,11942,1419.8,155
CR0231,2025-12,0,0,0.0,0
CR0232,2025-01,5,13252,1847.7,87
CR0232,2025-02,3,27086,2162.6,286
CR0232,2025-03,0,0,0.0,0
CR0232,2025-04,4,15594,1163.5,93
CR0232,2025-05,0,0,0.0,0
CR0232,2025-06,5,26450,2932.5,347
CR0232,2025-07,2,19516,2925.6,97
CR0232,2025-08,3,22063,1550.5,93
CR0232,2025-09,8,12485,1583.4,108
CR0232,2025-10,0,0,0.0,0
CR0232,2025-11,5,22287,3234.8,193
CR0232,2025-12,3,14589,1955.5,117
CR0233,2025-01,1,10555,717.4,43
CR0233,2025-02,5,10495,1178.2,150
CR0233,2025-03,1,9060,551.2,51
CR0233,2025-04,4,7957,959.1,75
CR0233,2025-05,6,14104,1705.4,76
CR0233,2025-06,4,10555,1324.7,88
CR0233,2025-07,5,7020,662.6,36
CR0233,2025-08,2,9259,1193.4,60
CR0233,2025-09,5,10552,1081.9,104
CR0233,2025-10,3,11967,768.3,124
CR0233,2025-11,5,8820,575.8,52
CR0233,2025-12,5,13252,1050.3,173
CR0234,2025-01,6,177395,25166.1,1632
CR0234,2025-02,0,0,0.0,0
CR0234,2025-03,11,146993,21829.6,2013
CR0234,2025-04,0,0,0.0,0
CR0234,2025-05,5,207932,27601.2,1362
CR0234,2025-06,2,191653,15560.7,2068
CR0234,2025-07,4,167952,9858.0,936
CR0234,2025-08,3,119437,16379.6,482
CR0234,2025-09,2,268486,33099.2,1204
CR0234,2025-10,8,111160,7598.6,623
CR0234,2025-11,5,246414,25277.6,1676
CR0234,2025-12,9,232489,18909.1,2238
CR0235,2025-01,0,0,0.0,0
CR0235,2025-02,3,15327,1129.1,222
CR0235,2025-03,2,14003,1646.2,197
CR0235,2025-04,4,19228,1743.5,149
CR0235,2025-05,2,25422,2606.6,220
CR0235,2025-06,5,13759,1292.7,158
CR0235,2025-07,3,26704,3506.5,177
CR0235,2025-08,3,20330,1937.6,158
CR0235,2025-09,0,0,0.0,0
CR0235,2025-10,2,28664,1759.5,148
CR0235,2025-11,4,22609,1515.9,195
CR0235,2025-12,3,39487,5355.4,253
CR0236,2025-01,4,12426,1202.7,136
CR0236,2025-02,5,7553,716.0,53
CR0236,2025-03,4,9260,556.5,67
CR0236,2025-04,6,11479,1610.3,160
CR0236,2025-05,3,14111,1143.5,95
CR0236,2025-06,2,9748,1235.5,42
CR0236,2025-07,6,12386,1807.1,112
CR0236,2025-08,4,9776,1115.2,136
CR0236,2025-09,4,18645,2194.7,246
CR0236,2025-10,5,13337,948.0,135
CR0236,2025-11,3,13425,1979.9,75
CR0236,2025-12,4,13309,1841.0,196
CR0237,2025-01,2,20883,2772.2,159
CR0237,2025-02,0,0,0.0,0
CR0237,2025-03,0,0,0.0,0
CR0237,2025-04,3,22374,2190.3,92
CR0237,2025-05,2,25380,2180.3,189
CR0237,2025-06,2,20576,2228.0,109
CR0237,2025-07,6,30497,2314.8,188
CR0237,2025-08,5,21850,2356.1,103
CR0237,2025-09,3,36890,2469.0,334
CR0237,2025-10,1,22389,1521.5,227
CR0237,2025-11,1,25329,1860.5,142
CR0237,2025-12,0,0,0.0,0
CR0238,2025-01,8,300428,39678.9,3339
CR0238,2025-02,6,277999,23494.1,2008
CR0238,2025-03,10,328558,26194.0,3527
CR0238,2025-04,6,212289,24033.0,878
CR0238,2025-05,10,278728,17801.9,2634
CR0238,2025-06,8,257631,28165.0,2745
CR0238,2025-07,10,308630,33695.6,1659
CR0238,2025-08,10,365102,37461.8,2664
CR0238,2025-09,8,292308,25932.6,1890
CR0238,2025-10,10,482295,50966.1,4782
CR0238,2025-11,11,303240,42048.7,1475
CR0238,2025-12,0,0,0.0,0
CR0239,2025-01,3,13465,793.1,185
CR0239,2025-02,4,14763,1762.2,73
CR0239,2025-03,3,19248,1139.5,109
CR0239,2025-04,2,17018,2346.1,201
CR0239,2025-05,0,0,0.0,0
CR0239,2025-06,0,0,0.0,0
CR0239,2025-07,0,0,0.0,0
CR0239,2025-08,7,11252,1372.6,82
CR0239,2025-09,2,19175,1561.7,262
CR0239,2025-10,5,19171,2713.1,279
CR0239,2025-11,1,23295,2137.5,214
CR0239,2025-12,2,17213,1763.9,107
CR0240,2025-01,6,11645,1351.9,132
CR0240,2025-02,6,11398,1620.8,83
CR0240,2025-03,3,10491,1009.6,97
CR0240,2025-04,2,12294,1741.6,123
CR0240,2025-05,0,0,0.0,0
CR0240,2025-06,4,12594,842.2,142
CR0240,2025-07,7,12257,1533.9,135
CR0240,2025-08,3,17274,1102.1,223
CR0240,2025-09,4,16694,1854.2,222
CR0240,2025-10,2,12298,1711.4,148
CR0240,2025-11,4,14084,1892.5,167
CR0240,2025-12,5,26684,1567.0,266
CR0241,2025-01,8,9004,592.9,74
CR0241,2025-02,7,18014,1838.9,217
CR0241,2025-03,1,10670,1411.8,150
CR0241,2025-04,7,13132,1090.4,88
CR0241,2025-05,0,0,0.0,0
CR0241,2025-06,5,13435,1828.9,90
CR0241,2025-07,0,0,0.0,0
CR0241,2025-08,2,19187,1241.9,94
CR0241,2025-09,0,0,0.0,0
CR0241,2025-10,4,11526,1056.7,128
CR0241,2025-11,4,14262,1449.4,85
CR0241,2025-12,4,18622,1995.3,233
CR0242,2025-01,0,0,0.0,0
CR0242,2025-02,7,36019,3136.0,382
CR0242,2025-03,6,43035,5545.3,418
CR0242,2025-04,9,48034,6018.3,318
CR0242,2025-05,3,55654,5524.8,832
CR0242,2025-06,5,41534,5782.7,480
CR0242,2025-07,4,61426,7606.4,775
CR0242,2025-08,5,40285,3761.9,163
CR0242,2025-09,1,58845,3499.8,372
CR0242,2025-10,6,45111,5240.2,469
CR0242,2025-11,8,44257,6053.2,524
CR0242,2025-12,4,48916,3931.0,640
CR0243,2025-01,9,44515,4773.7,639
CR0243,2025-02,6,79508,10192.8,777
CR0243,2025-03,9,57327,7650.8,682
CR0243,2025-04,6,54513,3232.8,375
CR0243,2025-05,15,59685,8215.7,246
CR0243,2025-06,4,60392,7432.2,712
CR0243,2025-07,6,86114,9473.5,768
CR0243,2025-08,5,88435,12404.0,1261
CR0243,2025-09,9,73189,7175.0,423
CR0243,2025-10,6,68138,7140.5,774
CR0243,2025-11,7,123353,7347.7,1499
CR0243,2025-12,8,102577,6925.8,1147
CR0244,2025-01,9,89201,11915.6,1214
CR0244,2025-02,8,78867,10522.3,1000
CR0244,2025-03,4,91479,13441.7,678
CR0244,2025-04,4,78093,10196.5,710
CR0244,2025-05,8,59375,7974.6,720
CR0244,2025-06,4,93920,11974.0,441
CR0244,2025-07,6,71770,10119.6,412
CR0244,2025-08,8,83545,5206.7,1153
CR0244,2025-09,9,171294,24137.2,1569
CR0244,2025-10,4,99375,6272.5,734
CR0244,2025-11,8,146446,11101.2,771
CR0244,2025-12,0,0,0.0,0
CR0245,2025-01,5,74338,7350.1,373
CR0245,2025-02,6,64290,6552.4,293
CR0245,2025-03,6,106532,14933.2,984
CR0245,2025-04,6,81417,7145.8,984
CR0245,2025-05,4,72350,4768.1,573
CR0245,2025-06,4,87472,10845.1,990
CR0245,2025-07,5,95475,13643.8,953
CR0245,2025-08,6,115276,16805.2,988
CR0245,2025-09,8,106863,9543.0,1254
CR0245,2025-10,4,111204,14769.2,1136
CR0245,2025-11,6,115001,8313.7,763
CR0245,2025-12,2,151957,17195.6,702
CR0246,2025-01,2,14652,1560.1,128
CR0246,2025-02,1,21660,2936.7,271
CR0246,2025-03,6,11985,1769.5,90
CR0246,2025-04,1,14631,1381.0,122
CR0246,2025-05,0,0,0.0,0
CR0246,2025-06,3,17096,1557.3,138
CR0246,2025-07,3,27506,4086.8,367
CR0246,2025-08,1,17504,1178.9,110
CR0246,2025-09,4,25759,3561.6,103
CR0246,2025-10,5,23111,2437.1,340
CR0246,2025-11,0,0,0.0,0
CR0246,2025-12,4,26145,2820.8,178
CR0247,2025-01,2,20523,2893.4,169
CR0247,2025-02,4,57767,7777.4,255
CR0247,2025-03,6,45368,4200.1,311
CR0247,2025-04,7,29625,2286.7,217
CR0247,2025-05,9,35456,4515.7,467
CR0247,2025-06,7,28851,2799.6,120
CR0247,2025-07,4,36726,4292.2,522
CR0247,2025-08,8,55323,3436.0,589
CR0247,2025-09,13,56315,8327.2,360
CR0247,2025-10,8,61014,6568.4,296
CR0247,2025-11,4,69411,4546.7,739
CR0247,2025-12,0,0,0.0,0
CR0248,2025-01,6,13548,932.2,163
CR0248,2025-02,2,19566,2103.4,206
CR0248,2025-03,0,0,0.0,0
CR0248,2025-04,4,15456,1387.4,70
CR0248,2025-05,2,16081,1769.5,192
CR0248,2025-06,0,0,0.0,0
CR0248,2025-07,5,15525,1398.3,91
CR0248,2025-08,0,0,0.0,0
CR0248,2025-09,1,17116,2092.7,194
CR0248,2025-10,4,16378,1050.9,228
CR0248,2025-11,4,22000,2170.4,203
CR0248,2025-12,2,19408,1691.2,161
CR0249,2025-01,2,20091,1435.9,183
CR0249,2025-02,1,51996,5379.2,353
CR0249,2025-03,6,23305,1937.7,279
CR0249,2025-04,3,31290,2637.9,210
CR0249,2025-05,0,0,0.0,0
CR0249,2025-06,0,0,0.0,0
CR0249,2025-07,2,21985,3104.8,268
CR0249,2025-08,2,29450,2899.3,428
CR0249,2025-09,4,25298,2815.7,282
CR0249,2025-10,2,23099,2522.0,152
CR0249,2025-11,2,24969,2441.7,302
CR0249,2025-12,0,0,0.0,0
CR0250,2025-01,7,10035,1176.1,97
CR0250,2025-02,6,18442,1692.2,249
CR0250,2025-03,0,0,0.0,0
CR0250,2025-04,5,16769,1128.6,185
CR0250,2025-05,0,0,0.0,0
CR0250,2025-06,2,9320,1318.3,125
CR0250,2025-07,2,16043,1004.1,161
CR0250,2025-08,1,19460,2343.0,174
CR0250,2025-09,3,16854,1017.7,149
CR0250,2025-10,4,21862,2736.1,247
CR0250,2025-11,0,0,0.0,0
CR0250,2025-12,3,19103,2289.5,277
CR0251,2025-01,6,264010,27791.6,1669
CR0251,2025-02,10,513587,30163.8,6630
CR0251,2025-03,6,438436,32967.8,6482
CR0251,2025-04,5,406733,59297.5,5186
CR0251,2025-05,3,714815,44896.7,9494
CR0251,2025-06,10,386705,48443.6,3259
CR0251,2025-07,0,0,0.0,0
CR0251,2025-08,8,587800,82582.8,5222
CR0251,2025-09,9,408532,46557.1,5840
CR0251,2025-10,5,379483,30795.6,5110
CR0251,2025-11,8,459261,39486.0,6201
CR0251,2025-12,11,508133,52516.9,5404
CR0252,2025-01,4,162634,23385.4,2177
CR0252,2025-02,8,256281,33941.8,1186
CR0252,2025-03,10,168252,24301.8,866
CR0252,2025-04,6,156235,22212.5,1511
CR0252,2025-05,9,144883,10189.3,1637
CR0252,2025-06,12,153894,14099.4,2152
CR0252,2025-07,8,266081,26456.4,2238
CR0252,2025-08,6,114357,17132.5,466
CR0252,2025-09,2,140823,11443.4,886
CR0252,2025-10,7,113035,10062.9,988
CR0252,2025-11,12,161012,15135.1,1600
CR0252,2025-12,7,199461,23553.3,1393
CR0253,2025-01,3,66202,6249.6,897
CR0253,2025-02,9,54807,5224.1,514
CR0253,2025-03,4,64040,6432.4,272
CR0253,2025-04,6,67244,7878.8,515
CR0253,2025-05,4,88829,11534.0,943
CR0253,2025-06,9,50686,6384.8,308
CR0253,2025-07,3,70408,6328.0,1016
CR0253,2025-08,8,68233,8034.6,824
CR0253,2025-09,5,74655,7347.4,706
CR0253,2025-10,4,71876,7435.7,892
CR0253,2025-11,5,63280,5557.6,451
CR0253,2025-12,6,68177,6599.0,877
CR0254,2025-01,4,35967,2372.9,304
CR0254,2025-02,1,41908,5440.9,585
CR0254,2025-03,0,0,0.0,0
CR0254,2025-04,3,39186,3035.7,346
CR0254,2025-05,6,33167,2976.3,376
CR0254,2025-06,5,52541,7874.0,371
CR0254,2025-07,4,47057,4758.5,232
CR0254,2025-08,1,41589,2999.3,525
CR0254,2025-09,3,67734,4893.9,831
CR0254,2025-10,0,0,0.0,0
CR0254,2025-11,3,71816,6927.8,1025
CR0254,2025-12,0,0,0.0,0
CR0255,2025-01,3,13707,1858.3,100
CR0255,2025-02,6,9978,1210.8,112
CR0255,2025-03,4,7936,879.2,115
CR0255,2025-04,6,9947,1249.9,102
CR0255,2025-05,2,10858,1497.7,53
CR0255,2025-06,3,10208,979.3,117
CR0255,2025-07,1,9645,842.0,66
CR0255,2025-08,5,5453,490.7,49
CR0255,2025-09,4,10854,1410.2,140
CR0255,2025-10,4,19693,2635.1,173
CR0255,2025-11,4,10598,748.8,117
CR0255,2025-12,3,11838,1520.6,65
CR0256,2025-01,11,42758,6282.1,370
CR0256,2025-02,0,0,0.0,0
CR0256,2025-03,5,58003,5109.8,647
CR0256,2025-04,6,48161,5474.9,279
CR0256,2025-05,6,83167,7353.2,659
CR0256,2025-06,6,86381,11392.6,826
CR0256,2025-07,3,71550,8488.3,930
CR0256,2025-08,5,73409,8702.5,416
CR0256,2025-09,4,59946,5013.4,251
CR0256,2025-10,3,118785,15927.2,1353
CR0256,2025-11,3,88879,10299.6,548
CR0256,2025-12,11,82947,9352.2,789
CR0257,2025-01,0,0,0.0,0
CR0257,2025-02,3,64652,8815.0,687
CR0257,2025-03,8,68136,8080.8,466
CR0257,2025-04,6,64271,6316.6,878
CR0257,2025-05,7,55403,6601.4,361
CR0257,2025-06,9,104054,9728.6,1155
CR0257,2025-07,5,71409,9587.0,751
CR0257,2025-08,8,92088,6247.4,1297
CR0257,2025-09,7,138747,17854.5,664
CR0257,2025-10,6,98730,11233.8,552
CR0257,2025-11,6,154241,16187.4,1999
CR0257,2025-12,3,135753,9960.3,1668
CR0258,2025-01,9,177926,12244.5,2521
CR0258,2025-02,5,225375,13301.5,903
CR0258,2025-03,7,306426,21982.7,1897
CR0258,2025-04,7,200111,25258.8,2280
CR0258,2025-05,9,314328,27915.0,3734
CR0258,2025-06,11,609120,63105.1,4631
CR0258,2025-07,5,312467,46772.0,2913
CR0258,2025-08,11,260701,26907.7,1137
CR0258,2025-09,7,378214,46396.9,3396
CR0258,2025-10,12,289425,38109.0,1174
CR0258,2025-11,9,453901,57811.0,3700
CR0258,2025-12,13,329688,28346.7,2795
CR0259,2025-01,7,161265,9871.6,1190
CR0259,2025-02,2,144760,10873.0,1692
CR0259,2025-03,5,161410,21131.7,752
CR0259,2025-04,10,177389,11982.5,1042
CR0259,2025-05,4,218603,18376.3,2803
CR0259,2025-06,3,92468,8804.6,1386
CR0259,2025-07,8,105845,8322.6,1188
CR0259,2025-08,11,127976,9976.8,987
CR0259,2025-09,5,112197,15522.2,1504
CR0259,2025-10,5,120243,11231.4,751
CR0259,2025-11,13,174685,25037.9,1780
CR0259,2025-12,10,253755,18764.3,1686
CR0260,2025-01,4,33838,5072.9,166
CR0260,2025-02,0,0,0.0,0
CR0260,2025-03,5,38682,5073.8,312
CR0260,2025-04,1,72821,10656.9,431
CR0260,2025-05,2,56814,8029.6,337
CR0260,2025-06,3,48706,3812.4,448
CR0260,2025-07,6,41253,4289.0,187
CR0260,2025-08,4,41988,4374.1,483
CR0260,2025-09,3,55611,4095.7,466
CR0260,2025-10,6,53546,5255.1,744
CR0260,2025-11,4,59227,4725.7,407
CR0260,2025-12,3,60287,6993.3,461
CR0261,2025-01,6,53201,6324.5,594
CR0261,2025-02,4,47925,4589.2,274
CR0261,2025-03,7,42174,5414.0,259
CR0261,2025-04,5,39506,3002.0,389
CR0261,2025-05,3,62327,8696.2,742
CR0261,2025-06,7,69186,5894.8,786
CR0261,2025-07,9,69250,10129.0,647
CR0261,2025-08,5,54703,3767.3,800
CR0261,2025-09,5,131167,14455.3,1313
CR0261,2025-10,6,103934,9507.7,1058
CR0261,2025-11,6,63963,9434.8,483
CR0261,2025-12,6,46949,4807.7,547
CR0262,2025-01,4,11674,1117.7,153
CR0262,2025-02,6,11568,1000.7,80
CR0262,2025-03,3,15062,1164.2,150
CR0262,2025-04,3,15426,1110.3,220
CR0262,2025-05,3,6828,817.3,55
CR0262,2025-06,1,16741,1621.6,240
CR0262,2025-07,3,11483,1121.8,157
CR0262,2025-08,3,10388,1420.9,94
CR0262,2025-09,4,9883,605.4,59
CR0262,2025-10,4,9926,1444.5,76
CR0262,2025-11,4,11544,1636.6,100
CR0262,2025-12,5,9042,632.9,109
CR0263,2025-01,4,48926,3556.9,483
CR0263,2025-02,0,0,0.0,0
CR0263,2025-03,8,23341,2953.3,332
CR0263,2025-04,4,20883,1686.6,104
CR0263,2025-05,6,41375,5103.3,215
CR0263,2025-06,0,0,0.0,0
CR0263,2025-07,3,38210,5085.6,504
CR0263,2025-08,0,0,0.0,0
CR0263,2025-09,2,38946,5567.8,358
CR0263,2025-10,1,39061,4335.8,165
CR0263,2025-11,5,43559,4229.5,214
CR0263,2025-12,5,37777,2894.1,235
CR0264,2025-01,3,12939,799.6,152
CR0264,2025-02,5,25922,3407.3,103
CR0264,2025-03,0,0,0.0,0
CR0264,2025-04,0,0,0.0,0
CR0264,2025-05,4,32463,2851.0,466
CR0264,2025-06,0,0,0.0,0
CR0264,2025-07,6,28221,3637.2,318
CR0264,2025-08,3,34671,3232.5,228
CR0264,2025-09,2,17625,1062.1,161
CR0264,2025-10,4,21282,1704.4,188
CR0264,2025-11,6,21842,1873.5,199
CR0264,2025-12,2,25707,2065.4,253
CR0265,2025-01,4,18535,1627.5,96
CR0265,2025-02,5,16141,2092.0,124
CR0265,2025-03,3,9904,632.2,53
CR0265,2025-04,1,16040,1811.0,240
CR0265,2025-05,5,16794,1279.5,192
CR0265,2025-06,3,15221,1832.4,63
CR0265,2025-07,0,0,0.0,0
CR0265,2025-08,6,17676,1560.1,79
CR0265,2025-09,5,22149,2835.6,258
CR0265,2025-10,6,10523,1574.0,128
CR0265,2025-11,2,14330,1684.8,184
CR0265,2025-12,1,22626,2578.8,287
CR0266,2025-01,5,116042,11598.4,1361
CR0266,2025-02,6,82263,10641.5,1142
CR0266,2025-03,5,79891,4709.7,974
CR0266,2025-04,6,77299,9783.2,868
CR0266,2025-05,8,91746,13218.7,1008
CR0266,2025-06,9,151150,11113.2,1251
CR0266,2025-07,0,0,0.0,0
CR0266,2025-08,9,110384,8937.2,813
CR0266,2025-09,5,103235,9108.1,819
CR0266,2025-10,7,124841,15568.4,1597
CR0266,2025-11,6,127985,16381.5,632
CR0266,2025-12,7,173344,19932.9,1894
CR0267,2025-01,4,16933,2447.8,164
CR0267,2025-02,6,15179,1208.9,192
CR0267,2025-03,7,27175,3223.5,125
CR0267,2025-04,3,16653,1205.2,175
CR0267,2025-05,6,22146,2448.8,196
CR0267,2025-06,3,15008,1344.5,183
CR0267,2025-07,1,31335,3502.0,307
CR0267,2025-08,7,19416,2540.3,259
CR0267,2025-09,2,14229,1835.4,114
CR0267,2025-10,3,15041,1354.2,91
CR0267,2025-11,2,21857,2576.7,318
CR0267,2025-12,0,0,0.0,0
CR0268,2025-01,4,14078,2070.5,174
CR0268,2025-02,2,14501,1374.9,196
CR0268,2025-03,3,15371,2212.6,223
CR0268,2025-04,0,0,0.0,0
CR0268,2025-05,0,0,0.0,0
CR0268,2025-06,6,15426,1720.8,109
CR0268,2025-07,4,10093,815.8,148
CR0268,2025-08,7,10573,1195.0,43
CR0268,2025-09,0,0,0.0,0
CR0268,2025-10,3,16828,1820.0,162
CR0268,2025-11,2,15245,2017.0,128
CR0268,2025-12,3,15983,1264.9,102
CR0269,2025-01,2,16892,1090.4,177
CR0269,2025-02,2,24821,3524.3,139
CR0269,2025-03,6,15858,1737.4,99
CR0269,2025-04,5,29631,3442.6,138
CR0269,2025-05,0,0,0.0,0
CR0269,2025-06,2,22011,2340.8,105
CR0269,2025-07,4,26740,1848.2,253
CR0269,2025-08,6,28711,3420.0,164
CR0269,2025-09,2,18861,2335.9,272
CR0269,2025-10,3,22768,1660.3,149
CR0269,2025-11,5,26225,2700.7,367
CR0269,2025-12,2,21815,1451.5,204
CR0270,2025-01,0,0,0.0,0
CR0270,2025-02,4,53524,4180.8,721
CR0270,2025-03,9,74821,4398.6,903
CR0270,2025-04,11,57602,6698.9,324
CR0270,2025-05,11,86786,6929.0,635
CR0270,2025-06,5,54559,5888.4,263
CR0270,2025-07,6,79707,8382.5,341
CR0270,2025-08,6,124834,14330.0,1796
CR0270,2025-09,2,97007,9869.1,869
CR0270,2025-10,10,71982,10161.1,791
CR0270,2025-11,8,97562,10094.2,570
CR0270,2025-12,1,125256,15188.0,550
CR0271,2025-01,0,0,0.0,0
CR0271,2025-02,0,0,0.0,0
CR0271,2025-03,4,11467,1079.0,159
CR0271,2025-04,3,22684,1902.5,172
CR0271,2025-05,0,0,0.0,0
CR0271,2025-06,2,14138,1208.9,182
CR0271,2025-07,4,15065,1757.4,130
CR0271,2025-08,0,0,0.0,0
CR0271,2025-09,5,20528,1235.2,253
CR0271,2025-10,6,18438,1797.0,199
CR0271,2025-11,7,21364,2265.8,295
CR0271,2025-12,4,25700,3285.3,287
CR0272,2025-01,0,0,0.0,0
CR0272,2025-02,7,47991,5482.5,231
CR0272,2025-03,6,66317,5881.4,450
CR0272,2025-04,7,76529,10855.3,976
CR0272,2025-05,8,86002,7086.8,728
CR0272,2025-06,6,95296,13139.3,708
CR0272,2025-07,0,0,0.0,0
CR0272,2025-08,7,137726,19783.3,743
CR0272,2025-09,4,119623,10057.3,521
CR0272,2025-10,6,103782,12256.1,1140
CR0272,2025-11,11,83634,9123.3,564
CR0272,2025-12,3,123815,7524.4,1561
CR0273,2025-01,7,253894,18566.0,1822
CR0273,2025-02,10,256381,36545.6,3413
CR0273,2025-03,7,291177,36646.7,2887
CR0273,2025-04,12,406711,59501.1,3565
CR0273,2025-05,7,308265,32228.3,3508
CR0273,2025-06,10,401573,41166.1,4280
CR0273,2025-07,7,353723,32058.0,2799
CR0273,2025-08,11,380227,28092.1,2945
CR0273,2025-09,8,283927,28612.6,4009
CR0273,2025-10,8,379955,56703.2,2202
CR0273,2025-11,4,314409,41579.7,2996
CR0273,2025-12,6,335859,37542.3,2825
CR0274,2025-01,3,35739,3957.6,212
CR0274,2025-02,0,0,0.0,0
CR0274,2025-03,5,21538,2242.2,96
CR0274,2025-04,5,31305,4169.0,308
CR0274,2025-05,2,24765,2623.0,167
CR0274,2025-06,7,29813,4369.7,237
CR0274,2025-07,5,33226,3258.1,292
CR0274,2025-08,4,24071,2811.9,292
CR0274,2025-09,1,44001,5413.8,224
CR0274,2025-10,3,36366,5191.7,290
CR0274,2025-11,0,0,0.0,0
CR0274,2025-12,5,24051,3075.0,319
CR0275,2025-01,11,140989,18333.0,1227
CR0275,2025-02,8,99223,13702.6,1433
CR0275,2025-03,5,75502,9481.8,370
CR0275,2025-04,5,148940,12695.3,966
CR0275,2025-05,6,141037,20616.7,923
CR0275,2025-06,5,93674,10965.3,822
CR0275,2025-07,3,173728,22128.4,2310
CR0275,2025-08,6,108675,10971.8,593
CR0275,2025-09,8,98420,10190.0,1092
CR0275,2025-10,7,125498,13301.8,509
CR0275,2025-11,7,140866,17513.0,1019
CR0275,2025-12,0,0,0.0,0
CR0276,2025-01,0,0,0.0,0
CR0276,2025-02,0,0,0.0,0
CR0276,2025-03,3,7387,514.8,84
CR0276,2025-04,4,8755,949.9,39
CR0276,2025-05,5,14380,1130.1,159
CR0276,2025-06,5,12920,1933.7,78
CR0276,2025-07,5,11533,1417.6,138
CR0276,2025-08,0,0,0.0,0
CR0276,2025-09,3,13590,1440.5,61
CR0276,2025-10,3,8575,960.7,111
CR0276,2025-11,4,9881,1129.0,141
CR0276,2025-12,3,14164,1013.9,100
CR0277,2025-01,8,96086,7369.8,586
CR0277,2025-02,2,88628,8533.2,563
CR0277,2025-03,5,110713,10665.0,584
CR0277,2025-04,5,143762,19622.3,1277
CR0277,2025-05,6,131584,16822.2,593
CR0277,2025-06,4,120014,15256.3,1319
CR0277,2025-07,9,134157,15274.3,1092
CR0277,2025-08,6,104632,14706.1,613
CR0277,2025-09,4,106291,9114.2,710
CR0277,2025-10,9,117458,12303.5,1566
CR0277,2025-11,5,108079,11436.6,846
CR0277,2025-12,4,132860,16452.2,791
CR0278,2025-01,3,24128,2702.1,223
CR0278,2025-02,2,24266,1735.8,248
CR0278,2025-03,0,0,0.0,0
CR0278,2025-04,4,28190,1753.7,262
CR0278,2025-05,4,20186,1570.7,261
CR0278,2025-06,4,26412,3718.0,137
CR0278,2025-07,3,37153,3751.1,415
CR0278,2025-08,5,23773,1916.1,195
CR0278,2025-09,0,0,0.0,0
CR0278,2025-10,3,43752,3525.4,251
CR0278,2025-11,3,54888,6546.3,759
CR0278,2025-12,3,27464,1890.4,205
CR0279,2025-01,12,296412,23443.8,3620
CR0279,2025-02,6,239314,14955.8,3494
CR0279,2025-03,5,234376,34325.4,2662
CR0279,2025-04,8,216330,28973.5,1597
CR0279,2025-05,8,197325,21400.6,2431
CR0279,2025-06,10,334702,23268.0,4987
CR0279,2025-07,11,256501,19524.1,1432
CR0279,2025-08,8,215160,25480.7,1730
CR0279,2025-09,13,210097,31185.2,1452
CR0279,2025-10,10,259002,21400.3,1405
CR0279,2025-11,10,301301,37092.9,3744
CR0279,2025-12,10,246080,27739.5,3086
CR0280,2025-01,8,50272,5932.9,672
CR0280,2025-02,6,70034,6036.0,430
CR0280,2025-03,5,46681,4719.0,456
CR0280,2025-04,7,125207,15713.1,874
CR0280,2025-05,6,72215,4491.3,963
CR0280,2025-06,8,81982,11125.3,905
CR0280,2025-07,0,0,0.0,0
CR0280,2025-08,6,84261,8477.1,1227
CR0280,2025-09,7,70030,8816.8,868
CR0280,2025-10,8,86547,11693.9,368
CR0280,2025-11,6,74379,9273.6,329
CR0280,2025-12,2,107913,12509.7,653
CR0281,2025-01,7,47946,5618.9,401
CR0281,2025-02,8,63601,5658.7,655
CR0281,2025-03,3,65043,8242.5,727
CR0281,2025-04,7,28973,4133.4,269
CR0281,2025-05,7,61565,6010.6,673
CR0281,2025-06,7,79007,6876.3,816
CR0281,2025-07,8,77872,10306.1,1034
CR0281,2025-08,4,67267,7141.0,612
CR0281,2025-09,9,50256,4777.1,525
CR0281,2025-10,9,56081,7449.7,715
CR0281,2025-11,5,92491,11194.0,660
CR0281,2025-12,6,71862,6066.3,455
CR0282,2025-01,3,11574,1376.5,156
CR0282,2025-02,4,8112,1008.5,101
CR0282,2025-03,3,11531,1282.3,95
CR0282,2025-04,5,12555,748.5,57
CR0282,2025-05,1,6789,695.6,60
CR0282,2025-06,8,12324,1399.4,175
CR0282,2025-07,6,6252,403.9,34
CR0282,2025-08,3,11734,930.4,100
CR0282,2025-09,2,11746,969.8,69
CR0282,2025-10,3,6772,575.8,94
CR0282,2025-11,6,10973,700.8,84
CR0282,2025-12,0,0,0.0,0
CR0283,2025-01,0,0,0.0,0
CR0283,2025-02,6,129438,18479.5,1317
CR0283,2025-03,4,112944,16479.9,554
CR0283,2025-04,4,134433,15131.1,1811
CR0283,2025-05,7,117540,6968.5,1173
CR0283,2025-06,6,113773,10401.6,517
CR0283,2025-07,5,94020,10600.3,522
CR0283,2025-08,4,183111,17170.9,956
CR0283,2025-09,7,133665,10403.1,707
CR0283,2025-10,7,212692,27480.1,3139
CR0283,2025-11,3,205821,14027.3,1628
CR0283,2025-12,5,226029,26096.2,1348
CR0284,2025-01,6,250726,32616.8,1024
CR0284,2025-02,0,0,0.0,0
CR0284,2025-03,5,101322,9459.6,1000
CR0284,2025-04,5,194666,17987.2,1408
CR0284,2025-05,0,0,0.0,0
CR0284,2025-06,6,165345,10507.1,790
CR0284,2025-07,8,220086,18208.9,1778
CR0284,2025-08,11,200453,20354.6,876
CR0284,2025-09,3,149400,14740.9,2147
CR0284,2025-10,3,255566,31700.0,3609
CR0284,2025-11,6,157356,12643.4,2187
CR0284,2025-12,3,228210,14493.1,3325
CR0285,2025-01,4,8896,579.4,70
CR0285,2025-02,0,0,0.0,0
CR0285,2025-03,2,6223,485.4,71
CR0285,2025-04,3,8502,579.6,51
CR0285,2025-05,4,8373,538.6,108
CR0285,2025-06,5,6168,521.9,43
CR0285,2025-07,3,8067,1079.9,99
CR0285,2025-08,1,10818,1151.3,153
CR0285,2025-09,6,10760,1286.5,67
CR0285,2025-10,4,8713,732.6,57
CR0285,2025-11,4,14785,2088.5,99
CR0285,2025-12,5,8165,488.0,90
CR0286,2025-01,0,0,0.0,0
CR0286,2025-02,6,23298,3178.6,192
CR0286,2025-03,5,43224,4916.1,407
CR0286,2025-04,6,17225,1228.5,127
CR0286,2025-05,2,30116,4174.5,328
CR0286,2025-06,0,0,0.0,0
CR0286,2025-07,8,29636,2876.9,371
CR0286,2025-08,2,35625,4894.6,278
CR0286,2025-09,5,23012,2759.7,121
CR0286,2025-10,3,30382,3566.4,342
CR0286,2025-11,1,24582,1857.7,300
CR0286,2025-12,5,20718,1954.0,121
CR0287,2025-01,2,27279,3029.4,172
CR0287,2025-02,0,0,0.0,0
CR0287,2025-03,7,20186,2196.2,179
CR0287,2025-04,0,0,0.0,0
CR0287,2025-05,5,24775,2444.4,235
CR0287,2025-06,6,38113,3036.1,404
CR0287,2025-07,5,27515,2566.4,195
CR0287,2025-08,4,36264,2904.9,347
CR0287,2025-09,2,32770,3663.8,244
CR0287,2025-10,4,31751,4486.0,380
CR0287,2025-11,3,23127,3251.5,149
CR0287,2025-12,2,36718,4303.0,350
CR0288,2025-01,4,38672,2596.5,156
CR0288,2025-02,5,30936,3249.1,247
CR0288,2025-03,3,38933,3608.1,168
CR0288,2025-04,0,0,0.0,0
CR0288,2025-05,6,39095,5398.7,521
CR0288,2025-06,3,33408,2448.1,160
CR0288,2025-07,2,27717,2080.6,237
CR0288,2025-08,0,0,0.0,0
CR0288,2025-09,0,0,0.0,0
CR0288,2025-10,3,34503,2190.5,456
CR0288,2025-11,1,41967,3995.7,258
CR0288,2025-12,0,0,0.0,0
CR0289,2025-01,8,914351,127292.3,10909
CR0289,2025-02,7,803461,91385.9,4957
CR0289,2025-03,13,793390,48841.1,7412
CR0289,2025-04,11,1090055,145834.4,12034
CR0289,2025-05,4,871687,71117.6,5900
CR0289,2025-06,12,764203,66589.4,9367
CR0289,2025-07,14,931129,127304.0,13147
CR0289,2025-08,7,894520,61204.0,11146
CR0289,2025-09,15,642757,56768.2,4457
CR0289,2025-10,8,832730,66244.8,5138
CR0289,2025-11,6,608953,71463.2,2786
CR0289,2025-12,7,747247,91857.8,3816
CR0290,2025-01,7,136140,16507.1,1968
CR0290,2025-02,6,103573,6337.1,1098
CR0290,2025-03,4,142620,12280.2,1974
CR0290,2025-04,5,171012,23778.4,1430
CR0290,2025-05,6,152499,9982.6,2070
CR0290,2025-06,6,150559,12856.6,1180
CR0290,2025-07,7,91376,11204.9,851
CR0290,2025-08,5,167088,20310.1,1714
CR0290,2025-09,5,171001,15565.1,825
CR0290,2025-10,9,114796,9091.1,725
CR0290,2025-11,8,126513,16271.4,841
CR0290,2025-12,5,171018,19335.8,1208
CR0291,2025-01,5,6135,653.7,51
CR0291,2025-02,6,10176,788.2,95
CR0291,2025-03,4,10500,1539.0,149
CR0291,2025-04,5,7041,527.9,36
CR0291,2025-05,0,0,0.0,0
CR0291,2025-06,0,0,0.0,0
CR0291,2025-07,4,10840,1310.6,156
CR0291,2025-08,5,8195,803.0,91
CR0291,2025-09,5,6696,493.9,45
CR0291,2025-10,3,11391,1658.5,126
CR0291,2025-11,0,0,0.0,0
CR0291,2025-12,2,10049,772.8,89
CR0292,2025-01,6,19455,1497.1,173
CR0292,2025-02,0,0,0.0,0
CR0292,2025-03,2,19880,1775.5,284
CR0292,2025-04,2,20135,2982.2,278
CR0292,2025-05,3,18641,2064.7,94
CR0292,2025-06,6,19462,2067.7,106
CR0292,2025-07,7,20017,1480.9,215
CR0292,2025-08,2,26451,3488.3,276
CR0292,2025-09,5,18504,2589.0,204
CR0292,2025-10,2,23378,2712.6,222
CR0292,2025-11,2,25467,3755.6,105
CR0292,2025-12,4,22641,2833.3,228
CR0293,2025-01,4,15243,1384.2,190
CR0293,2025-02,3,16228,1007.9,162
CR0293,2025-03,1,17788,2638.6,187
CR0293,2025-04,4,15005,1565.3,135
CR0293,2025-05,4,24200,2281.7,212
CR0293,2025-06,5,23183,2775.7,202
CR0293,2025-07,3,19058,1995.0,128
CR0293,2025-08,4,17513,2197.6,214
CR0293,2025-09,0,0,0.0,0
CR0293,2025-10,3,19373,1784.6,202
CR0293,2025-11,6,28805,1785.0,387
CR0293,2025-12,4,24154,1865.1,258
CR0294,2025-01,5,16975,2027.5,217
CR0294,2025-02,6,17661,1163.7,223
CR0294,2025-03,4,17209,2458.9,122
CR0294,2025-04,0,0,0.0,0
CR0294,2025-05,3,16452,1955.9,184
CR0294,2025-06,1,14655,1250.1,158
CR0294,2025-07,4,21675,2406.9,298
CR0294,2025-08,3,13734,1167.1,130
CR0294,2025-09,2,26137,3330.2,365
CR0294,2025-10,7,16826,1211.5,102
CR0294,2025-11,7,22525,2204.4,106
CR0294,2025-12,3,23505,3310.7,195
CR0295,2025-01,5,15320,1869.7,132
CR0295,2025-02,0,0,0.0,0
CR0295,2025-03,3,14447,1025.3,145
CR0295,2025-04,5,8804,552.4,65
CR0295,2025-05,6,12106,1544.4,172
CR0295,2025-06,4,10946,1561.3,56
CR0295,2025-07,4,11708,686.9,76
CR0295,2025-08,3,10727,1484.1,85
CR0295,2025-09,4,12611,780.5,80
CR0295,2025-10,3,10179,1478.7,81
CR0295,2025-11,3,13327,1144.3,141
CR0295,2025-12,0,0,0.0,0
CR0296,2025-01,6,105018,15304.2,1080
CR0296,2025-02,7,166860,21367.6,853
CR0296,2025-03,3,114170,9888.0,1402
CR0296,2025-04,0,0,0.0,0
CR0296,2025-05,5,149139,18295.8,1584
CR0296,2025-06,2,197000,22410.1,902
CR0296,2025-07,4,229466,21949.7,2406
CR0296,2025-08,6,220012,27149.4,2583
CR0296,2025-09,7,183477,25102.1,1001
CR0296,2025-10,12,137154,16785.2,900
CR0296,2025-11,7,319439,43042.1,2195
CR0296,2025-12,3,130653,12553.8,597
CR0297,2025-01,4,14647,2112.2,70
CR0297,2025-02,4,21067,2641.8,284
CR0297,2025-03,3,17844,2012.5,260
CR0297,2025-04,3,17396,1235.2,97
CR0297,2025-05,4,16214,1708.3,211
CR0297,2025-06,3,27584,3417.3,203
CR0297,2025-07,5,14055,869.8,60
CR0297,2025-08,4,24410,2419.0,111
CR0297,2025-09,3,24932,2702.0,350
CR0297,2025-10,3,17394,2521.1,189
CR0297,2025-11,2,12672,1468.1,133
CR0297,2025-12,5,28379,3155.4,385
CR0298,2025-01,4,45756,6296.9,250
CR0298,2025-02,7,52478,7289.6,494
CR0298,2025-03,4,47763,5974.1,385
CR0298,2025-04,12,40187,5782.4,495
CR0298,2025-05,6,44925,6669.1,212
CR0298,2025-06,2,47110,4175.5,317
CR0298,2025-07,6,50411,6155.5,748
CR0298,2025-08,3,39048,2843.5,345
CR0298,2025-09,5,59756,4192.5,817
CR0298,2025-10,8,63137,4478.5,905
CR0298,2025-11,8,48265,2913.6,456
CR0298,2025-12,4,43854,4972.0,430
CR0299,2025-01,4,47309,6699.1,260
CR0299,2025-02,3,50546,5011.7,533
CR0299,2025-03,8,31888,3793.6,211
CR0299,2025-04,8,59885,5536.6,732
CR0299,2025-05,2,28366,3233.1,195
CR0299,2025-06,5,28678,2955.1,322
CR0299,2025-07,4,43009,5001.7,592
CR0299,2025-08,8,31362,1960.9,184
CR0299,2025-09,4,36162,2851.2,430
CR0299,2025-10,4,33683,3982.8,232
CR0299,2025-11,4,60471,6725.3,842
CR0299,2025-12,0,0,0.0,0
CR0300,2025-01,3,22432,3025.8,253
CR0300,2025-02,3,28093,3687.2,150
CR0300,2025-03,2,21611,2052.6,101
CR0300,2025-04,4,23812,2479.8,160
CR0300,2025-05,0,0,0.0,0
CR0300,2025-06,0,0,0.0,0
CR0300,2025-07,1,27112,3767.5,321
CR0300,2025-08,3,42407,2939.9,390
CR0300,2025-09,0,0,0.0,0
CR0300,2025-10,3,34608,2580.7,213
CR0300,2025-11,6,31251,2542.8,414
CR0300,2025-12,7,34430,3193.1,248
CR0301,2025-01,3,10682,710.9,125
CR0301,2025-02,0,0,0.0,0
CR0301,2025-03,0,0,0.0,0
CR0301,2025-04,2,12416,1165.2,146
CR0301,2025-05,2,14351,2088.6,195
CR0301,2025-06,0,0,0.0,0
CR0301,2025-07,3,12183,807.2,90
CR0301,2025-08,6,12177,966.5,170
CR0301,2025-09,2,13069,894.5,120
CR0301,2025-10,5,14252,844.5,188
CR0301,2025-11,4,8597,1202.7,96
CR0301,2025-12,0,0,0.0,0
CR0302,2025-01,2,36989,4640.6,332
CR0302,2025-02,4,16843,1689.8,163
CR0302,2025-03,3,21013,2428.3,170
CR0302,2025-04,2,24252,3153.6,183
CR0302,2025-05,0,0,0.0,0
CR0302,2025-06,5,27210,3552.4,392
CR0302,2025-07,3,31703,2168.2,443
CR0302,2025-08,3,25197,1507.3,275
CR0302,2025-09,3,29511,2315.8,150
CR0302,2025-10,2,26247,2046.8,178
CR0302,2025-11,4,18527,2543.8,215
CR0302,2025-12,1,21250,3038.3,279
CR0303,2025-01,0,0,0.0,0
CR0303,2025-02,6,161137,15420.5,1162
CR0303,2025-03,3,265344,26281.2,3850
CR0303,2025-04,0,0,0.0,0
CR0303,2025-05,5,166725,11782.6,2462
CR0303,2025-06,9,365232,33742.8,5405
CR0303,2025-07,6,481018,30257.5,6614
CR0303,2025-08,0,0,0.0,0
CR0303,2025-09,5,181967,24646.4,2102
CR0303,2025-10,8,278991,23049.0,2919
CR0303,2025-11,5,306394,37694.5,1808
CR0303,2025-12,3,230938,20914.9,1571
CR0304,2025-01,4,8492,652.4,61
CR0304,2025-02,3,8178,998.6,34
CR0304,2025-03,5,9478,1079.0,115
CR0304,2025-04,5,8750,942.0,39
CR0304,2025-05,0,0,0.0,0
CR0304,2025-06,0,0,0.0,0
CR0304,2025-07,0,0,0.0,0
CR0304,2025-08,6,10505,1023.4,101
CR0304,2025-09,0,0,0.0,0
CR0304,2025-10,4,14306,1454.9,194
CR0304,2025-11,4,12030,1766.8,62
CR0304,2025-12,2,7998,939.7,102
CR0305,2025-01,1,8493,1121.7,65
CR0305,2025-02,3,12341,868.2,106
CR0305,2025-03,2,13854,1399.1,58
CR0305,2025-04,3,12292,814.3,173
CR0305,2025-05,0,0,0.0,0
CR0305,2025-06,0,0,0.0,0
CR0305,2025-07,0,0,0.0,0
CR0305,2025-08,2,10774,856.4,130
CR0305,2025-09,3,14339,1743.1,206
CR0305,2025-10,2,13880,816.0,136
CR0305,2025-11,1,10802,699.9,67
CR0305,2025-12,2,21909,2752.1,127
CR0306,2025-01,1,17019,2156.5,206
CR0306,2025-02,4,15659,920.7,172
CR0306,2025-03,2,16565,1810.1,200
CR0306,2025-04,1,17263,1284.7,73
CR0306,2025-05,6,15725,1249.5,86
CR0306,2025-06,5,23583,2617.2,126
CR0306,2025-07,5,31054,1815.9,324
CR0306,2025-08,1,21913,2112.9,134
CR0306,2025-09,1,25565,2087.8,306
CR0306,2025-10,8,34427,4277.0,343
CR0306,2025-11,3,15343,1572.8,101
CR0306,2025-12,4,20303,1538.2,120
CR0307,2025-01,5,171541,17067.3,1686
CR0307,2025-02,4,295428,41698.5,2716
CR0307,2025-03,3,173839,12137.0,2577
CR0307,2025-04,6,145686,13154.8,1181
CR0307,2025-05,5,131425,8949.7,709
CR0307,2025-06,7,269502,16470.6,3944
CR0307,2025-07,6,200729,27352.5,2940
CR0307,2025-08,8,245768,34427.5,1014
CR0307,2025-09,0,0,0.0,0
CR0307,2025-10,4,251261,22550.0,3554
CR0307,2025-11,4,154116,19595.4,979
CR0307,2025-12,6,176014,19505.8,1005
CR0308,2025-01,6,28462,3076.0,179
CR0308,2025-02,6,19535,2655.2,186
CR0308,2025-03,0,0,0.0,0
CR0308,2025-04,3,26674,2904.8,354
CR0308,2025-05,2,14992,1969.3,106
CR0308,2025-06,7,23341,1885.5,257
CR0308,2025-07,4,30023,3358.1,304
CR0308,2025-08,2,17620,2037.8,173
CR0308,2025-09,5,35916,2796.2,485
CR0308,2025-10,3,46734,5825.8,422
CR0308,2025-11,3,38430,2498.1,341
CR0308,2025-12,3,25765,3382.6,346
CR0309,2025-01,9,516457,35411.8,2088
CR0309,2025-02,6,479123,28787.4,4959
CR0309,2025-03,4,388179,34812.7,3069
CR0309,2025-04,7,505875,75279.3,7236
CR0309,2025-05,5,581168,37455.5,4792
CR0309,2025-06,7,481685,46813.2,6623
CR0309,2025-07,9,400069,48749.0,2753
CR0309,2025-08,7,389316,24028.4,5327
CR0309,2025-09,7,597034,84661.8,6307
CR0309,2025-10,8,900935,126172.5,10284
CR0309,2025-11,8,728965,78566.9,3426
CR0309,2025-12,7,870488,108728.6,7463
CR0310,2025-01,3,5209,434.2,24
CR0310,2025-02,0,0,0.0,0
CR0310,2025-03,3,5611,500.7,46
CR0310,2025-04,3,10754,1521.6,89
CR0310,2025-05,3,8335,611.9,41
CR0310,2025-06,7,6663,932.0,60
CR0310,2025-07,0,0,0.0,0
CR0310,2025-08,4,10769,1214.1,141
CR0310,2025-09,2,6450,740.2,69
CR0310,2025-10,0,0,0.0,0
CR0310,2025-11,3,9603,1428.7,103
CR0310,2025-12,6,6061,902.7,50
CR0311,2025-01,0,0,0.0,0
CR0311,2025-02,3,23843,2478.4,237
CR0311,2025-03,4,28276,2938.0,299
CR0311,2025-04,1,18110,1620.8,120
CR0311,2025-05,1,28314,3389.0,218
CR0311,2025-06,2,29975,3384.1,409
CR0311,2025-07,3,16006,946.5,141
CR0311,2025-08,0,0,0.0,0
CR0311,2025-09,3,21787,2131.1,297
CR0311,2025-10,2,23465,2288.9,325
CR0311,2025-11,4,27019,3391.8,285
CR0311,2025-12,3,37341,4839.1,151
CR0312,2025-01,2,13787,1377.4,142
CR0312,2025-02,4,14056,957.8,61
CR0312,2025-03,0,0,0.0,0
CR0312,2025-04,4,18787,2786.0,254
CR0312,2025-05,5,18778,2555.2,132
CR0312,2025-06,3,20192,2785.9,198
CR0312,2025-07,2,14691,1027.5,98
CR0312,2025-08,4,22535,1707.0,142
CR0312,2025-09,0,0,0.0,0
CR0312,2025-10,0,0,0.0,0
CR0312,2025-11,6,17243,1804.1,189
CR0312,2025-12,3,25189,3037.1,323
CR0313,2025-01,7,385572,27367.0,1943
CR0313,2025-02,13,597743,40121.2,7393
CR0313,2025-03,10,273697,39322.6,2427
CR0313,2025-04,7,356058,41167.3,4374
CR0313,2025-05,3,414155,44908.8,5325
CR0313,2025-06,10,522134,67311.6,3532
CR0313,2025-07,11,313043,41366.9,2995
CR0313,2025-08,8,485915,35512.9,6533
CR0313,2025-09,9,601570,40133.0,3204
CR0313,2025-10,7,318372,46602.1,1283
CR0313,2025-11,9,500456,30349.4,2094
CR0313,2025-12,7,492788,33974.0,6948
CR0314,2025-01,5,69354,5686.1,661
CR0314,2025-02,5,98913,13856.9,531
CR0314,2025-03,6,84823,9139.5,496
CR0314,2025-04,0,0,0.0,0
CR0314,2025-05,6,78101,6504.2,596
CR0314,2025-06,4,72369,4944.9,717
CR0314,2025-07,2,76082,11128.6,636
CR0314,2025-08,5,126583,12765.6,1484
CR0314,2025-09,5,145617,18933.0,2020
CR0314,2025-10,3,107296,13072.1,446
CR0314,2025-11,8,85048,12005.4,1104
CR0314,2025-12,6,74927,5218.2,494
CR0315,2025-01,10,239349,25171.6,3140
CR0315,2025-02,6,230545,30314.9,3230
CR0315,2025-03,6,170080,16206.2,2353
CR0315,2025-04,4,353460,47529.3,2947
CR0315,2025-05,8,261400,22466.0,2748
CR0315,2025-06,3,379912,41674.5,5328
CR0315,2025-07,5,480922,35925.2,5773
CR0315,2025-08,4,234862,27203.4,2323
CR0315,2025-09,9,236194,18660.1,2235
CR0315,2025-10,0,0,0.0,0
CR0315,2025-11,6,193589,16428.9,855
CR0315,2025-12,6,347512,32227.2,2154
CR0316,2025-01,7,49316,3855.8,240
CR0316,2025-02,6,47801,4165.0,327
CR0316,2025-03,6,76380,7996.1,574
CR0316,2025-04,5,63937,7254.5,262
CR0316,2025-05,6,49608,3806.9,282
CR0316,2025-06,6,77897,8389.1,614
CR0316,2025-07,0,0,0.0,0
CR0316,2025-08,6,71209,7391.2,853
CR0316,2025-09,4,45762,5477.7,223
CR0316,2025-10,4,77813,8462.0,697
CR0316,2025-11,5,61608,8450.6,386
CR0316,2025-12,7,68042,8461.5,915
CR0317,2025-01,9,27002,3403.3,172
CR0317,2025-02,5,44424,4069.8,182
CR0317,2025-03,5,38424,5693.5,559
CR0317,2025-04,0,0,0.0,0
CR0317,2025-05,0,0,0.0,0
CR0317,2025-06,2,32187,3332.1,143
CR0317,2025-07,3,30978,2606.2,222
CR0317,2025-08,4,31974,4144.6,159
CR0317,2025-09,5,47242,6080.7,270
CR0317,2025-10,0,0,0.0,0
CR0317,2025-11,3,25111,1798.6,350
CR0317,2025-12,7,32157,4560.9,327
CR0318,2025-01,4,26773,2301.9,136
CR0318,2025-02,5,28336,3295.0,122
CR0318,2025-03,3,23787,2230.8,334
CR0318,2025-04,5,21233,2212.9,120
CR0318,2025-05,3,18108,2522.0,137
CR0318,2025-06,5,24739,2504.8,178
CR0318,2025-07,5,19236,1702.4,162
CR0318,2025-08,2,13400,1247.8,164
CR0318,2025-09,5,20807,2641.9,124
CR0318,2025-10,5,20216,2707.8,81
CR0318,2025-11,5,24177,3018.5,223
CR0318,2025-12,0,0,0.0,0
CR0319,2025-01,3,38399,3223.4,386
CR0319,2025-02,5,31561,4654.2,222
CR0319,2025-03,2,23064,2167.9,303
CR0319,2025-04,7,33181,2807.0,463
CR0319,2025-05,5,31133,3877.8,161
CR0319,2025-06,0,0,0.0,0
CR0319,2025-07,3,43380,3908.5,431
CR0319,2025-08,2,17847,1266.5,80
CR0319,2025-09,0,0,0.0,0
CR0319,2025-10,0,0,0.0,0
CR0319,2025-11,4,51547,4618.2,315
CR0319,2025-12,8,34616,4304.3,341
CR0320,2025-01,7,406471,41996.9,6011
CR0320,2025-02,8,285893,28813.1,2840
CR0320,2025-03,7,262329,37688.7,3730
CR0320,2025-04,7,351610,52566.6,2386
CR0320,2025-05,9,329171,36996.3,1973
CR0320,2025-06,12,306059,22669.0,1964
CR0320,2025-07,8,408553,53747.1,3976
CR0320,2025-08,11,340791,38040.6,2480
CR0320,2025-09,10,401826,30167.8,2372
CR0320,2025-10,11,566126,33861.2,4650
CR0320,2025-11,19,250024,26482.2,2005
CR0320,2025-12,9,371089,48790.1,2281
CR0321,2025-01,7,39165,4364.6,485
CR0321,2025-02,7,43172,5755.2,245
CR0321,2025-03,0,0,0.0,0
CR0321,2025-04,8,52689,4772.0,243
CR0321,2025-05,5,37748,2471.9,532
CR0321,2025-06,9,37900,4433.1,252
CR0321,2025-07,6,44987,5840.8,523
CR0321,2025-08,4,66253,8052.3,939
CR0321,2025-09,5,48291,4494.6,681
CR0321,2025-10,5,39689,4084.6,253
CR0321,2025-11,10,40700,5762.4,538
CR0321,2025-12,5,63680,8339.9,852
CR0322,2025-01,4,14448,1090.6,101
CR0322,2025-02,4,22822,2383.3,321
CR0322,2025-03,2,18349,1539.6,136
CR0322,2025-04,0,0,0.0,0
CR0322,2025-05,0,0,0.0,0
CR0322,2025-06,3,23809,2795.4,329
CR0322,2025-07,6,24807,3343.1,173
CR0322,2025-08,1,24191,1891.7,361
CR0322,2025-09,0,0,0.0,0
CR0322,2025-10,4,16983,1698.7,87
CR0322,2025-11,3,18793,2142.1,78
CR0322,2025-12,3,20297,2270.2,295
CR0323,2025-01,3,10530,887.4,54
CR0323,2025-02,6,11852,1225.2,103
CR0323,2025-03,0,0,0.0,0
CR0323,2025-04,4,8698,809.5,85
CR0323,2025-05,2,7351,505.8,39
CR0323,2025-06,0,0,0.0,0
CR0323,2025-07,0,0,0.0,0
CR0323,2025-08,0,0,0.0,0
CR0323,2025-09,0,0,0.0,0
CR0323,2025-10,4,7002,704.6,80
CR0323,2025-11,1,8484,968.1,87
CR0323,2025-12,3,7980,810.0,107
CR0324,2025-01,2,10852,937.5,68
CR0324,2025-02,1,13690,936.0,74
CR0324,2025-03,3,9542,1061.7,123
CR0324,2025-04,3,10713,823.4,122
CR0324,2025-05,3,9793,1064.6,90
CR0324,2025-06,5,17233,2236.8,91
CR0324,2025-07,2,18062,1091.6,209
CR0324,2025-08,4,19350,2687.4,267
CR0324,2025-09,0,0,0.0,0
CR0324,2025-10,6,17147,1285.4,188
CR0324,2025-11,0,0,0.0,0
CR0324,2025-12,3,20601,2426.9,179
CR0325,2025-01,10,214557,15025.6,867
CR0325,2025-02,8,235418,22999.9,1554
CR0325,2025-03,5,176822,15506.5,2228
CR0325,2025-04,8,185638,16644.9,1980
CR0325,2025-05,6,202510,29970.8,1205
CR0325,2025-06,11,231944,16953.9,1596
CR0325,2025-07,12,173251,16573.4,1092
CR0325,2025-08,9,365004,38657.9,1664
CR0325,2025-09,10,199227,26471.6,2120
CR0325,2025-10,14,132723,12041.0,765
CR0325,2025-11,12,199006,19811.9,1744
CR0325,2025-12,9,268766,24443.5,2909
CR0326,2025-01,8,22430,2122.9,128
CR0326,2025-02,0,0,0.0,0
CR0326,2025-03,5,36445,3420.8,384
CR0326,2025-04,6,22767,2049.5,128
CR0326,2025-05,3,30000,2319.4,381
CR0326,2025-06,5,32424,2320.1,327
CR0326,2025-07,2,21640,2615.1,259
CR0326,2025-08,6,27464,2197.7,368
CR0326,2025-09,2,30402,4392.9,275
CR0326,2025-10,5,20488,1691.3,142
CR0326,2025-11,2,36614,2602.9,194
CR0326,2025-12,1,32963,4199.0,342
CR0327,2025-01,0,0,0.0,0
CR0327,2025-02,0,0,0.0,0
CR0327,2025-03,5,30310,2182.8,445
CR0327,2025-04,3,22743,3279.0,177
CR0327,2025-05,0,0,0.0,0
CR0327,2025-06,0,0,0.0,0
CR0327,2025-07,5,19228,1622.9,96
CR0327,2025-08,4,12739,918.2,162
CR0327,2025-09,3,24162,2081.0,168
CR0327,2025-10,4,30637,2336.1,245
CR0327,2025-11,4,19191,1855.4,249
CR0327,2025-12,0,0,0.0,0
CR0328,2025-01,3,17845,1222.6,209
CR0328,2025-02,5,13425,1193.9,152
CR0328,2025-03,2,14754,1924.5,135
CR0328,2025-04,3,12799,790.6,68
CR0328,2025-05,4,30479,3306.9,347
CR0328,2025-06,2,16140,2030.4,201
CR0328,2025-07,0,0,0.0,0
CR0328,2025-08,5,12984,1244.4,173
CR0328,2025-09,4,15909,1856.1,108
CR0328,2025-10,0,0,0.0,0
CR0328,2025-11,0,0,0.0,0
CR0328,2025-12,6,19139,2057.9,226
CR0329,2025-01,2,11005,794.6,140
CR0329,2025-02,5,11180,1121.8,61
CR0329,2025-03,5,8349,1217.5,58
CR0329,2025-04,2,10728,1588.3,83
CR0329,2025-05,4,8042,680.5,50
CR0329,2025-06,5,14716,2004.8,155
CR0329,2025-07,5,14257,857.9,79
CR0329,2025-08,4,7133,959.8,68
CR0329,2025-09,0,0,0.0,0
CR0329,2025-10,6,12013,1769.2,110
CR0329,2025-11,6,21822,2630.1,315
CR0329,2025-12,5,7956,1064.4,90
CR0330,2025-01,0,0,0.0,0
CR0330,2025-02,3,18028,2143.4,140
CR0330,2025-03,4,19648,2538.5,239
CR0330,2025-04,6,17243,1797.6,241
CR0330,2025-05,0,0,0.0,0
CR0330,2025-06,0,0,0.0,0
CR0330,2025-07,7,12884,1153.9,191
CR0330,2025-08,4,16171,2044.9,205
CR0330,2025-09,5,21215,1364.7,199
CR0330,2025-10,4,20801,2894.3,123
CR0330,2025-11,1,15177,1635.3,189
CR0330,2025-12,2,18148,2447.3,174
CR0331,2025-01,1,30272,3287.3,154
CR0331,2025-02,3,30585,2115.1,202
CR0331,2025-03,3,31122,2774.2,362
CR0331,2025-04,2,17164,1840.6,103
CR0331,2025-05,5,34451,4635.6,469
CR0331,2025-06,2,26100,3531.2,309
CR0331,2025-07,1,24513,3351.6,174
CR0331,2025-08,4,33818,4858.2,311
CR0331,2025-09,5,29981,3888.4,342
CR0331,2025-10,6,27165,3126.4,186
CR0331,2025-11,3,29748,3990.2,208
CR0331,2025-12,3,42822,6023.7,272
CR0332,2025-01,4,34823,2535.1,236
CR0332,2025-02,5,29552,2435.6,377
CR0332,2025-03,6,21360,2974.7,225
CR0332,2025-04,0,0,0.0,0
CR0332,2025-05,3,46573,5925.6,650
CR0332,2025-06,13,86913,12179.9,378
CR0332,2025-07,7,30757,3566.9,398
CR0332,2025-08,6,59695,8014.4,777
CR0332,2025-09,3,69087,4569.4,1004
CR0332,2025-10,7,65753,6322.9,653
CR0332,2025-11,10,39366,3000.4,538
CR0332,2025-12,0,0,0.0,0
CR0333,2025-01,5,13715,1466.3,130
CR0333,2025-02,2,12870,1748.7,184
CR0333,2025-03,0,0,0.0,0
CR0333,2025-04,5,21971,2017.1,232
CR0333,2025-05,2,14416,1794.2,127
CR0333,2025-06,4,14416,1505.6,173
CR0333,2025-07,4,15041,1126.8,209
CR0333,2025-08,5,17734,2010.7,215
CR0333,2025-09,2,17238,1528.1,249
CR0333,2025-10,6,23108,2435.8,292
CR0333,2025-11,5,21043,1911.2,214
CR0333,2025-12,2,16923,1051.4,179
CR0334,2025-01,2,8756,1091.6,121
CR0334,2025-02,4,7153,957.9,46
CR0334,2025-03,2,12751,1792.5,108
CR0334,2025-04,7,7426,946.3,99
CR0334,2025-05,3,8842,536.4,94
CR0334,2025-06,0,0,0.0,0
CR0334,2025-07,4,6431,773.9,57
CR0334,2025-08,2,12955,906.1,121
CR0334,2025-09,5,8033,1059.7,69
CR0334,2025-10,6,9460,1342.5,118
CR0334,2025-11,0,0,0.0,0
CR0334,2025-12,4,10394,971.7,100
CR0335,2025-01,5,17575,1798.0,117
CR0335,2025-02,1,19453,2177.3,279
CR0335,2025-03,0,0,0.0,0
CR0335,2025-04,8,19036,1552.9,233
CR0335,2025-05,6,10450,708.1,70
CR0335,2025-06,4,16514,1657.3,194
CR0335,2025-07,2,16831,1057.1,214
CR0335,2025-08,1,12073,1068.5,178
CR0335,2025-09,3,14843,1872.0,159
CR0335,2025-10,0,0,0.0,0
CR0335,2025-11,2,17181,1382.1,98
CR0335,2025-12,2,23125,2858.4,257
CR0336,2025-01,3,28239,2143.4,283
CR0336,2025-02,0,0,0.0,0
CR0336,2025-03,0,0,0.0,0
CR0336,2025-04,3,36649,3134.6,495
CR0336,2025-05,0,0,0.0,0
CR0336,2025-06,5,27716,1942.4,262
CR0336,2025-07,4,47844,6052.2,571
CR0336,2025-08,4,22674,2482.2,268
CR0336,2025-09,6,28204,3126.0,195
CR0336,2025-10,5,34267,2355.7,243
CR0336,2025-11,0,0,0.0,0
CR0336,2025-12,5,71522,8272.9,763
CR0337,2025-01,5,197811,14333.6,2749
CR0337,2025-02,16,320339,40403.2,2999
CR0337,2025-03,16,142634,17507.7,1774
CR0337,2025-04,6,156750,18461.2,724
CR0337,2025-05,7,194479,26468.2,2329
CR0337,2025-06,8,353718,28860.2,4516
CR0337,2025-07,8,320422,26480.7,1843
CR0337,2025-08,13,304390,22653.4,2674
CR0337,2025-09,9,426893,36551.3,4567
CR0337,2025-10,12,306524,21264.0,3797
CR0337,2025-11,9,235384,30883.8,1026
CR0337,2025-12,8,250196,16200.4,1697
CR0338,2025-01,3,7850,1077.4,93
CR0338,2025-02,0,0,0.0,0
CR0338,2025-03,2,15800,2007.3,144
CR0338,2025-04,2,9868,1389.2,93
CR0338,2025-05,2,10511,625.4,89
CR0338,2025-06,4,8024,1156.1,39
CR0338,2025-07,4,8165,892.1,120
CR0338,2025-08,6,9853,1282.1,41
CR0338,2025-09,1,10842,1246.0,55
CR0338,2025-10,3,9046,553.6,43
CR0338,2025-11,4,14559,2159.6,114
CR0338,2025-12,5,15241,1105.5,220
CR0339,2025-01,8,19566,2135.3,164
CR0339,2025-02,5,28292,3778.0,277
CR0339,2025-03,7,31633,3261.1,244
CR0339,2025-04,6,38260,5018.9,312
CR0339,2025-05,5,46345,3508.7,399
CR0339,2025-06,3,28827,4227.0,244
CR0339,2025-07,6,35665,4530.4,518
CR0339,2025-08,8,41771,4607.7,391
CR0339,2025-09,3,38089,3471.6,452
CR0339,2025-10,2,36820,3963.0,407
CR0339,2025-11,8,39263,2311.3,415
CR0339,2025-12,3,32533,2632.1,319
CR0340,2025-01,3,17502,1405.9,162
CR0340,2025-02,0,0,0.0,0
CR0340,2025-03,6,15251,2183.3,177
CR0340,2025-04,3,19968,2946.1,92
CR0340,2025-05,3,21480,2098.0,150
CR0340,2025-06,0,0,0.0,0
CR0340,2025-07,3,17605,2098.0,256
CR0340,2025-08,2,15255,2190.0,227
CR0340,2025-09,0,0,0.0,0
CR0340,2025-10,3,31398,2221.9,168
CR0340,2025-11,2,13464,1803.6,154
CR0340,2025-12,7,23059,3186.3,208
CR0341,2025-01,10,219018,18654.8,1245
CR0341,2025-02,6,208890,24343.7,2328
CR0341,2025-03,9,278753,30881.5,3302
CR0341,2025-04,8,302063,17788.7,2013
CR0341,2025-05,4,267906,33343.5,1601
CR0341,2025-06,7,239289,22815.8,1329
CR0341,2025-07,9,479522,49930.6,5608
CR0341,2025-08,7,239933,20765.5,2806
CR0341,2025-09,5,314770,33659.3,1266
CR0341,2025-10,7,331286,27592.9,4753
CR0341,2025-11,2,482780,57052.4,6328
CR0341,2025-12,8,474375,40858.6,6502
CR0342,2025-01,7,250466,35125.4,2620
CR0342,2025-02,9,330640,43280.6,2144
CR0342,2025-03,7,265812,29538.2,1760
CR0342,2025-04,4,308688,31031.1,2966
CR0342,2025-05,10,303537,32495.5,1486
CR0342,2025-06,4,452492,48311.2,5784
CR0342,2025-07,10,492420,56401.2,2379
CR0342,2025-08,9,262932,26907.7,2118
CR0342,2025-09,16,326787,40264.0,1527
CR0342,2025-10,9,273455,34779.1,2285
CR0342,2025-11,6,419912,25967.8,2370
CR0342,2025-12,8,498219,55791.8,4772
CR0343,2025-01,9,120049,16078.8,1591
CR0343,2025-02,9,66665,9641.7,987
CR0343,2025-03,12,62162,4151.4,926
CR0343,2025-04,9,59777,7593.2,562
CR0343,2025-05,7,93605,12527.2,1080
CR0343,2025-06,9,130512,11843.0,953
CR0343,2025-07,11,224569,15560.0,3061
CR0343,2025-08,8,105576,7839.1,922
CR0343,2025-09,0,0,0.0,0
CR0343,2025-10,7,132636,15890.4,701
CR0343,2025-11,3,167965,17845.6,1171
CR0343,2025-12,5,177483,20993.9,1717
CR0344,2025-01,0,0,0.0,0
CR0344,2025-02,0,0,0.0,0
CR0344,2025-03,5,55280,3513.1,485
CR0344,2025-04,2,25047,3400.8,299
CR0344,2025-05,4,26849,3058.2,208
CR0344,2025-06,2,21129,2791.3,131
CR0344,2025-07,0,0,0.0,0
CR0344,2025-08,8,28992,2859.5,292
CR0344,2025-09,2,46289,4419.1,532
CR0344,2025-10,1,17597,1984.9,80
CR0344,2025-11,4,28554,2181.6,404
CR0344,2025-12,4,39965,4613.6,475
CR0345,2025-01,2,24908,1663.3,348
CR0345,2025-02,2,48862,5596.9,480
CR0345,2025-03,6,54780,8071.4,398
CR0345,2025-04,6,16294,1569.8,219
CR0345,2025-05,6,34205,4759.1,497
CR0345,2025-06,0,0,0.0,0
CR0345,2025-07,5,40251,4693.0,163
CR0345,2025-08,4,32885,3727.9,166
CR0345,2025-09,3,34631,4528.2,206
CR0345,2025-10,4,31648,4720.5,141
CR0345,2025-11,2,35136,3108.5,462
CR0345,2025-12,7,57537,7146.0,803
CR0346,2025-01,3,56671,6969.3,360
CR0346,2025-02,10,62071,8531.6,285
CR0346,2025-03,6,30182,3278.1,199
CR0346,2025-04,6,46396,4050.5,372
CR0346,2025-05,7,32897,4262.7,342
CR0346,2025-06,9,55215,4140.3,448
CR0346,2025-07,6,38062,3211.1,419
CR0346,2025-08,6,47502,4196.8,570
CR0346,2025-09,9,83458,10326.1,657
CR0346,2025-10,10,49316,6489.8,255
CR0346,2025-11,9,54826,7473.2,731
CR0346,2025-12,2,59831,7700.8,868
CR0347,2025-01,2,14232,1788.0,166
CR0347,2025-02,3,25019,2348.8,122
CR0347,2025-03,2,12490,1102.6,158
CR0347,2025-04,1,19400,1360.3,196
CR0347,2025-05,2,21827,1702.1,247
CR0347,2025-06,4,16875,1824.4,168
CR0347,2025-07,5,17194,1669.9,88
CR0347,2025-08,1,23490,1387.1,345
CR0347,2025-09,5,12363,1426.5,128
CR0347,2025-10,5,21766,3097.8,308
CR0347,2025-11,5,24804,2955.4,351
CR0347,2025-12,3,27716,3616.3,382
CR0348,2025-01,9,37075,3524.9,441
CR0348,2025-02,11,36255,2202.2,456
CR0348,2025-03,0,0,0.0,0
CR0348,2025-04,8,39132,2342.8,559
CR0348,2025-05,0,0,0.0,0
CR0348,2025-06,4,28450,2087.8,116
CR0348,2025-07,5,45793,5245.5,559
CR0348,2025-08,7,39362,4186.5,355
CR0348,2025-09,3,46830,5612.4,370
CR0348,2025-10,5,36647,5296.4,200
CR0348,2025-11,0,0,0.0,0
CR0348,2025-12,0,0,0.0,0
CR0349,2025-01,3,23767,3174.4,315
CR0349,2025-02,0,0,0.0,0
CR0349,2025-03,1,35982,3280.9,501
CR0349,2025-04,2,42432,5988.1,606
CR0349,2025-05,3,44785,2673.6,542
CR0349,2025-06,1,32591,3338.5,216
CR0349,2025-07,3,31383,4371.6,298
CR0349,2025-08,0,0,0.0,0
CR0349,2025-09,2,39075,3613.2,410
CR0349,2025-10,4,34467,3828.9,328
CR0349,2025-11,0,0,0.0,0
CR0349,2025-12,5,42763,3343.9,548
CR0350,2025-01,5,62738,9218.9,489
CR0350,2025-02,6,66059,9873.6,713
CR0350,2025-03,9,54408,6580.4,703
CR0350,2025-04,2,83357,9743.7,583
CR0350,2025-05,8,95478,13857.3,476
CR0350,2025-06,4,77943,4864.4,1148
CR0350,2025-07,4,62244,4631.5,383
CR0350,2025-08,3,88739,10738.3,356
CR0350,2025-09,8,87731,11820.4,1011
CR0350,2025-10,4,100506,9416.8,800
CR0350,2025-11,9,142970,11551.8,1216
CR0350,2025-12,0,0,0.0,0
CR0351,2025-01,5,236495,29588.9,1855
CR0351,2025-02,8,150232,12286.6,2172
CR0351,2025-03,8,159806,23761.3,957
CR0351,2025-04,10,264305,20511.4,2212
CR0351,2025-05,3,358167,25111.8,1712
CR0351,2025-06,8,288476,39900.4,2276
CR0351,2025-07,11,217837,26882.4,1236
CR0351,2025-08,8,194350,26713.7,2312
CR0351,2025-09,4,154858,13566.5,1447
CR0351,2025-10,9,318629,36423.2,2729
CR0351,2025-11,7,216944,16953.4,1133
CR0351,2025-12,8,443898,35722.2,5700
CR0352,2025-01,4,113266,6731.9,1234
CR0352,2025-02,6,113139,11404.3,1570
CR0352,2025-03,5,81849,10422.4,1047
CR0352,2025-04,3,178311,26268.6,1100
CR0352,2025-05,4,96977,7650.4,799
CR0352,2025-06,4,132431,15565.1,719
CR0352,2025-07,11,78041,8690.3,321
CR0352,2025-08,6,107524,12425.5,1299
CR0352,2025-09,10,103009,13224.3,749
CR0352,2025-10,5,107158,7406.3,441
CR0352,2025-11,4,164959,21870.5,1575
CR0352,2025-12,8,97394,11914.1,711
CR0353,2025-01,0,0,0.0,0
CR0353,2025-02,5,20539,1234.0,213
CR0353,2025-03,2,18206,2387.1,185
CR0353,2025-04,3,30162,4322.8,345
CR0353,2025-05,3,27928,2709.6,183
CR0353,2025-06,0,0,0.0,0
CR0353,2025-07,0,0,0.0,0
CR0353,2025-08,4,22462,3097.4,242
CR0353,2025-09,5,31666,4103.7,289
CR0353,2025-10,0,0,0.0,0
CR0353,2025-11,3,37484,4113.6,532
CR0353,2025-12,0,0,0.0,0
CR0354,2025-01,7,80857,11170.4,756
CR0354,2025-02,6,69566,7818.2,691
CR0354,2025-03,5,77487,6401.1,329
CR0354,2025-04,0,0,0.0,0
CR0354,2025-05,7,60058,7716.1,252
CR0354,2025-06,0,0,0.0,0
CR0354,2025-07,5,64718,9317.1,523
CR0354,2025-08,7,66178,6130.0,535
CR0354,2025-09,10,70137,9031.4,511
CR0354,2025-10,8,59567,7741.0,884
CR0354,2025-11,3,47867,6142.9,199
CR0354,2025-12,2,95815,10512.8,687
CR0355,2025-01,0,0,0.0,0
CR0355,2025-02,3,88667,11830.7,746
CR0355,2025-03,4,134911,15895.6,542
CR0355,2025-04,9,96936,11842.1,995
CR0355,2025-05,10,112586,13129.5,897
CR0355,2025-06,8,89786,6596.4,782
CR0355,2025-07,6,120105,10537.8,1651
CR0355,2025-08,6,233384,30987.0,3088
CR0355,2025-09,6,110322,12248.5,1168
CR0355,2025-10,5,173684,21826.2,983
CR0355,2025-11,0,0,0.0,0
CR0355,2025-12,6,108259,7362.1,468
CR0356,2025-01,9,218184,30189.2,2436
CR0356,2025-02,5,268435,23841.4,3407
CR0356,2025-03,10,556248,59072.1,3465
CR0356,2025-04,6,511730,42910.1,5388
CR0356,2025-05,8,226675,25160.8,990
CR0356,2025-06,11,288257,38475.4,1441
CR0356,2025-07,10,201667,13389.7,2575
CR0356,2025-08,8,384309,43104.8,2023
CR0356,2025-09,5,371949,22289.2,1775
CR0356,2025-10,9,225669,25412.9,2139
CR0356,2025-11,10,247863,34433.8,1256
CR0356,2025-12,10,344467,23116.1,4805
CR0357,2025-01,5,16373,2402.9,165
CR0357,2025-02,4,17562,1129.3,238
CR0357,2025-03,4,9306,718.5,106
CR0357,2025-04,3,17775,2219.6,163
CR0357,2025-05,5,22386,1749.2,226
CR0357,2025-06,4,19956,2579.0,252
CR0357,2025-07,0,0,0.0,0
CR0357,2025-08,0,0,0.0,0
CR0357,2025-09,7,14142,2068.6,200
CR0357,2025-10,0,0,0.0,0
CR0357,2025-11,2,22838,2835.3,236
CR0357,2025-12,5,43297,3976.7,247
CR0358,2025-01,3,28152,3307.8,366
CR0358,2025-02,9,35697,2706.7,160
CR0358,2025-03,7,22737,2822.3,237
CR0358,2025-04,0,0,0.0,0
CR0358,2025-05,0,0,0.0,0
CR0358,2025-06,2,24948,1702.9,169
CR0358,2025-07,0,0,0.0,0
CR0358,2025-08,3,20894,1644.2,193
CR0358,2025-09,6,31442,3187.9,240
CR0358,2025-10,5,35495,5284.8,403
CR0358,2025-11,4,31226,3829.8,450
CR0358,2025-12,4,39807,4146.4,180
CR0359,2025-01,0,0,0.0,0
CR0359,2025-02,3,17504,1290.4,153
CR0359,2025-03,3,10278,1018.1,154
CR0359,2025-04,2,23755,1745.8,245
CR0359,2025-05,4,16917,2285.9,200
CR0359,2025-06,1,13961,1266.3,111
CR0359,2025-07,4,13965,1583.5,150
CR0359,2025-08,3,11122,1269.5,139
CR0359,2025-09,3,16302,1730.1,141
CR0359,2025-10,4,12704,1152.7,175
CR0359,2025-11,7,22997,2474.0,124
CR0359,2025-12,2,21104,2192.8,141
CR0360,2025-01,10,152756,20331.6,1106
CR0360,2025-02,5,259236,30780.6,3411
CR0360,2025-03,9,162066,9521.2,798
CR0360,2025-04,7,148223,14971.2,2155
CR0360,2025-05,8,311550,29859.9,4543
CR0360,2025-06,7,174318,23484.8,1161
CR0360,2025-07,8,196981,13751.8,2554
CR0360,2025-08,7,143923,19984.3,1519
CR0360,2025-09,10,217225,24422.7,2952
CR0360,2025-10,8,204442,13454.5,2162
CR0360,2025-11,11,162818,11720.3,1649
CR0360,2025-12,0,0,0.0,0
CR0361,2025-01,6,266023,39133.6,3032
CR0361,2025-02,8,312625,40380.0,3253
CR0361,2025-03,10,391154,38354.0,1626
CR0361,2025-04,8,207879,30541.5,1568
CR0361,2025-05,13,411390,41567.9,2728
CR0361,2025-06,6,363621,32480.6,4287
CR0361,2025-07,7,305869,41980.4,2695
CR0361,2025-08,6,223582,16400.2,1509
CR0361,2025-09,6,305152,22097.2,2968
CR0361,2025-10,5,372626,32880.2,2027
CR0361,2025-11,12,284949,24775.7,1431
CR0361,2025-12,11,400726,43863.3,2180
CR0362,2025-01,0,0,0.0,0
CR0362,2025-02,4,26460,1729.4,367
CR0362,2025-03,0,0,0.0,0
CR0362,2025-04,2,20312,1237.7,251
CR0362,2025-05,4,26600,2623.1,190
CR0362,2025-06,3,44166,6366.3,501
CR0362,2025-07,4,23172,2351.0,270
CR0362,2025-08,6,22922,1537.2,114
CR0362,2025-09,5,21386,3064.7,131
CR0362,2025-10,0,0,0.0,0
CR0362,2025-11,0,0,0.0,0
CR0362,2025-12,6,19176,1601.6,271
CR0363,2025-01,2,16801,1892.2,229
CR0363,2025-02,3,13687,1301.4,78
CR0363,2025-03,3,10659,1125.5,103
CR0363,2025-04,0,0,0.0,0
CR0363,2025-05,1,14710,1774.6,152
CR0363,2025-06,2,19892,1998.3,165
CR0363,2025-07,0,0,0.0,0
CR0363,2025-08,4,15371,1748.9,213
CR0363,2025-09,0,0,0.0,0
CR0363,2025-10,4,10884,1628.8,130
CR0363,2025-11,5,21294,2559.4,229
CR0363,2025-12,5,20774,1732.8,110
CR0364,2025-01,13,334808,36708.8,1891
CR0364,2025-02,9,335926,26239.9,2496
CR0364,2025-03,10,317380,37878.5,2832
CR0364,2025-04,9,400687,54231.5,4037
CR0364,2025-05,11,311483,42718.2,2307
CR0364,2025-06,9,363510,49431.1,4581
CR0364,2025-07,8,354756,46861.4,3912
CR0364,2025-08,14,273368,39702.9,3008
CR0364,2025-09,8,455273,42958.5,2770
CR0364,2025-10,6,226084,30388.2,2611
CR0364,2025-11,7,348488,41223.5,3114
CR0364,2025-12,7,264043,36553.0,2108
CR0365,2025-01,2,14086,931.9,132
CR0365,2025-02,2,12780,1882.7,138
CR0365,2025-03,4,12576,1792.8,133
CR0365,2025-04,5,9475,579.0,86
CR0365,2025-05,5,9652,578.6,140
CR0365,2025-06,2,9232,708.7,112
CR0365,2025-07,7,12323,900.7,168
CR0365,2025-08,4,12242,1304.8,102
CR0365,2025-09,0,0,0.0,0
CR0365,2025-10,0,0,0.0,0
CR0365,2025-11,3,17977,2315.4,250
CR0365,2025-12,4,9935,749.6,78
CR0366,2025-01,8,105595,14792.7,1372
CR0366,2025-02,6,147812,10821.4,1729
CR0366,2025-03,7,146464,17874.9,1983
CR0366,2025-04,2,66714,8808.8,472
CR0366,2025-05,9,129989,14749.1,1070
CR0366,2025-06,8,88753,12232.5,424
CR0366,2025-07,6,95865,12418.4,658
CR0366,2025-08,4,105365,8345.8,486
CR0366,2025-09,9,136735,16071.3,1775
CR0366,2025-10,7,133630,19764.4,1875
CR0366,2025-11,8,165093,21817.1,1217
CR0366,2025-12,4,167612,19206.8,696
CR0367,2025-01,4,12900,1422.9,167
CR0367,2025-02,4,10326,892.7,57
CR0367,2025-03,2,13562,1757.4,176
CR0367,2025-04,0,0,0.0,0
CR0367,2025-05,5,14639,1359.0,195
CR0367,2025-06,0,0,0.0,0
CR0367,2025-07,4,16474,1782.2,85
CR0367,2025-08,3,14546,1188.1,171
CR0367,2025-09,4,14558,1533.9,99
CR0367,2025-10,5,8072,996.8,42
CR0367,2025-11,0,0,0.0,0
CR0367,2025-12,4,14598,1691.0,129
CR0368,2025-01,0,0,0.0,0
CR0368,2025-02,8,151124,11709.5,996
CR0368,2025-03,5,118475,16692.3,1248
CR0368,2025-04,7,134656,9490.4,602
CR0368,2025-05,3,200331,14421.3,1179
CR0368,2025-06,6,117138,12438.3,1251
CR0368,2025-07,8,170225,12561.0,2427
CR0368,2025-08,4,159876,19338.1,2122
CR0368,2025-09,6,249126,26729.5,2742
CR0368,2025-10,7,154453,23045.3,2245
CR0368,2025-11,6,130068,10791.1,1521
CR0368,2025-12,6,154881,18866.0,2099
CR0369,2025-01,5,19066,1311.4,218
CR0369,2025-02,0,0,0.0,0
CR0369,2025-03,3,8979,1243.0,60
CR0369,2025-04,2,19135,1642.2,142
CR0369,2025-05,4,17771,2526.2,85
CR0369,2025-06,4,14520,1005.4,190
CR0369,2025-07,3,10346,901.1,44
CR0369,2025-08,6,15161,1662.6,170
CR0369,2025-09,5,15543,1204.2,105
CR0369,2025-10,4,16094,1103.3,73
CR0369,2025-11,4,18581,2403.9,155
CR0369,2025-12,7,9877,1272.8,88
CR0370,2025-01,8,270048,28960.7,2332
CR0370,2025-02,11,308867,43228.1,2942
CR0370,2025-03,4,262885,33722.7,3306
CR0370,2025-04,6,362507,44314.0,2347
CR0370,2025-05,15,225523,32767.5,3227
CR0370,2025-06,6,305338,25792.0,3957
CR0370,2025-07,7,268756,27258.8,2927
CR0370,2025-08,8,397375,34145.1,5795
CR0370,2025-09,10,270647,27781.2,3815
CR0370,2025-10,15,541073,51863.6,2619
CR0370,2025-11,13,314211,35601.7,1568
CR0370,2025-12,13,317061,27491.0,2697
CR0371,2025-01,5,84924,12620.0,1138
CR0371,2025-02,8,82174,6825.3,439
CR0371,2025-03,7,64216,9042.3,631
CR0371,2025-04,6,131948,14040.8,1002
CR0371,2025-05,5,93015,8852.2,1213
CR0371,2025-06,7,81203,4977.6,513
CR0371,2025-07,6,96242,14036.2,1268
CR0371,2025-08,2,83076,10409.0,689
CR0371,2025-09,9,86116,7388.1,508
CR0371,2025-10,4,67958,4700.6,786
CR0371,2025-11,7,153191,15381.3,1060
CR0371,2025-12,9,58632,4779.9,404
CR0372,2025-01,2,29450,2682.5,286
CR0372,2025-02,2,36263,2676.1,209
CR0372,2025-03,4,19065,1149.2,174
CR0372,2025-04,7,22063,3126.8,272
CR0372,2025-05,3,31202,3162.6,462
CR0372,2025-06,7,28649,4197.9,343
CR0372,2025-07,4,31454,3572.7,269
CR0372,2025-08,6,29562,2123.8,333
CR0372,2025-09,0,0,0.0,0
CR0372,2025-10,2,46507,6698.0,308
CR0372,2025-11,1,23289,2667.6,125
CR0372,2025-12,4,46110,6267.4,343
CR0373,2025-01,0,0,0.0,0
CR0373,2025-02,4,10413,780.8,139
CR0373,2025-03,2,13346,788.2,72
CR0373,2025-04,1,18352,2651.6,175
CR0373,2025-05,2,11925,1707.9,122
CR0373,2025-06,2,16100,2396.8,183
CR0373,2025-07,4,15575,1352.4,160
CR0373,2025-08,0,0,0.0,0
CR0373,2025-09,2,17223,2251.1,242
CR0373,2025-10,2,16939,2339.1,140
CR0373,2025-11,7,19341,1935.2,130
CR0373,2025-12,2,23648,2392.3,342
CR0374,2025-01,6,62145,4704.4,301
CR0374,2025-02,7,95683,8585.9,709
CR0374,2025-03,6,54960,6954.0,597
CR0374,2025-04,0,0,0.0,0
CR0374,2025-05,6,95926,8812.4,460
CR0374,2025-06,6,132647,9739.9,657
CR0374,2025-07,5,112702,15456.3,825
CR0374,2025-08,6,78499,9079.0,1005
CR0374,2025-09,5,76082,7210.7,1105
CR0374,2025-10,7,106911,10652.7,1235
CR0374,2025-11,6,100603,12252.0,1447
CR0374,2025-12,3,119627,7834.8,1424
CR0375,2025-01,3,36789,2690.0,322
CR0375,2025-02,2,25442,3186.4,210
CR0375,2025-03,1,24680,2782.7,181
CR0375,2025-04,0,0,0.0,0
CR0375,2025-05,0,0,0.0,0
CR0375,2025-06,4,25521,3201.4,179
CR0375,2025-07,9,24546,2645.3,362
CR0375,2025-08,4,23415,2316.4,244
CR0375,2025-09,4,23557,3199.1,246
CR0375,2025-10,3,29162,3579.3,392
CR0375,2025-11,7,22984,2183.7,286
CR0375,2025-12,8,38890,2539.2,261
CR0376,2025-01,0,0,0.0,0
CR0376,2025-02,10,228214,27835.9,3030
CR0376,2025-03,8,243322,30423.7,1259
CR0376,2025-04,17,268043,15665.1,2353
CR0376,2025-05,9,238490,22251.8,2394
CR0376,2025-06,8,296807,29927.4,4420
CR0376,2025-07,3,341066,37679.0,1810
CR0376,2025-08,11,225153,19785.5,1577
CR0376,2025-09,7,324635,21787.6,2834
CR0376,2025-10,7,331012,32322.3,4676
CR0376,2025-11,8,366148,26359.3,3412
CR0376,2025-12,3,232711,19977.6,3306
CR0377,2025-01,6,58191,4757.7,646
CR0377,2025-02,8,28789,3642.9,373
CR0377,2025-03,0,0,0.0,0
CR0377,2025-04,4,48423,4690.3,331
CR0377,2025-05,4,69601,9947.5,741
CR0377,2025-06,5,60082,7725.2,322
CR0377,2025-07,11,64304,6646.1,665
CR0377,2025-08,5,41451,4353.6,275
CR0377,2025-09,6,62078,7824.1,852
CR0377,2025-10,2,73671,7933.5,732
CR0377,2025-11,3,47688,7031.5,533
CR0377,2025-12,6,86981,8593.8,831
CR0378,2025-01,9,78454,5225.2,501
CR0378,2025-02,5,71455,4667.5,720
CR0378,2025-03,4,118595,8132.5,701
CR0378,2025-04,3,191123,28135.9,902
CR0378,2025-05,9,110787,14897.3,463
CR0378,2025-06,0,0,0.0,0
CR0378,2025-07,4,104490,9135.1,1025
CR0378,2025-08,6,114800,9208.2,1495
CR0378,2025-09,3,93364,7503.6,1032
CR0378,2025-10,7,89198,7202.2,826
CR0378,2025-11,5,76243,10894.2,1031
CR0378,2025-12,5,83744,5025.2,376
CR0379,2025-01,2,44831,6451.9,504
CR0379,2025-02,2,31115,2316.0,170
CR0379,2025-03,2,35524,2579.7,517
CR0379,2025-04,4,38370,4688.3,434
CR0379,2025-05,0,0,0.0,0
CR0379,2025-06,3,47849,7081.3,423
CR0379,2025-07,0,0,0.0,0
CR0379,2025-08,5,57684,6293.5,385
CR0379,2025-09,4,51098,5197.2,692
CR0379,2025-10,4,87416,7395.0,1176
CR0379,2025-11,3,40496,3270.9,315
CR0379,2025-12,3,42350,4403.9,202
CR0380,2025-01,3,38772,5615.9,495
CR0380,2025-02,5,22993,2063.7,198
CR0380,2025-03,0,0,0.0,0
CR0380,2025-04,4,42554,5887.1,203
CR0380,2025-05,3,35616,3344.4,527
CR0380,2025-06,0,0,0.0,0
CR0380,2025-07,3,29515,3578.2,345
CR0380,2025-08,6,65663,4575.4,957
CR0380,2025-09,3,47853,4834.7,267
CR0380,2025-10,1,37185,2869.6,446
CR0380,2025-11,6,35346,4181.9,465
CR0380,2025-12,4,64042,5806.7,579
CR0381,2025-01,6,448199,48316.2,3013
CR0381,2025-02,12,339831,42005.0,4457
CR0381,2025-03,8,245765,18003.0,2533
CR0381,2025-04,14,451716,56003.1,5587
CR0381,2025-05,9,338193,46417.6,3466
CR0381,2025-06,7,290453,39518.7,2924
CR0381,2025-07,8,359042,30119.7,3524
CR0381,2025-08,8,354904,33640.8,5228
CR0381,2025-09,11,290226,38049.0,2557
CR0381,2025-10,6,300108,28037.3,4249
CR0381,2025-11,6,402532,56790.9,5788
CR0381,2025-12,10,409980,44276.0,1829
CR0382,2025-01,10,526913,77508.9,5461
CR0382,2025-02,10,929367,84261.9,7577
CR0382,2025-03,5,507723,54937.1,3677
CR0382,2025-04,3,570751,54801.6,5893
CR0382,2025-05,7,733459,75924.7,7315
CR0382,2025-06,7,887916,124673.8,8909
CR0382,2025-07,8,738826,85278.7,5764
CR0382,2025-08,10,584876,68276.1,7699
CR0382,2025-09,10,895694,76031.1,7850
CR0382,2025-10,11,895996,97281.5,5344
CR0382,2025-11,7,697590,42309.4,3251
CR0382,2025-12,9,824530,54704.2,8401
CR0383,2025-01,6,12553,1734.1,83
CR0383,2025-02,0,0,0.0,0
CR0383,2025-03,7,12304,1262.1,123
CR0383,2025-04,6,14252,1956.1,173
CR0383,2025-05,4,19956,2570.9,125
CR0383,2025-06,5,29518,3598.7,229
CR0383,2025-07,3,19680,1155.6,275
CR0383,2025-08,4,27177,3424.2,345
CR0383,2025-09,2,19800,1157.6,103
CR0383,2025-10,6,21132,2831.7,203
CR0383,2025-11,2,32443,4617.9,464
CR0383,2025-12,2,22784,3301.1,302
CR0384,2025-01,3,24708,2575.3,215
CR0384,2025-02,2,17839,1436.3,88
CR0384,2025-03,0,0,0.0,0
CR0384,2025-04,5,14967,2108.6,147
CR0384,2025-05,0,0,0.0,0
CR0384,2025-06,5,13597,1745.9,132
CR0384,2025-07,6,9477,1132.6,58
CR0384,2025-08,6,15029,1364.9,146
CR0384,2025-09,4,17888,1779.2,209
CR0384,2025-10,0,0,0.0,0
CR0384,2025-11,6,11745,793.6,70
CR0384,2025-12,4,17417,2046.9,203
CR0385,2025-01,5,27369,3924.6,137
CR0385,2025-02,5,24369,1642.4,185
CR0385,2025-03,4,42729,3403.5,204
CR0385,2025-04,2,26201,2173.1,344
CR0385,2025-05,2,39349,4566.6,322
CR0385,2025-06,0,0,0.0,0
CR0385,2025-07,0,0,0.0,0
CR0385,2025-08,5,29386,4374.9,265
CR0385,2025-09,4,33055,3431.8,486
CR0385,2025-10,1,37566,4080.4,404
CR0385,2025-11,4,33673,4839.3,370
CR0385,2025-12,0,0,0.0,0
CR0386,2025-01,4,22593,2002.4,111
CR0386,2025-02,4,21748,2542.7,170
CR0386,2025-03,1,16403,1272.7,161
CR0386,2025-04,6,13151,1128.6,120
CR0386,2025-05,0,0,0.0,0
CR0386,2025-06,2,24329,3098.3,219
CR0386,2025-07,3,15633,1362.0,176
CR0386,2025-08,2,19195,1243.3,264
CR0386,2025-09,4,22266,1465.0,162
CR0386,2025-10,3,18980,1283.3,147
CR0386,2025-11,3,15350,1207.0,187
CR0386,2025-12,4,16826,2240.3,187
CR0387,2025-01,2,15405,1673.4,178
CR0387,2025-02,0,0,0.0,0
CR0387,2025-03,3,18978,2830.3,83
CR0387,2025-04,4,19884,2661.7,93
CR0387,2025-05,3,9806,1344.9,90
CR0387,2025-06,4,13101,1280.5,68
CR0387,2025-07,3,35274,2342.5,441
CR0387,2025-08,5,23458,1587.0,213
CR0387,2025-09,2,22204,2027.7,132
CR0387,2025-10,4,18282,1613.7,105
CR0387,2025-11,2,20063,1287.8,148
CR0387,2025-12,6,31613,2086.9,307
CR0388,2025-01,3,17546,2437.6,192
CR0388,2025-02,4,16734,2050.7,127
CR0388,2025-03,2,13377,1078.6,160
CR0388,2025-04,0,0,0.0,0
CR0388,2025-05,3,22868,2938.5,173
CR0388,2025-06,0,0,0.0,0
CR0388,2025-07,0,0,0.0,0
CR0388,2025-08,3,23916,3214.3,167
CR0388,2025-09,3,16987,2521.5,116
CR0388,2025-10,0,0,0.0,0
CR0388,2025-11,1,26997,3438.8,109
CR0388,2025-12,1,17612,1153.6,241
CR0389,2025-01,5,6105,712.2,40
CR0389,2025-02,4,5409,649.5,59
CR0389,2025-03,3,5426,530.0,70
CR0389,2025-04,0,0,0.0,0
CR0389,2025-05,5,4982,320.0,68
CR0389,2025-06,2,9604,1053.7,69
CR0389,2025-07,4,7844,529.0,59
CR0389,2025-08,2,5471,392.8,27
CR0389,2025-09,4,8194,608.0,109
CR0389,2025-10,4,5973,577.5,45
CR0389,2025-11,6,8651,539.4,87
CR0389,2025-12,4,7065,773.5,33
CR0390,2025-01,11,140408,16676.2,1317
CR0390,2025-02,10,143341,9355.4,1395
CR0390,2025-03,11,228730,17831.2,996
CR0390,2025-04,11,289391,24404.6,3734
CR0390,2025-05,10,171918,16555.4,1082
CR0390,2025-06,5,179961,21986.2,1625
CR0390,2025-07,10,169546,18196.3,1908
CR0390,2025-08,6,176065,15285.7,1922
CR0390,2025-09,10,229672,25211.4,3114
CR0390,2025-10,7,131853,12671.9,1723
CR0390,2025-11,5,269450,18242.5,3637
CR0390,2025-12,8,216780,19564.1,2111
CR0391,2025-01,2,8309,1127.7,85
CR0391,2025-02,0,0,0.0,0
CR0391,2025-03,0,0,0.0,0
CR0391,2025-04,6,12244,1781.0,51
CR0391,2025-05,3,8897,1309.6,55
CR0391,2025-06,3,10299,933.1,72
CR0391,2025-07,2,10289,1149.4,123
CR0391,2025-08,5,12450,1229.8,165
CR0391,2025-09,3,12352,1663.4,112
CR0391,2025-10,6,7803,726.5,100
CR0391,2025-11,5,11554,681.8,124
CR0391,2025-12,3,14383,973.8,99
CR0392,2025-01,6,173442,25748.2,2264
CR0392,2025-02,7,222357,25266.6,914
CR0392,2025-03,4,124632,16617.3,1217
CR0392,2025-04,6,138778,11740.2,964
CR0392,2025-05,10,165786,12174.7,2122
CR0392,2025-06,4,237734,16644.9,1903
CR0392,2025-07,4,199049,21482.2,2387
CR0392,2025-08,9,125354,13774.3,1332
CR0392,2025-09,5,214663,22072.4,2650
CR0392,2025-10,4,156496,22819.3,1906
CR0392,2025-11,5,212293,22898.5,2317
CR0392,2025-12,6,225323,14287.8,1277
CR0393,2025-01,6,62867,6287.0,919
CR0393,2025-02,7,73014,4903.0,494
CR0393,2025-03,6,71898,6522.1,611
CR0393,2025-04,6,68091,9405.2,679
CR0393,2025-05,6,58681,6435.4,301
CR0393,2025-06,8,54299,3399.8,522
CR0393,2025-07,3,62673,3852.4,710
CR0393,2025-08,11,74944,8723.2,1037
CR0393,2025-09,7,68262,9614.0,814
CR0393,2025-10,7,87146,6144.9,845
CR0393,2025-11,2,109879,15591.1,1227
CR0393,2025-12,0,0,0.0,0
CR0394,2025-01,6,66296,6627.4,583
CR0394,2025-02,8,67506,9704.9,607
CR0394,2025-03,6,68908,5981.7,460
CR0394,2025-04,6,86093,5529.0,1108
CR0394,2025-05,3,54099,5830.5,389
CR0394,2025-06,7,83199,8704.1,539
CR0394,2025-07,4,83632,5642.4,678
CR0394,2025-08,0,0,0.0,0
CR0394,2025-09,8,53239,7923.7,548
CR0394,2025-10,6,75876,8266.8,859
CR0394,2025-11,6,110372,10897.6,860
CR0394,2025-12,7,76594,6093.8,503
CR0395,2025-01,0,0,0.0,0
CR0395,2025-02,3,17873,2247.1,192
CR0395,2025-03,5,16327,2351.0,155
CR0395,2025-04,4,12877,1877.5,141
CR0395,2025-05,4,16281,1066.1,157
CR0395,2025-06,4,10510,1076.7,57
CR0395,2025-07,2,16129,2157.4,182
CR0395,2025-08,2,19827,2772.6,244
CR0395,2025-09,3,19000,1467.8,249
CR0395,2025-10,0,0,0.0,0
CR0395,2025-11,2,14175,1220.1,94
CR0395,2025-12,2,16886,1668.5,132
CR0396,2025-01,2,30550,2955.7,348
CR0396,2025-02,4,23895,2628.1,280
CR0396,2025-03,5,16965,2536.8,95
CR0396,2025-04,4,26535,2282.9,387
CR0396,2025-05,3,18006,1394.8,209
CR0396,2025-06,4,43160,4431.0,307
CR0396,2025-07,4,37168,4077.0,369
CR0396,2025-08,7,27635,3518.8,272
CR0396,2025-09,3,18494,1894.4,199
CR0396,2025-10,0,0,0.0,0
CR0396,2025-11,4,33782,2349.2,446
CR0396,2025-12,0,0,0.0,0
CR0397,2025-01,7,80764,5139.6,615
CR0397,2025-02,8,66502,6107.0,802
CR0397,2025-03,0,0,0.0,0
CR0397,2025-04,8,105714,13035.6,1538
CR0397,2025-05,3,110763,8957.0,811
CR0397,2025-06,8,67438,6968.1,659
CR0397,2025-07,3,83769,12367.4,850
CR0397,2025-08,8,85567,11345.0,1097
CR0397,2025-09,5,109883,11472.6,1346
CR0397,2025-10,6,136460,17040.0,864
CR0397,2025-11,4,84889,9688.2,955
CR0397,2025-12,3,69765,8095.5,464
CR0398,2025-01,3,45101,6063.8,399
CR0398,2025-02,5,38904,3037.9,263
CR0398,2025-03,0,0,0.0,0
CR0398,2025-04,6,32856,3828.4,407
CR0398,2025-05,5,32874,2735.3,448
CR0398,2025-06,2,32832,3026.3,431
CR0398,2025-07,2,37877,3362.0,497
CR0398,2025-08,0,0,0.0,0
CR0398,2025-09,3,40162,4923.1,188
CR0398,2025-10,3,48265,3169.8,248
CR0398,2025-11,5,41181,3702.9,383
CR0398,2025-12,0,0,0.0,0
CR0399,2025-01,0,0,0.0,0
CR0399,2025-02,3,18881,1160.1,253
CR0399,2025-03,0,0,0.0,0
CR0399,2025-04,3,20066,1451.7,93
CR0399,2025-05,3,34189,2941.3,167
CR0399,2025-06,5,24010,2243.6,343
CR0399,2025-07,4,25912,3428.6,176
CR0399,2025-08,2,17522,1082.1,236
CR0399,2025-09,0,0,0.0,0
CR0399,2025-10,3,20566,2315.1,228
CR0399,2025-11,0,0,0.0,0
CR0399,2025-12,1,31075,2989.2,143
CR0400,2025-01,5,117623,9805.5,924
CR0400,2025-02,3,108257,13675.1,853
CR0400,2025-03,7,121328,14274.8,1540
CR0400,2025-04,13,200561,23336.7,2007
CR0400,2025-05,10,200203,21286.8,1186
CR0400,2025-06,10,123025,16443.4,992
CR0400,2025-07,12,129533,17440.4,721
CR0400,2025-08,3,154807,17400.3,2198
CR0400,2025-09,10,165537,14229.0,2458
CR0400,2025-10,6,188454,26833.0,1442
CR0400,2025-11,8,191306,22800.4,936
CR0400,2025-12,6,142558,9293.4,1982
CR0401,2025-01,1,17038,1510.2,110
CR0401,2025-02,6,30121,1926.2,367
CR0401,2025-03,4,27253,1890.7,401
CR0401,2025-04,2,21331,2395.7,252
CR0401,2025-05,2,22774,2792.2,307
CR0401,2025-06,1,24112,1595.2,126
CR0401,2025-07,0,0,0.0,0
CR0401,2025-08,2,31811,2827.2,175
CR0401,2025-09,3,24287,3144.9,252
CR0401,2025-10,0,0,0.0,0
CR0401,2025-11,3,26900,3566.2,165
CR0401,2025-12,0,0,0.0,0
CR0402,2025-01,6,174611,14032.1,1880
CR0402,2025-02,2,120128,9325.9,1505
CR0402,2025-03,9,119654,16319.2,1370
CR0402,2025-04,7,130967,18637.0,1664
CR0402,2025-05,0,0,0.0,0
CR0402,2025-06,6,153428,11720.4,1503
CR0402,2025-07,8,139172,18858.8,1748
CR0402,2025-08,2,134507,17629.9,1656
CR0402,2025-09,8,148434,20558.3,1838
CR0402,2025-10,6,120714,10917.2,549
CR0402,2025-11,6,170492,23171.5,1641
CR0402,2025-12,0,0,0.0,0
CR0403,2025-01,7,85612,9981.0,482
CR0403,2025-02,4,84131,10081.7,582
CR0403,2025-03,2,93330,6823.1,463
CR0403,2025-04,4,104481,13633.0,1307
CR0403,2025-05,0,0,0.0,0
CR0403,2025-06,7,93377,10658.9,691
CR0403,2025-07,12,107193,14281.7,1003
CR0403,2025-08,8,85256,11973.6,922
CR0403,2025-09,5,62343,9346.5,598
CR0403,2025-10,6,132308,9837.6,1938
CR0403,2025-11,11,150423,18126.7,1701
CR0403,2025-12,9,132307,15990.9,805
CR0404,2025-01,9,230944,16695.4,2913
CR0404,2025-02,9,305477,38363.8,2562
CR0404,2025-03,8,317778,25229.6,3626
CR0404,2025-04,10,204610,12459.2,2901
CR0404,2025-05,6,277580,19647.4,3360
CR0404,2025-06,9,162854,23720.3,863
CR0404,2025-07,6,231755,27631.2,1160
CR0404,2025-08,12,220285,24663.8,2660
CR0404,2025-09,12,257082,34243.2,1288
CR0404,2025-10,12,150724,16101.9,2215
CR0404,2025-11,7,250869,28132.9,2938
CR0404,2025-12,8,249610,25881.4,1942
CR0405,2025-01,8,64068,9577.1,420
CR0405,2025-02,4,73637,6696.8,713
CR0405,2025-03,8,50614,6770.5,384
CR0405,2025-04,4,62934,8059.0,762
CR0405,2025-05,4,71087,9335.3,978
CR0405,2025-06,5,63774,4297.5,727
CR0405,2025-07,4,80257,11411.8,1151
CR0405,2025-08,8,94121,8537.6,483
CR0405,2025-09,0,0,0.0,0
CR0405,2025-10,7,97612,12007.9,877
CR0405,2025-11,7,70714,7923.5,589
CR0405,2025-12,4,93214,10223.7,830
CR0406,2025-01,6,10305,1099.8,82
CR0406,2025-02,6,14669,1823.5,110
CR0406,2025-03,4,14075,1880.8,108
CR0406,2025-04,0,0,0.0,0
CR0406,2025-05,5,11710,1576.9,152
CR0406,2025-06,3,15339,1853.6,226
CR0406,2025-07,2,18259,1965.5,242
CR0406,2025-08,3,16221,1024.4,228
CR0406,2025-09,2,17043,2449.7,239
CR0406,2025-10,3,8789,666.9,78
CR0406,2025-11,2,14136,1046.6,126
CR0406,2025-12,4,21106,2695.3,247
CR0407,2025-01,8,573407,42046.2,7139
CR0407,2025-02,10,621638,42390.6,4058
CR0407,2025-03,9,606683,73791.8,7900
CR0407,2025-04,11,572637,69507.6,6416
CR0407,2025-05,6,399925,28430.9,3819
CR0407,2025-06,10,438524,58791.7,5594
CR0407,2025-07,12,467045,48684.3,3504
CR0407,2025-08,10,405102,53362.7,4803
CR0407,2025-09,9,539158,79401.5,4396
CR0407,2025-10,5,487205,48725.7,5899
CR0407,2025-11,8,449192,65773.7,3800
CR0407,2025-12,5,595852,73002.7,5105
CR0408,2025-01,3,15605,2191.1,193
CR0408,2025-02,7,21032,1814.7,234
CR0408,2025-03,0,0,0.0,0
CR0408,2025-04,2,12917,1353.8,96
CR0408,2025-05,3,19535,2749.2,178
CR0408,2025-06,0,0,0.0,0
CR0408,2025-07,4,20295,3041.9,251
CR0408,2025-08,3,19820,2800.8,143
CR0408,2025-09,2,10553,1321.9,77
CR0408,2025-10,4,16519,1683.1,84
CR0408,2025-11,3,19800,2371.9,94
CR0408,2025-12,4,17678,1357.9,232
CR0409,2025-01,4,13292,1695.1,161
CR0409,2025-02,4,13317,879.0,171
CR0409,2025-03,2,16236,2008.4,81
CR0409,2025-04,0,0,0.0,0
CR0409,2025-05,2,19320,1422.6,169
CR0409,2025-06,1,16715,2007.3,155
CR0409,2025-07,3,15033,1231.2,122
CR0409,2025-08,2,14611,912.4,118
CR0409,2025-09,2,9993,737.4,72
CR0409,2025-10,9,11251,1363.1,97
CR0409,2025-11,4,20569,2477.5,96
CR0409,2025-12,3,26110,1564.2,225
CR0410,2025-01,12,523183,52167.8,2868
CR0410,2025-02,5,266602,30329.6,1341
CR0410,2025-03,11,268805,32384.7,2885
CR0410,2025-04,6,356241,44014.5,4296
CR0410,2025-05,15,342516,27060.3,3904
CR0410,2025-06,6,174268,18230.3,1008
CR0410,2025-07,5,443167,44381.1,2934
CR0410,2025-08,6,322908,39380.6,4739
CR0410,2025-09,9,366562,26624.9,3162
CR0410,2025-10,9,463921,52658.4,5099
CR0410,2025-11,9,268789,17713.1,2140
CR0410,2025-12,6,338721,44231.8,3254
CR0411,2025-01,4,25601,3279.0,240
CR0411,2025-02,6,25908,2909.9,136
CR0411,2025-03,6,16851,2012.0,163
CR0411,2025-04,3,23473,1779.1,226
CR0411,2025-05,4,36307,4615.0,293
CR0411,2025-06,3,32799,2606.6,429
CR0411,2025-07,2,21016,2662.5,145
CR0411,2025-08,2,19962,2581.1,197
CR0411,2025-09,2,40499,3333.6,351
CR0411,2025-10,3,16484,1077.0,141
CR0411,2025-11,0,0,0.0,0
CR0411,2025-12,7,16362,1781.5,140
CR0412,2025-01,11,282567,36978.0,1509
CR0412,2025-02,0,0,0.0,0
CR0412,2025-03,8,301556,44269.0,3113
CR0412,2025-04,5,172590,22065.1,2255
CR0412,2025-05,16,259759,27094.5,1147
CR0412,2025-06,12,387102,52375.1,5190
CR0412,2025-07,7,230710,30647.2,1001
CR0412,2025-08,4,270736,25954.8,3400
CR0412,2025-09,4,362684,48072.1,3286
CR0412,2025-10,4,251347,27906.4,2500
CR0412,2025-11,16,520660,43665.4,6793
CR0412,2025-12,7,319516,35031.0,4406
CR0413,2025-01,2,16848,1186.5,167
CR0413,2025-02,0,0,0.0,0
CR0413,2025-03,0,0,0.0,0
CR0413,2025-04,2,14634,2178.1,191
CR0413,2025-05,0,0,0.0,0
CR0413,2025-06,6,14584,1758.3,193
CR0413,2025-07,5,20756,2006.5,91
CR0413,2025-08,3,11150,1139.0,110
CR0413,2025-09,0,0,0.0,0
CR0413,2025-10,2,16150,1936.8,116
CR0413,2025-11,0,0,0.0,0
CR0413,2025-12,0,0,0.0,0
CR0414,2025-01,0,0,0.0,0
CR0414,2025-02,2,31501,4047.5,304
CR0414,2025-03,5,57141,4684.4,802
CR0414,2025-04,1,33480,4123.9,484
CR0414,2025-05,3,55518,6126.1,531
CR0414,2025-06,2,34016,3904.8,450
CR0414,2025-07,0,0,0.0,0
CR0414,2025-08,5,31461,4111.4,411
CR0414,2025-09,0,0,0.0,0
CR0414,2025-10,3,50553,6244.4,443
CR0414,2025-11,6,37378,5058.4,304
CR0414,2025-12,3,33606,3833.5,288
CR0415,2025-01,5,18667,1174.1,199
CR0415,2025-02,3,15814,946.9,132
CR0415,2025-03,3,15783,1999.1,120
CR0415,2025-04,0,0,0.0,0
CR0415,2025-05,2,16764,1148.4,71
CR0415,2025-06,4,10248,1106.6,149
CR0415,2025-07,4,12170,1120.4,125
CR0415,2025-08,0,0,0.0,0
CR0415,2025-09,5,12094,1551.1,59
CR0415,2025-10,3,13797,1526.5,175
CR0415,2025-11,0,0,0.0,0
CR0415,2025-12,5,15711,2067.1,64
CR0416,2025-01,3,21952,1830.9,139
CR0416,2025-02,1,21179,2614.4,88
CR0416,2025-03,4,21772,2799.8,297
CR0416,2025-04,0,0,0.0,0
CR0416,2025-05,4,24777,3146.4,220
CR0416,2025-06,4,16286,2206.8,73
CR0416,2025-07,0,0,0.0,0
CR0416,2025-08,3,19353,2186.8,216
CR0416,2025-09,2,31049,3042.9,339
CR0416,2025-10,4,21593,2974.7,320
CR0416,2025-11,3,28445,2217.5,404
CR0416,2025-12,6,23870,2102.4,198
CR0417,2025-01,0,0,0.0,0
CR0417,2025-02,6,174161,22869.6,2571
CR0417,2025-03,9,107944,6924.6,1025
CR0417,2025-04,8,218548,20309.3,2082
CR0417,2025-05,6,213521,14869.2,2669
CR0417,2025-06,5,134192,12435.2,1553
CR0417,2025-07,3,202828,24808.1,2716
CR0417,2025-08,5,202045,15981.6,2019
CR0417,2025-09,7,279714,17727.7,1521
CR0417,2025-10,6,220341,31028.5,2190
CR0417,2025-11,3,128964,10517.9,1765
CR0417,2025-12,8,210373,14172.2,878
CR0418,2025-01,5,27433,2477.9,138
CR0418,2025-02,3,39964,3675.3,404
CR0418,2025-03,3,36459,3580.3,328
CR0418,2025-04,5,23132,2896.7,303
CR0418,2025-05,5,41931,5373.6,273
CR0418,2025-06,4,44675,3810.9,608
CR0418,2025-07,5,39908,2942.9,494
CR0418,2025-08,3,22644,2879.4,110
CR0418,2025-09,0,0,0.0,0
CR0418,2025-10,6,64168,7956.0,425
CR0418,2025-11,0,0,0.0,0
CR0418,2025-12,5,30765,3318.7,364
CR0419,2025-01,3,19358,2728.0,168
CR0419,2025-02,5,22288,2709.2,248
CR0419,2025-03,4,26117,2870.3,205
CR0419,2025-04,3,21552,2668.4,313
CR0419,2025-05,0,0,0.0,0
CR0419,2025-06,0,0,0.0,0
CR0419,2025-07,0,0,0.0,0
CR0419,2025-08,4,24794,2346.9,126
CR0419,2025-09,3,51157,4454.5,362
CR0419,2025-10,0,0,0.0,0
CR0419,2025-11,3,32956,4288.0,368
CR0419,2025-12,2,24142,2136.2,319
CR0420,2025-01,4,12504,1820.3,131
CR0420,2025-02,4,15233,1297.2,177
CR0420,2025-03,0,0,0.0,0
CR0420,2025-04,5,11625,1474.2,158
CR0420,2025-05,4,19265,2256.7,266
CR0420,2025-06,3,15314,1652.9,74
CR0420,2025-07,0,0,0.0,0
CR0420,2025-08,4,8433,547.0,108
CR0420,2025-09,4,6942,634.2,39
CR0420,2025-10,3,8675,1251.1,40
CR0420,2025-11,2,19903,2571.0,137
CR0420,2025-12,5,24916,2407.0,355
CR0421,2025-01,2,13841,959.6,138
CR0421,2025-02,5,20879,2418.3,106
CR0421,2025-03,2,16943,1381.2,181
CR0421,2025-04,3,12140,815.4,65
CR0421,2025-05,4,20434,2896.0,151
CR0421,2025-06,3,15330,1335.8,130
CR0421,2025-07,5,11138,872.6,45
CR0421,2025-08,0,0,0.0,0
CR0421,2025-09,5,13861,1498.0,82
CR0421,2025-10,6,19430,2883.9,243
CR0421,2025-11,4,17466,1263.2,102
CR0421,2025-12,4,12463,1259.1,76
CR0422,2025-01,7,74239,5653.1,491
CR0422,2025-02,0,0,0.0,0
CR0422,2025-03,6,125000,14131.1,1859
CR0422,2025-04,8,85124,12161.5,746
CR0422,2025-05,2,62443,3759.4,302
CR0422,2025-06,3,139568,19188.8,971
CR0422,2025-07,8,105122,13700.2,532
CR0422,2025-08,9,86411,11893.0,1054
CR0422,2025-09,9,70233,6748.4,641
CR0422,2025-10,6,98023,11601.1,821
CR0422,2025-11,6,99024,7449.6,732
CR0422,2025-12,2,79055,10461.9,671
CR0423,2025-01,5,85192,8510.6,1192
CR0423,2025-02,5,53401,7003.7,264
CR0423,2025-03,9,129596,14750.7,1112
CR0423,2025-04,3,112064,10181.1,1166
CR0423,2025-05,2,108231,7539.8,1384
CR0423,2025-06,7,115629,11212.0,481
CR0423,2025-07,2,133588,16903.2,1522
CR0423,2025-08,0,0,0.0,0
CR0423,2025-09,7,93489,13515.8,615
CR0423,2025-10,8,115230,7921.9,1724
CR0423,2025-11,4,95835,11430.7,1079
CR0423,2025-12,4,125011,11345.3,1284
CR0424,2025-01,3,22237,2026.1,248
CR0424,2025-02,3,12778,845.0,80
CR0424,2025-03,2,21480,1583.2,130
CR0424,2025-04,3,24144,2050.4,303
CR0424,2025-05,0,0,0.0,0
CR0424,2025-06,5,24106,3276.3,224
CR0424,2025-07,1,29182,2361.4,125
CR0424,2025-08,5,29655,1814.1,355
CR0424,2025-09,5,28001,2179.9,322
CR0424,2025-10,4,33027,2646.2,299
CR0424,2025-11,4,23442,1790.6,120
CR0424,2025-12,2,31645,3593.9,223
CR0425,2025-01,8,128926,16423.2,1207
CR0425,2025-02,11,82676,5849.2,646
CR0425,2025-03,8,59676,8386.2,407
CR0425,2025-04,3,125877,15898.8,649
CR0425,2025-05,9,121476,14921.3,1449
CR0425,2025-06,0,0,0.0,0
CR0425,2025-07,8,109868,9696.1,728
CR0425,2025-08,8,89759,9925.1,743
CR0425,2025-09,8,113811,16843.7,543
CR0425,2025-10,4,73734,6789.9,604
CR0425,2025-11,5,167896,15114.0,1376
CR0425,2025-12,6,112046,11452.5,660
CR0426,2025-01,6,11253,1007.9,60
CR0426,2025-02,0,0,0.0,0
CR0426,2025-03,2,16386,998.0,114
CR0426,2025-04,4,17821,1156.6,250
CR0426,2025-05,3,18409,2136.6,115
CR0426,2025-06,8,14328,1743.8,189
CR0426,2025-07,5,15391,2270.1,114
CR0426,2025-08,0,0,0.0,0
CR0426,2025-09,5,17897,1692.0,109
CR0426,2025-10,9,17317,1778.3,111
CR0426,2025-11,5,13616,844.7,88
CR0426,2025-12,5,9943,1414.8,75
CR0427,2025-01,3,14286,1868.8,65
CR0427,2025-02,3,9785,1171.5,139
CR0427,2025-03,2,13074,1528.6,180
CR0427,2025-04,3,17700,1725.9,252
CR0427,2025-05,2,12347,1142.0,50
CR0427,2025-06,3,14152,832.5,101
CR0427,2025-07,2,13780,1646.3,134
CR0427,2025-08,3,19680,1609.9,183
CR0427,2025-09,5,18341,1371.1,189
CR0427,2025-10,6,13535,959.7,83
CR0427,2025-11,1,10535,709.2,80
CR0427,2025-12,4,23271,2230.8,227
CR0428,2025-01,2,22321,1387.1,206
CR0428,2025-02,5,13260,1680.5,186
CR0428,2025-03,3,23672,2393.6,250
CR0428,2025-04,0,0,0.0,0
CR0428,2025-05,4,21749,2857.6,274
CR0428,2025-06,3,16473,2184.6,109
CR0428,2025-07,3,20760,1986.6,161
CR0428,2025-08,1,14894,2031.0,105
CR0428,2025-09,4,18591,2718.7,78
CR0428,2025-10,2,29368,2452.9,334
CR0428,2025-11,3,24541,1818.8,320
CR0428,2025-12,0,0,0.0,0
CR0429,2025-01,2,39249,3779.1,419
CR0429,2025-02,1,21205,1256.3,250
CR0429,2025-03,4,28590,3259.7,412
CR0429,2025-04,2,17664,1461.6,221
CR0429,2025-05,0,0,0.0,0
CR0429,2025-06,2,29469,4328.6,228
CR0429,2025-07,4,16826,2292.2,102
CR0429,2025-08,1,39509,3240.3,159
CR0429,2025-09,2,19089,1710.4,180
CR0429,2025-10,6,30075,2837.1,206
CR0429,2025-11,2,31735,3714.5,468
CR0429,2025-12,4,33750,2978.0,245
CR0430,2025-01,0,0,0.0,0
CR0430,2025-02,3,17165,1486.9,79
CR0430,2025-03,3,13399,1062.8,90
CR0430,2025-04,4,28604,2843.5,142
CR0430,2025-05,5,20729,2608.0,237
CR0430,2025-06,0,0,0.0,0
CR0430,2025-07,0,0,0.0,0
CR0430,2025-08,6,17022,2334.6,87
CR0430,2025-09,5,14390,851.0,157
CR0430,2025-10,6,19173,1806.6,228
CR0430,2025-11,2,17691,2298.4,171
CR0430,2025-12,3,28013,3293.0,120
CR0431,2025-01,9,371949,29369.6,2205
CR0431,2025-02,10,175925,21890.2,1139
CR0431,2025-03,10,211263,12637.9,2770
CR0431,2025-04,5,137418,17089.4,683
CR0431,2025-05,11,230156,15506.2,2815
CR0431,2025-06,12,167934,16186.6,2518
CR0431,2025-07,7,195979,27027.2,1096
CR0431,2025-08,6,376495,38716.3,4874
CR0431,2025-09,7,164323,22523.1,1705
CR0431,2025-10,10,265041,32082.2,3960
CR0431,2025-11,6,222010,23262.6,2167
CR0431,2025-12,8,260790,20207.7,2979
CR0432,2025-01,5,32677,3403.7,440
CR0432,2025-02,9,45710,2890.8,345
CR0432,2025-03,2,39235,3891.3,225
CR0432,2025-04,1,40416,3776.1,537
CR0432,2025-05,0,0,0.0,0
CR0432,2025-06,3,44801,3388.0,198
CR0432,2025-07,0,0,0.0,0
CR0432,2025-08,6,47816,6513.8,227
CR0432,2025-09,0,0,0.0,0
CR0432,2025-10,4,49887,6552.7,262
CR0432,2025-11,5,93745,13331.4,1154
CR0432,2025-12,0,0,0.0,0
CR0433,2025-01,9,82838,7259.6,1044
CR0433,2025-02,2,146949,9058.6,591
CR0433,2025-03,7,146319,19647.3,1280
CR0433,2025-04,8,158825,20289.0,1428
CR0433,2025-05,8,135723,15108.8,1859
CR0433,2025-06,8,143827,9148.4,703
CR0433,2025-07,4,179107,21480.3,1691
CR0433,2025-08,5,129567,13210.2,1246
CR0433,2025-09,7,182124,25789.8,850
CR0433,2025-10,7,144098,16878.4,933
CR0433,2025-11,9,150028,8947.9,1742
CR0433,2025-12,4,175531,14132.0,1783
CR0434,2025-01,4,114160,15064.7,1583
CR0434,2025-02,0,0,0.0,0
CR0434,2025-03,6,146891,21188.9,857
CR0434,2025-04,6,76689,9010.9,802
CR0434,2025-05,4,141194,10342.4,939
CR0434,2025-06,5,86234,5055.6,934
CR0434,2025-07,2,95833,8417.1,1132
CR0434,2025-08,6,115955,8820.2,1026
CR0434,2025-09,7,134481,14418.1,699
CR0434,2025-10,4,99990,8684.7,548
CR0434,2025-11,2,69963,7900.6,836
CR0434,2025-12,4,83117,6860.3,420
CR0435,2025-01,8,45628,3700.5,318
CR0435,2025-02,6,79439,10310.2,1097
CR0435,2025-03,7,73061,9846.1,404
CR0435,2025-04,2,87150,7439.9,668
CR0435,2025-05,6,80976,8476.2,325
CR0435,2025-06,5,81328,10664.3,890
CR0435,2025-07,7,61065,5166.5,360
CR0435,2025-08,5,68739,6409.0,728
CR0435,2025-09,4,82902,8378.7,671
CR0435,2025-10,4,79036,9383.9,697
CR0435,2025-11,5,79279,8686.5,897
CR0435,2025-12,5,57285,3568.3,587
CR0436,2025-01,2,17391,2144.8,211
CR0436,2025-02,3,34046,3459.4,389
CR0436,2025-03,6,23679,3436.5,209
CR0436,2025-04,0,0,0.0,0
CR0436,2025-05,5,18764,1751.0,162
CR0436,2025-06,2,17671,1281.1,177
CR0436,2025-07,0,0,0.0,0
CR0436,2025-08,6,26602,3077.7,213
CR0436,2025-09,6,30842,4342.0,355
CR0436,2025-10,3,23415,2295.5,181
CR0436,2025-11,0,0,0.0,0
CR0436,2025-12,4,27456,2403.5,346
CR0437,2025-01,8,193492,20280.9,966
CR0437,2025-02,5,231861,21402.3,2881
CR0437,2025-03,6,273356,28093.3,1143
CR0437,2025-04,9,344558,22841.9,3249
CR0437,2025-05,8,253037,15336.2,2806
CR0437,2025-06,8,213781,26598.8,2540
CR0437,2025-07,7,237141,21768.4,2739
CR0437,2025-08,6,158963,11015.5,1842
CR0437,2025-09,8,333012,46485.4,2716
CR0437,2025-10,8,354426,34704.7,4795
CR0437,2025-11,12,293079,42486.0,3664
CR0437,2025-12,8,332964,48669.1,2964
CR0438,2025-01,7,27778,1685.0,151
CR0438,2025-02,5,35789,4217.0,256
CR0438,2025-03,2,34447,3088.0,249
CR0438,2025-04,0,0,0.0,0
CR0438,2025-05,3,29395,4039.0,247
CR0438,2025-06,0,0,0.0,0
CR0438,2025-07,0,0,0.0,0
CR0438,2025-08,0,0,0.0,0
CR0438,2025-09,3,37234,5537.8,283
CR0438,2025-10,7,39404,4277.8,411
CR0438,2025-11,7,24829,2994.4,102
CR0438,2025-12,3,45130,2752.2,464
CR0439,2025-01,0,0,0.0,0
CR0439,2025-02,1,59631,7240.7,645
CR0439,2025-03,7,48169,7048.6,531
CR0439,2025-04,6,45421,6536.0,426
CR0439,2025-05,8,33289,3295.8,381
CR0439,2025-06,4,41531,3319.3,222
CR0439,2025-07,2,49140,4733.2,434
CR0439,2025-08,4,52407,3921.2,260
CR0439,2025-09,3,27529,1999.2,149
CR0439,2025-10,7,63426,5896.4,369
CR0439,2025-11,7,57651,5491.8,406
CR0439,2025-12,3,51399,3242.6,477
CR0440,2025-01,6,635680,70361.8,8028
CR0440,2025-02,11,523847,49604.8,2950
CR0440,2025-03,8,364530,39184.2,2896
CR0440,2025-04,4,248224,20634.6,2067
CR0440,2025-05,8,411484,51225.3,3182
CR0440,2025-06,10,366785,41248.1,1734
CR0440,2025-07,14,401425,56660.0,5783
CR0440,2025-08,10,415397,43612.3,4643
CR0440,2025-09,14,667719,98353.9,7185
CR0440,2025-10,8,554273,38784.8,5885
CR0440,2025-11,10,319790,38811.2,3981
CR0440,2025-12,6,442423,38282.4,2607
CR0441,2025-01,5,25994,1652.2,259
CR0441,2025-02,1,22354,3223.0,196
CR0441,2025-03,3,21641,1889.9,106
CR0441,2025-04,6,19713,1362.3,171
CR0441,2025-05,5,18139,1295.5,253
CR0441,2025-06,3,16420,2358.9,165
CR0441,2025-07,6,16187,1144.2,227
CR0441,2025-08,4,23014,1402.2,220
CR0441,2025-09,2,46770,6984.6,199
CR0441,2025-10,2,23174,2476.1,295
CR0441,2025-11,4,32406,4120.8,392
CR0441,2025-12,4,20801,2886.9,307
CR0442,2025-01,9,278548,40194.3,2957
CR0442,2025-02,9,362525,24444.5,1687
CR0442,2025-03,9,164365,21652.5,1887
CR0442,2025-04,10,222204,21043.3,2274
CR0442,2025-05,8,268578,36683.2,3833
CR0442,2025-06,7,185264,15567.7,1994
CR0442,2025-07,8,312713,22474.6,3018
CR0442,2025-08,18,188761,17450.1,1977
CR0442,2025-09,8,221889,18003.1,1905
CR0442,2025-10,0,0,0.0,0
CR0442,2025-11,8,375918,29065.1,3081
CR0442,2025-12,7,313499,44804.6,1387
CR0443,2025-01,6,75015,5027.0,568
CR0443,2025-02,9,48399,3453.8,625
CR0443,2025-03,8,53284,4897.0,274
CR0443,2025-04,6,92996,11344.3,1346
CR0443,2025-05,7,69857,7210.0,504
CR0443,2025-06,4,61594,5446.4,533
CR0443,2025-07,6,58496,3461.2,605
CR0443,2025-08,6,59393,8483.8,411
CR0443,2025-09,1,53999,3692.9,735
CR0443,2025-10,7,87121,6707.6,1298
CR0443,2025-11,2,74048,6653.6,525
CR0443,2025-12,0,0,0.0,0
CR0444,2025-01,12,233461,21211.6,2625
CR0444,2025-02,11,265444,38778.0,2019
CR0444,2025-03,8,225282,20002.4,1345
CR0444,2025-04,9,165250,17107.9,819
CR0444,2025-05,11,123419,9165.3,790
CR0444,2025-06,5,328477,30514.2,2866
CR0444,2025-07,6,305548,28637.4,1827
CR0444,2025-08,7,168056,18267.0,713
CR0444,2025-09,8,178723,18217.8,1665
CR0444,2025-10,4,285759,36981.5,1303
CR0444,2025-11,11,178673,10995.2,1372
CR0444,2025-12,9,310777,26246.9,3666
CR0445,2025-01,3,8455,650.3,120
CR0445,2025-02,6,8550,1232.0,80
CR0445,2025-03,3,13553,1416.2,103
CR0445,2025-04,4,8257,785.9,51
CR0445,2025-05,4,11733,1005.1,118
CR0445,2025-06,2,17880,1551.1,111
CR0445,2025-07,5,12679,1274.1,121
CR0445,2025-08,0,0,0.0,0
CR0445,2025-09,3,13300,1553.4,115
CR0445,2025-10,3,9577,863.3,112
CR0445,2025-11,0,0,0.0,0
CR0445,2025-12,5,8941,1336.2,94
CR0446,2025-01,0,0,0.0,0
CR0446,2025-02,3,25934,2868.7,187
CR0446,2025-03,2,28012,2290.9,183
CR0446,2025-04,4,19276,2724.4,166
CR0446,2025-05,4,17115,2431.1,162
CR0446,2025-06,8,44206,4559.4,660
CR0446,2025-07,0,0,0.0,0
CR0446,2025-08,6,26641,2078.5,263
CR0446,2025-09,2,41645,4034.0,607
CR0446,2025-10,5,47729,3899.6,335
CR0446,2025-11,5,25927,2540.0,384
CR0446,2025-12,3,18147,2464.8,115
CR0447,2025-01,10,166714,21096.9,1213
CR0447,2025-02,4,275653,36062.9,1857
CR0447,2025-03,6,239472,33918.8,1021
CR0447,2025-04,4,119626,9668.8,1154
CR0447,2025-05,8,239315,16814.5,3011
CR0447,2025-06,9,97085,7396.5,1082
CR0447,2025-07,8,285048,42135.1,3998
CR0447,2025-08,7,231148,31850.1,3237
CR0447,2025-09,0,0,0.0,0
CR0447,2025-10,5,311749,32902.1,3217
CR0447,2025-11,4,401377,49414.1,5955
CR0447,2025-12,6,198521,12962.7,1151
CR0448,2025-01,2,40402,4072.6,365
CR0448,2025-02,5,29477,2226.8,134
CR0448,2025-03,2,30993,2106.0,257
CR0448,2025-04,4,57200,7676.6,604
CR0448,2025-05,5,26985,2214.4,220
CR0448,2025-06,1,22138,3174.9,225
CR0448,2025-07,3,41870,3936.8,315
CR0448,2025-08,3,42330,5867.8,633
CR0448,2025-09,5,34544,2457.2,455
CR0448,2025-10,2,38496,4041.2,223
CR0448,2025-11,2,43088,2887.8,346
CR0448,2025-12,3,57001,5002.3,557
CR0449,2025-01,3,20367,2299.8,223
CR0449,2025-02,3,17438,2532.1,155
CR0449,2025-03,5,22796,2513.7,187
CR0449,2025-04,4,22451,1461.5,158
CR0449,2025-05,5,26043,3464.2,124
CR0449,2025-06,3,23666,3002.0,272
CR0449,2025-07,1,22079,2736.2,321
CR0449,2025-08,5,22000,2110.4,297
CR0449,2025-09,3,16732,2487.3,175
CR0449,2025-10,3,22429,3269.9,257
CR0449,2025-11,0,0,0.0,0
CR0449,2025-12,3,34417,4029.1,451
CR0450,2025-01,6,218698,26155.1,2370
CR0450,2025-02,11,303771,45483.6,3831
CR0450,2025-03,17,337337,23017.3,4515
CR0450,2025-04,8,372620,54053.1,2930
CR0450,2025-05,6,363667,44586.9,4081
CR0450,2025-06,12,237898,26805.7,1982
CR0450,2025-07,7,225117,14331.0,2881
CR0450,2025-08,8,265382,15765.4,1083
CR0450,2025-09,7,356699,42987.6,5314
CR0450,2025-10,7,425420,54162.6,5332
CR0450,2025-11,9,327266,23692.6,3286
CR0450,2025-12,9,500085,58016.7,7104
CR0451,2025-01,1,10500,1153.0,98
CR0451,2025-02,0,0,0.0,0
CR0451,2025-03,2,12265,1804.7,56
CR0451,2025-04,0,0,0.0,0
CR0451,2025-05,5,25497,1954.7,146
CR0451,2025-06,3,13311,871.3,107
CR0451,2025-07,5,20131,1954.4,243
CR0451,2025-08,5,15690,1033.1,215
CR0451,2025-09,6,11036,1653.4,76
CR0451,2025-10,0,0,0.0,0
CR0451,2025-11,2,12655,1469.1,131
CR0451,2025-12,6,15373,1978.0,150
CR0452,2025-01,8,300902,26323.5,1711
CR0452,2025-02,6,250237,28753.9,3126
CR0452,2025-03,4,182553,16330.1,1723
CR0452,2025-04,9,219639,13553.7,1309
CR0452,2025-05,13,248258,24628.1,1548
CR0452,2025-06,10,241231,14234.9,2560
CR0452,2025-07,10,195077,20824.4,1113
CR0452,2025-08,6,272775,30619.6,2358
CR0452,2025-09,9,364779,40915.3,5392
CR0452,2025-10,7,328919,30115.4,1959
CR0452,2025-11,6,316421,29619.9,2777
CR0452,2025-12,7,184611,22247.5,1407
CR0453,2025-01,3,189988,26953.9,2614
CR0453,2025-02,9,166203,13197.6,1722
CR0453,2025-03,10,232136,20152.4,1861
CR0453,2025-04,11,138592,11489.7,1046
CR0453,2025-05,9,297691,41443.8,2808
CR0453,2025-06,3,269732,25509.1,1571
CR0453,2025-07,9,242105,25729.8,3613
CR0453,2025-08,6,288867,31373.4,4041
CR0453,2025-09,10,202082,29857.5,2830
CR0453,2025-10,5,252312,17668.7,2065
CR0453,2025-11,6,253227,36378.7,1029
CR0453,2025-12,14,223080,13495.9,3173
CR0454,2025-01,8,209380,14818.8,1626
CR0454,2025-02,6,151516,21239.2,2080
CR0454,2025-03,7,143550,12181.9,658
CR0454,2025-04,5,136602,10953.9,778
CR0454,2025-05,6,178088,14575.6,1292
CR0454,2025-06,4,189801,15786.6,1028
CR0454,2025-07,6,159473,20163.0,1967
CR0454,2025-08,7,168940,18185.1,2497
CR0454,2025-09,5,191476,26117.8,1329
CR0454,2025-10,5,158935,21912.3,2087
CR0454,2025-11,7,107600,6546.9,887
CR0454,2025-12,8,103319,13046.5,1244
CR0455,2025-01,1,36231,4906.5,239
CR0455,2025-02,4,38025,3685.2,414
CR0455,2025-03,2,41734,2665.4,591
CR0455,2025-04,5,32692,2480.2,265
CR0455,2025-05,3,33743,2170.9,452
CR0455,2025-06,6,20335,1614.3,81
CR0455,2025-07,3,52996,7932.3,430
CR0455,2025-08,0,0,0.0,0
CR0455,2025-09,5,53058,4116.7,728
CR0455,2025-10,2,45825,3297.4,231
CR0455,2025-11,2,44124,6252.1,311
CR0455,2025-12,0,0,0.0,0
CR0456,2025-01,7,21886,1929.4,139
CR0456,2025-02,4,19075,2471.3,145
CR0456,2025-03,5,23375,2927.7,245
CR0456,2025-04,7,18990,2588.8,162
CR0456,2025-05,0,0,0.0,0
CR0456,2025-06,3,19261,1798.9,221
CR0456,2025-07,0,0,0.0,0
CR0456,2025-08,5,21048,2781.1,267
CR0456,2025-09,6,17581,2099.3,257
CR0456,2025-10,4,17531,1301.0,137
CR0456,2025-11,2,28566,4102.5,354
CR0456,2025-12,2,24035,2164.6,350
CR0457,2025-01,6,32747,3787.8,345
CR0457,2025-02,2,21554,1465.4,130
CR0457,2025-03,0,0,0.0,0
CR0457,2025-04,0,0,0.0,0
CR0457,2025-05,1,25316,3210.5,342
CR0457,2025-06,3,24387,1878.7,115
CR0457,2025-07,0,0,0.0,0
CR0457,2025-08,3,19124,1542.7,225
CR0457,2025-09,3,12609,1538.7,123
CR0457,2025-10,3,25850,2840.2,214
CR0457,2025-11,1,25060,1876.0,277
CR0457,2025-12,1,17822,2426.8,90
CR0458,2025-01,6,17576,1656.0,162
CR0458,2025-02,4,19183,2420.0,248
CR0458,2025-03,2,18744,1206.5,191
CR0458,2025-04,0,0,0.0,0
CR0458,2025-05,2,16151,2050.8,106
CR0458,2025-06,3,20423,1583.5,239
CR0458,2025-07,1,21056,2463.3,252
CR0458,2025-08,4,23118,2965.9,338
CR0458,2025-09,6,16359,2009.6,111
CR0458,2025-10,0,0,0.0,0
CR0458,2025-11,2,13539,1763.7,134
CR0458,2025-12,0,0,0.0,0
CR0459,2025-01,5,33118,4769.9,463
CR0459,2025-02,3,53413,5632.5,449
CR0459,2025-03,5,33551,4712.5,324
CR0459,2025-04,2,35347,3938.7,214
CR0459,2025-05,8,37488,5484.5,520
CR0459,2025-06,5,36741,5476.9,527
CR0459,2025-07,3,30999,2523.8,377
CR0459,2025-08,0,0,0.0,0
CR0459,2025-09,3,46627,4754.9,575
CR0459,2025-10,7,41920,4859.1,582
CR0459,2025-11,4,64166,8664.0,380
CR0459,2025-12,4,45998,3166.8,609
CR0460,2025-01,8,92816,12932.6,1101
CR0460,2025-02,7,91329,8063.7,1352
CR0460,2025-03,4,72253,9488.8,458
CR0460,2025-04,7,82354,6802.3,870
CR0460,2025-05,4,108541,8704.2,683
CR0460,2025-06,0,0,0.0,0
CR0460,2025-07,6,65567,5768.5,664
CR0460,2025-08,4,75314,6073.2,811
CR0460,2025-09,9,126993,17676.2,645
CR0460,2025-10,4,80011,6069.1,1181
CR0460,2025-11,7,123222,14904.8,1547
CR0460,2025-12,0,0,0.0,0
CR0461,2025-01,8,15649,1870.9,203
CR0461,2025-02,0,0,0.0,0
CR0461,2025-03,4,26892,4020.9,183
CR0461,2025-04,0,0,0.0,0
CR0461,2025-05,2,27388,3396.6,209
CR0461,2025-06,0,0,0.0,0
CR0461,2025-07,0,0,0.0,0
CR0461,2025-08,1,18754,2030.4,139
CR0461,2025-09,3,15110,1157.3,175
CR0461,2025-10,6,40271,5361.6,526
CR0461,2025-11,2,25571,2942.9,119
CR0461,2025-12,4,28608,3026.0,335
CR0462,2025-01,1,9238,1067.3,121
CR0462,2025-02,5,7159,732.9,47
CR0462,2025-03,0,0,0.0,0
CR0462,2025-04,2,6811,607.5,99
CR0462,2025-05,0,0,0.0,0
CR0462,2025-06,4,14538,1074.9,177
CR0462,2025-07,0,0,0.0,0
CR0462,2025-08,2,9609,1018.8,79
CR0462,2025-09,3,6413,386.3,34
CR0462,2025-10,3,8928,977.0,123
CR0462,2025-11,0,0,0.0,0
CR0462,2025-12,2,13401,1542.7,84
CR0463,2025-01,4,61940,4183.5,304
CR0463,2025-02,0,0,0.0,0
CR0463,2025-03,6,57416,7750.5,595
CR0463,2025-04,3,90554,8424.0,779
CR0463,2025-05,6,90101,13205.1,1194
CR0463,2025-06,0,0,0.0,0
CR0463,2025-07,7,108916,6962.9,1330
CR0463,2025-08,11,57553,6946.5,629
CR0463,2025-09,8,102492,12601.6,894
CR0463,2025-10,4,80643,9806.1,1120
CR0463,2025-11,5,103759,11138.0,885
CR0463,2025-12,8,81224,11163.8,378
CR0464,2025-01,7,125666,10873.2,1113
CR0464,2025-02,8,121810,12233.4,923
CR0464,2025-03,9,158223,22721.3,1011
CR0464,2025-04,0,0,0.0,0
CR0464,2025-05,9,179270,15254.9,1701
CR0464,2025-06,5,143187,10843.5,976
CR0464,2025-07,7,194274,27671.5,2163
CR0464,2025-08,6,250176,19041.1,1438
CR0464,2025-09,9,169132,13785.2,2419
CR0464,2025-10,7,202887,12527.2,1737
CR0464,2025-11,3,300645,25484.3,2786
CR0464,2025-12,4,155224,23026.7,1126
CR0465,2025-01,6,62551,5241.0,293
CR0465,2025-02,8,88711,10534.0,526
CR0465,2025-03,6,80942,11383.0,633
CR0465,2025-04,6,73646,8691.0,942
CR0465,2025-05,7,60784,8744.1,836
CR0465,2025-06,6,102704,6326.7,779
CR0465,2025-07,7,100622,13087.9,520
CR0465,2025-08,6,85500,8299.1,901
CR0465,2025-09,5,79369,7700.3,519
CR0465,2025-10,0,0,0.0,0
CR0465,2025-11,5,53779,4202.7,297
CR0465,2025-12,7,125959,16293.1,1072
CR0466,2025-01,2,20482,2394.6,102
CR0466,2025-02,0,0,0.0,0
CR0466,2025-03,2,9278,1039.9,85
CR0466,2025-04,5,19995,1655.7,153
CR0466,2025-05,3,12049,854.3,179
CR0466,2025-06,1,16339,2121.9,215
CR0466,2025-07,0,0,0.0,0
CR0466,2025-08,3,11708,1194.2,110
CR0466,2025-09,0,0,0.0,0
CR0466,2025-10,2,16849,1273.5,73
CR0466,2025-11,6,12237,1657.4,62
CR0466,2025-12,0,0,0.0,0
CR0467,2025-01,8,35868,4064.9,345
CR0467,2025-02,4,66063,8604.3,306
CR0467,2025-03,6,50254,6214.0,419
CR0467,2025-04,5,61801,8361.0,386
CR0467,2025-05,8,71412,6514.4,323
CR0467,2025-06,7,95030,8859.1,891
CR0467,2025-07,8,83413,12389.3,359
CR0467,2025-08,5,81594,10840.4,663
CR0467,2025-09,5,117135,14172.7,644
CR0467,2025-10,11,108041,10997.6,957
CR0467,2025-11,8,86123,5357.9,862
CR0467,2025-12,5,104209,7502.7,658
CR0468,2025-01,5,30432,4474.9,237
CR0468,2025-02,4,22308,2323.4,177
CR0468,2025-03,2,27925,2137.7,221
CR0468,2025-04,6,23249,3374.4,329
CR0468,2025-05,2,30154,3523.3,280
CR0468,2025-06,4,23221,1449.1,277
CR0468,2025-07,4,35494,2171.8,424
CR0468,2025-08,0,0,0.0,0
CR0468,2025-09,7,35545,2082.5,465
CR0468,2025-10,3,27557,2302.2,188
CR0468,2025-11,0,0,0.0,0
CR0468,2025-12,4,26819,2404.8,186
CR0469,2025-01,11,573132,61507.4,4007
CR0469,2025-02,11,450438,29049.5,6189
CR0469,2025-03,16,375755,51226.5,3758
CR0469,2025-04,11,532601,75892.6,7277
CR0469,2025-05,7,477033,42412.4,4805
CR0469,2025-06,6,435145,34019.3,6110
CR0469,2025-07,9,596588,67392.0,8948
CR0469,2025-08,9,651819,48839.5,3937
CR0469,2025-09,10,617644,66759.9,9204
CR0469,2025-10,10,719276,96556.2,9983
CR0469,2025-11,7,381146,26426.1,2801
CR0469,2025-12,10,385159,37298.6,4240
CR0470,2025-01,7,50940,4227.3,549
CR0470,2025-02,4,60560,6051.2,679
CR0470,2025-03,7,64011,7453.4,883
CR0470,2025-04,6,47368,5288.4,594
CR0470,2025-05,6,66764,6326.3,803
CR0470,2025-06,3,47475,3154.1,341
CR0470,2025-07,5,63122,4766.2,655
CR0470,2025-08,5,64295,9328.2,610
CR0470,2025-09,2,67647,4288.2,809
CR0470,2025-10,7,70699,5543.1,446
CR0470,2025-11,6,44888,4191.6,452
CR0470,2025-12,4,36251,3291.9,404
CR0471,2025-01,7,68317,8065.6,440
CR0471,2025-02,9,68042,6644.4,829
CR0471,2025-03,5,103578,13285.8,945
CR0471,2025-04,6,86976,9555.0,461
CR0471,2025-05,6,76368,6851.6,635
CR0471,2025-06,8,63384,8793.3,366
CR0471,2025-07,6,118260,14300.6,1545
CR0471,2025-08,6,111600,16171.1,1498
CR0471,2025-09,3,109774,9939.2,1413
CR0471,2025-10,4,105587,15807.3,1143
CR0471,2025-11,5,112722,14075.8,1334
CR0471,2025-12,5,64035,3986.3,776
CR0472,2025-01,0,0,0.0,0
CR0472,2025-02,5,27079,3526.0,231
CR0472,2025-03,7,25090,3307.4,284
CR0472,2025-04,6,22036,2433.5,106
CR0472,2025-05,0,0,0.0,0
CR0472,2025-06,4,34181,3144.0,191
CR0472,2025-07,2,25723,3326.4,229
CR0472,2025-08,0,0,0.0,0
CR0472,2025-09,0,0,0.0,0
CR0472,2025-10,3,18174,1255.3,200
CR0472,2025-11,3,29692,3851.9,167
CR0472,2025-12,5,29400,1970.4,293
CR0473,2025-01,9,7866,850.6,108
CR0473,2025-02,2,5560,450.4,44
CR0473,2025-03,5,7883,593.6,109
CR0473,2025-04,5,9704,599.8,96
CR0473,2025-05,6,6315,550.0,71
CR0473,2025-06,3,11588,1116.2,85
CR0473,2025-07,5,8809,1122.9,112
CR0473,2025-08,1,6022,517.3,26
CR0473,2025-09,1,6959,911.0,46
CR0473,2025-10,5,9515,693.7,136
CR0473,2025-11,3,12818,769.8,106
CR0473,2025-12,0,0,0.0,0
CR0474,2025-01,12,50860,5790.0,263
CR0474,2025-02,5,49550,6101.7,425
CR0474,2025-03,7,54896,3576.5,388
CR0474,2025-04,3,71870,10264.0,823
CR0474,2025-05,5,45138,3145.3,491
CR0474,2025-06,5,54176,7852.9,798
CR0474,2025-07,0,0,0.0,0
CR0474,2025-08,6,64275,7995.4,508
CR0474,2025-09,4,78192,5669.5,520
CR0474,2025-10,5,76900,7608.1,713
CR0474,2025-11,7,66450,5018.1,415
CR0474,2025-12,9,91998,6509.6,524
CR0475,2025-01,6,15906,1698.5,219
CR0475,2025-02,3,12963,1220.6,174
CR0475,2025-03,2,15547,1705.9,166
CR0475,2025-04,4,15808,2293.3,146
CR0475,2025-05,3,13887,2080.2,103
CR0475,2025-06,5,16476,1537.3,232
CR0475,2025-07,4,11259,1329.4,150
CR0475,2025-08,5,14396,1270.3,79
CR0475,2025-09,4,16695,1039.1,239
CR0475,2025-10,1,20361,2384.8,109
CR0475,2025-11,6,14348,1224.6,188
CR0475,2025-12,4,17935,2575.7,145
CR0476,2025-01,4,11604,1496.8,132
CR0476,2025-02,6,14813,1357.4,165
CR0476,2025-03,0,0,0.0,0
CR0476,2025-04,2,17144,2255.6,229
CR0476,2025-05,4,29206,2587.0,407
CR0476,2025-06,6,18900,2282.9,269
CR0476,2025-07,4,18730,2127.7,80
CR0476,2025-08,4,17841,1888.5,117
CR0476,2025-09,0,0,0.0,0
CR0476,2025-10,2,23415,1623.2,219
CR0476,2025-11,4,27983,4000.3,190
CR0476,2025-12,7,30721,2068.8,357
CR0477,2025-01,4,45150,2856.3,223
CR0477,2025-02,5,25710,3394.5,201
CR0477,2025-03,5,59549,7255.8,749
CR0477,2025-04,5,31678,4416.5,364
CR0477,2025-05,8,50479,6813.2,699
CR0477,2025-06,10,57123,5075.7,657
CR0477,2025-07,6,51370,5020.0,692
CR0477,2025-08,4,66361,5630.7,265
CR0477,2025-09,5,50469,4235.2,546
CR0477,2025-10,6,49092,6686.3,396
CR0477,2025-11,6,39766,3951.2,324
CR0477,2025-12,4,66773,8500.0,565
CR0478,2025-01,4,25246,1855.2,177
CR0478,2025-02,1,10275,1427.4,127
CR0478,2025-03,1,20270,2117.0,189
CR0478,2025-04,2,10824,1282.1,65
CR0478,2025-05,7,12105,1332.7,171
CR0478,2025-06,4,13477,1799.1,119
CR0478,2025-07,2,19563,1162.0,166
CR0478,2025-08,0,0,0.0,0
CR0478,2025-09,7,18280,1323.0,127
CR0478,2025-10,6,13936,1389.5,59
CR0478,2025-11,2,23305,3292.0,272
CR0478,2025-12,6,18327,2282.2,227
CR0479,2025-01,3,14065,1972.1,106
CR0479,2025-02,4,8815,999.7,128
CR0479,2025-03,4,15909,1616.9,184
CR0479,2025-04,2,20284,1408.0,81
CR0479,2025-05,2,13510,1700.0,54
CR0479,2025-06,1,20796,2388.7,161
CR0479,2025-07,2,18367,2497.9,270
CR0479,2025-08,3,13528,1115.5,116
CR0479,2025-09,0,0,0.0,0
CR0479,2025-10,3,15084,1657.3,183
CR0479,2025-11,2,17525,1544.4,109
CR0479,2025-12,4,9998,814.7,104
CR0480,2025-01,6,40536,4651.4,378
CR0480,2025-02,5,49910,7459.5,296
CR0480,2025-03,6,45901,2965.0,199
CR0480,2025-04,11,48149,5744.4,570
CR0480,2025-05,8,49369,4594.9,252
CR0480,2025-06,5,44918,6662.8,300
CR0480,2025-07,5,43480,5502.9,555
CR0480,2025-08,10,63653,6985.5,940
CR0480,2025-09,9,48485,3037.7,628
CR0480,2025-10,8,82574,7071.7,678
CR0480,2025-11,10,77246,7011.2,321
CR0480,2025-12,7,70363,5463.1,1008
CR0481,2025-01,2,16909,1083.3,190
CR0481,2025-02,6,18555,2360.2,198
CR0481,2025-03,3,20377,2066.9,187
CR0481,2025-04,3,11671,1641.2,52
CR0481,2025-05,4,15247,947.2,124
CR0481,2025-06,3,17391,1756.1,112
CR0481,2025-07,1,18953,1142.9,198
CR0481,2025-08,3,19965,1836.8,238
CR0481,2025-09,5,15329,1596.9,199
CR0481,2025-10,1,20219,2566.4,155
CR0481,2025-11,4,18491,2543.1,166
CR0481,2025-12,2,15439,2088.2,130
CR0482,2025-01,0,0,0.0,0
CR0482,2025-02,3,173863,14991.1,1568
CR0482,2025-03,6,195624,12847.7,2038
CR0482,2025-04,6,183375,20918.4,2385
CR0482,2025-05,9,213850,21835.6,1168
CR0482,2025-06,9,155101,22842.8,1396
CR0482,2025-07,0,0,0.0,0
CR0482,2025-08,5,189882,16194.3,2267
CR0482,2025-09,8,146196,11733.8,1038
CR0482,2025-10,6,98173,5908.0,1093
CR0482,2025-11,6,143039,10620.2,2006
CR0482,2025-12,5,167283,13626.9,1689
CR0483,2025-01,2,13268,1390.6,175
CR0483,2025-02,1,17871,1728.2,231
CR0483,2025-03,7,14581,2139.6,188
CR0483,2025-04,4,11607,1265.1,92
CR0483,2025-05,0,0,0.0,0
CR0483,2025-06,2,18055,2010.5,83
CR0483,2025-07,2,18379,1434.0,237
CR0483,2025-08,3,8642,1237.2,74
CR0483,2025-09,6,16458,2466.9,162
CR0483,2025-10,5,15901,1248.5,101
CR0483,2025-11,5,24014,1553.8,114
CR0483,2025-12,2,14860,1596.9,100
CR0484,2025-01,8,65920,9796.9,571
CR0484,2025-02,5,93578,8808.5,785
CR0484,2025-03,3,68497,7276.0,777
CR0484,2025-04,8,68516,7335.6,284
CR0484,2025-05,8,77484,5305.5,737
CR0484,2025-06,10,46753,5431.9,561
CR0484,2025-07,5,106782,13153.0,582
CR0484,2025-08,7,78069,7455.0,750
CR0484,2025-09,5,92627,7978.9,623
CR0484,2025-10,10,60578,6344.0,669
CR0484,2025-11,3,85448,11657.5,412
CR0484,2025-12,5,76147,11168.3,341
CR0485,2025-01,5,104159,10459.1,459
CR0485,2025-02,4,96608,14430.9,549
CR0485,2025-03,4,45553,4345.9,492
CR0485,2025-04,0,0,0.0,0
CR0485,2025-05,7,89828,7781.4,1045
CR0485,2025-06,7,104629,11388.0,466
CR0485,2025-07,10,40137,3588.6,291
CR0485,2025-08,3,81918,10238.9,1140
CR0485,2025-09,8,59834,8100.0,371
CR0485,2025-10,10,78877,6498.4,1170
CR0485,2025-11,4,72254,5720.2,302
CR0485,2025-12,0,0,0.0,0
CR0486,2025-01,8,76648,7164.9,335
CR0486,2025-02,7,109499,9454.5,1611
CR0486,2025-03,10,113330,15183.3,1118
CR0486,2025-04,11,76913,4837.5,564
CR0486,2025-05,7,91703,13233.7,905
CR0486,2025-06,4,77228,6351.8,553
CR0486,2025-07,0,0,0.0,0
CR0486,2025-08,7,135291,15349.1,1582
CR0486,2025-09,4,123433,15878.0,643
CR0486,2025-10,3,98422,11205.9,1048
CR0486,2025-11,5,75098,6019.5,1045
CR0486,2025-12,4,95033,6738.0,940
CR0487,2025-01,0,0,0.0,0
CR0487,2025-02,0,0,0.0,0
CR0487,2025-03,5,23077,1478.2,165
CR0487,2025-04,6,40783,3054.9,240
CR0487,2025-05,4,29008,3674.2,253
CR0487,2025-06,4,17242,2161.0,193
CR0487,2025-07,5,16778,1144.6,199
CR0487,2025-08,1,22474,3355.1,185
CR0487,2025-09,5,23924,1426.4,263
CR0487,2025-10,3,26355,1705.5,224
CR0487,2025-11,3,26033,3679.0,302
CR0487,2025-12,6,24221,2297.8,317
CR0488,2025-01,3,37193,5108.6,204
CR0488,2025-02,1,40747,4574.9,317
CR0488,2025-03,0,0,0.0,0
CR0488,2025-04,4,56207,6689.0,666
CR0488,2025-05,2,55447,4511.2,457
CR0488,2025-06,2,50243,2956.1,361
CR0488,2025-07,5,50503,7264.2,451
CR0488,2025-08,5,33160,2941.8,239
CR0488,2025-09,5,38426,4987.5,364
CR0488,2025-10,2,51559,3017.3,677
CR0488,2025-11,3,57479,5994.2,502
CR0488,2025-12,5,52506,4305.6,691
CR0489,2025-01,0,0,0.0,0
CR0489,2025-02,4,16621,1908.1,155
CR0489,2025-03,5,14801,1212.0,101
CR0489,2025-04,4,24635,1811.0,140
CR0489,2025-05,4,20149,1403.7,232
CR0489,2025-06,4,16498,1513.3,153
CR0489,2025-07,4,11049,1624.5,123
CR0489,2025-08,2,17707,1214.8,128
CR0489,2025-09,3,12874,1117.0,125
CR0489,2025-10,3,15175,2157.8,214
CR0489,2025-11,2,17334,2416.0,100
CR0489,2025-12,6,21018,2959.2,137
CR0490,2025-01,0,0,0.0,0
CR0490,2025-02,4,37045,2453.3,257
CR0490,2025-03,3,11452,729.1,158
CR0490,2025-04,1,18452,1888.6,218
CR0490,2025-05,1,33617,2130.2,477
CR0490,2025-06,1,19116,2787.9,234
CR0490,2025-07,6,27438,2760.1,281
CR0490,2025-08,3,20298,2415.4,123
CR0490,2025-09,0,0,0.0,0
CR0490,2025-10,1,37153,3840.1,331
CR0490,2025-11,4,34333,2599.2,396
CR0490,2025-12,6,24362,2815.2,292
CR0491,2025-01,5,11304,1560.9,151
CR0491,2025-02,4,10989,1311.2,114
CR0491,2025-03,7,20485,2100.7,238
CR0491,2025-04,2,15405,2286.8,144
CR0491,2025-05,0,0,0.0,0
CR0491,2025-06,0,0,0.0,0
CR0491,2025-07,3,11106,1050.2,114
CR0491,2025-08,0,0,0.0,0
CR0491,2025-09,4,13812,1112.5,85
CR0491,2025-10,4,16767,1676.0,162
CR0491,2025-11,0,0,0.0,0
CR0491,2025-12,5,12622,1170.6,102
CR0492,2025-01,3,30932,2864.3,208
CR0492,2025-02,3,24592,1987.9,232
CR0492,2025-03,4,47296,3666.4,656
CR0492,2025-04,5,30631,3020.8,238
CR0492,2025-05,0,0,0.0,0
CR0492,2025-06,4,28533,2267.7,269
CR0492,2025-07,2,58029,5409.4,667
CR0492,2025-08,4,42277,5835.6,322
CR0492,2025-09,5,34806,3563.7,457
CR0492,2025-10,5,28313,2523.2,341
CR0492,2025-11,0,0,0.0,0
CR0492,2025-12,2,59057,8136.5,504
CR0493,2025-01,2,9759,927.0,109
CR0493,2025-02,2,13705,1661.7,88
CR0493,2025-03,0,0,0.0,0
CR0493,2025-04,0,0,0.0,0
CR0493,2025-05,5,8135,858.5,90
CR0493,2025-06,3,13953,873.9,169
CR0493,2025-07,0,0,0.0,0
CR0493,2025-08,1,11509,1199.8,103
CR0493,2025-09,2,24628,2872.9,311
CR0493,2025-10,0,0,0.0,0
CR0493,2025-11,5,18997,2539.5,111
CR0493,2025-12,2,17397,2509.7,240
CR0494,2025-01,5,99175,6853.6,1470
CR0494,2025-02,7,115657,10800.1,496
CR0494,2025-03,5,75263,4798.0,919
CR0494,2025-04,4,120105,7378.6,1493
CR0494,2025-05,4,74819,8222.9,694
CR0494,2025-06,0,0,0.0,0
CR0494,2025-07,4,66450,4373.5,993
CR0494,2025-08,3,106302,6547.7,1218
CR0494,2025-09,11,113888,14051.9,771
CR0494,2025-10,7,75963,8667.9,458
CR0494,2025-11,3,129414,18008.2,704
CR0494,2025-12,4,74189,8239.9,825
CR0495,2025-01,8,411803,56359.1,1750
CR0495,2025-02,6,429078,37136.8,3008
CR0495,2025-03,11,528781,54847.9,5046
CR0495,2025-04,5,220827,16556.9,2650
CR0495,2025-05,7,346027,46877.9,2542
CR0495,2025-06,8,409046,37163.5,5627
CR0495,2025-07,0,0,0.0,0
CR0495,2025-08,6,266117,33555.5,2625
CR0495,2025-09,9,305112,44497.7,1864
CR0495,2025-10,5,184515,27576.8,1680
CR0495,2025-11,17,486379,68934.6,5946
CR0495,2025-12,3,342146,50701.7,2274
CR0496,2025-01,4,100634,12850.4,1379
CR0496,2025-02,7,60551,5641.3,877
CR0496,2025-03,9,146006,13099.2,1817
CR0496,2025-04,8,81964,9107.0,746
CR0496,2025-05,3,65314,5866.9,905
CR0496,2025-06,0,0,0.0,0
CR0496,2025-07,2,144748,15334.9,757
CR0496,2025-08,5,68599,8843.4,353
CR0496,2025-09,8,64946,8589.7,898
CR0496,2025-10,5,69199,4984.1,681
CR0496,2025-11,6,137804,9464.6,1573
CR0496,2025-12,5,93898,12622.8,1227
CR0497,2025-01,4,32026,3316.9,232
CR0497,2025-02,4,40757,3928.4,253
CR0497,2025-03,3,29582,3790.1,387
CR0497,2025-04,8,35875,5054.4,183
CR0497,2025-05,2,35729,3804.7,403
CR0497,2025-06,3,23349,2425.2,240
CR0497,2025-07,0,0,0.0,0
CR0497,2025-08,4,55445,5116.3,342
CR0497,2025-09,0,0,0.0,0
CR0497,2025-10,4,33139,4093.2,344
CR0497,2025-11,6,30495,3513.0,300
CR0497,2025-12,4,31398,2583.3,411
CR0498,2025-01,0,0,0.0,0
CR0498,2025-02,4,20709,1521.4,248
CR0498,2025-03,6,18238,2720.0,107
CR0498,2025-04,2,27477,2680.1,182
CR0498,2025-05,6,30769,3856.0,262
CR0498,2025-06,2,29003,4209.5,328
CR0498,2025-07,4,16355,2395.4,183
CR0498,2025-08,0,0,0.0,0
CR0498,2025-09,3,20108,2877.4,231
CR0498,2025-10,2,51027,2980.5,473
CR0498,2025-11,3,36405,3390.0,174
CR0498,2025-12,3,34417,3087.0,261
CR0499,2025-01,3,34753,2465.9,292
CR0499,2025-02,0,0,0.0,0
CR0499,2025-03,6,65181,5772.2,615
CR0499,2025-04,7,56087,4321.1,554
CR0499,2025-05,5,76392,6797.0,1045
CR0499,2025-06,5,67718,4131.0,440
CR0499,2025-07,5,61616,8799.6,852
CR0499,2025-08,6,64213,6555.2,536
CR0499,2025-09,8,76629,10216.6,727
CR0499,2025-10,7,66886,5483.0,810
CR0499,2025-11,3,53523,7545.3,797
CR0499,2025-12,5,81364,12116.0,447
CR0500,2025-01,11,338387,33050.3,2594
CR0500,2025-02,10,375320,38466.6,1950
CR0500,2025-03,8,372406,55561.6,4484
CR0500,2025-04,0,0,0.0,0
CR0500,2025-05,10,488574,29242.0,6742
CR0500,2025-06,5,404587,46343.2,4967
CR0500,2025-07,7,290181,30568.8,1261
CR0500,2025-08,9,363623,29952.3,3857
CR0500,2025-09,6,389811,55228.2,2607
CR0500,2025-10,10,375326,47166.5,1893
CR0500,2025-11,7,218269,19413.6,2529
CR0500,2025-12,11,453496,39714.6,3438
CR0501,2025-01,0,0,0.0,0
CR0501,2025-02,5,8802,741.5,48
CR0501,2025-03,1,21200,2097.4,227
CR0501,2025-04,6,18207,1669.6,219
CR0501,2025-05,4,21451,2615.2,261
CR0501,2025-06,4,10863,1223.3,49
CR0501,2025-07,3,24048,2626.5,246
CR0501,2025-08,0,0,0.0,0
CR0501,2025-09,4,14142,2002.0,88
CR0501,2025-10,2,23761,1462.9,321
CR0501,2025-11,5,20158,2433.7,122
CR0501,2025-12,5,26140,1893.4,124
CR0502,2025-01,4,19851,1178.6,174
CR0502,2025-02,0,0,0.0,0
CR0502,2025-03,3,18242,1158.6,273
CR0502,2025-04,4,20990,3094.8,237
CR0502,2025-05,3,21287,1305.7,197
CR0502,2025-06,0,0,0.0,0
CR0502,2025-07,5,25892,2462.9,146
CR0502,2025-08,6,13531,1252.9,163
CR0502,2025-09,2,16422,1437.9,72
CR0502,2025-10,3,15291,1102.4,205
CR0502,2025-11,0,0,0.0,0
CR0502,2025-12,3,27441,3901.1,286
CR0503,2025-01,0,0,0.0,0
CR0503,2025-02,3,61306,3664.1,540
CR0503,2025-03,5,26557,1749.9,167
CR0503,2025-04,2,26720,2155.5,345
CR0503,2025-05,4,29568,4335.4,211
CR0503,2025-06,3,45339,5457.9,317
CR0503,2025-07,2,38003,3809.3,468
CR0503,2025-08,4,36837,2662.6,232
CR0503,2025-09,4,38698,5684.9,194
CR0503,2025-10,7,31650,4737.6,256
CR0503,2025-11,3,43599,4074.0,178
CR0503,2025-12,2,37412,4196.0,521
CR0504,2025-01,11,138606,12255.7,973
CR0504,2025-02,8,76371,5230.2,760
CR0504,2025-03,4,50919,4401.7,493
CR0504,2025-04,8,68144,6544.0,823
CR0504,2025-05,3,99459,14867.1,1375
CR0504,2025-06,6,88813,7307.4,922
CR0504,2025-07,2,90587,5925.5,1205
CR0504,2025-08,8,122149,7530.8,1409
CR0504,2025-09,5,74116,5207.3,424
CR0504,2025-10,6,157461,10860.9,2271
CR0504,2025-11,5,95508,5669.8,443
CR0504,2025-12,4,71119,4208.2,928
CR0505,2025-01,6,20964,2138.4,224
CR0505,2025-02,0,0,0.0,0
CR0505,2025-03,3,26948,3464.9,325
CR0505,2025-04,4,12442,847.8,157
CR0505,2025-05,0,0,0.0,0
CR0505,2025-06,4,30374,4082.0,318
CR0505,2025-07,4,35944,3463.0,171
CR0505,2025-08,4,26223,3596.5,366
CR0505,2025-09,5,20193,1364.5,188
CR0505,2025-10,3,33777,1996.0,144
CR0505,2025-11,0,0,0.0,0
CR0505,2025-12,2,24192,3530.4,268
CR0506,2025-01,3,17244,2094.3,205
CR0506,2025-02,6,8311,780.4,49
CR0506,2025-03,8,8505,764.9,48
CR0506,2025-04,2,15767,1770.1,169
CR0506,2025-05,3,18883,1698.7,90
CR0506,2025-06,3,21421,2735.6,265
CR0506,2025-07,0,0,0.0,0
CR0506,2025-08,4,16501,2132.8,204
CR0506,2025-09,5,20551,1764.4,108
CR0506,2025-10,4,17122,1176.2,104
CR0506,2025-11,4,15337,2035.6,162
CR0506,2025-12,5,22240,2335.8,211
CR0507,2025-01,4,36607,4151.1,422
CR0507,2025-02,0,0,0.0,0
CR0507,2025-03,0,0,0.0,0
CR0507,2025-04,2,38473,5228.7,400
CR0507,2025-05,3,43432,6295.5,524
CR0507,2025-06,0,0,0.0,0
CR0507,2025-07,0,0,0.0,0
CR0507,2025-08,3,36375,4776.0,522
CR0507,2025-09,3,33900,2463.9,287
CR0507,2025-10,7,64857,8558.2,825
CR0507,2025-11,0,0,0.0,0
CR0507,2025-12,4,49498,4660.8,647
CR0508,2025-01,10,322661,43788.9,3392
CR0508,2025-02,5,508313,31467.0,6150
CR0508,2025-03,10,362162,33517.2,4221
CR0508,2025-04,16,246171,29811.7,1673
CR0508,2025-05,5,241365,29855.4,1113
CR0508,2025-06,10,242120,28005.8,3583
CR0508,2025-07,9,469527,41413.9,3702
CR0508,2025-08,7,421840,51764.3,4840
CR0508,2025-09,13,368493,39603.1,5003
CR0508,2025-10,12,387330,55737.6,4431
CR0508,2025-11,14,302278,31934.0,2362
CR0508,2025-12,9,377772,28832.3,4492
CR0509,2025-01,4,55371,3510.7,729
CR0509,2025-02,7,66572,9292.1,603
CR0509,2025-03,3,71652,5485.1,955
CR0509,2025-04,3,65638,4370.8,518
CR0509,2025-05,4,63372,6141.0,774
CR0509,2025-06,6,65927,4103.2,657
CR0509,2025-07,5,75172,6394.9,754
CR0509,2025-08,0,0,0.0,0
CR0509,2025-09,8,122474,17914.4,1305
CR0509,2025-10,3,140669,9590.4,1893
CR0509,2025-11,6,135445,8514.4,1730
CR0509,2025-12,7,129648,16677.5,1137
CR0510,2025-01,4,12369,1254.0,171
CR0510,2025-02,4,15472,1513.3,121
CR0510,2025-03,5,16816,2387.6,101
CR0510,2025-04,5,16321,2210.1,233
CR0510,2025-05,5,14448,1688.6,188
CR0510,2025-06,3,16568,1806.0,236
CR0510,2025-07,1,15639,1103.8,215
CR0510,2025-08,2,18626,1959.5,156
CR0510,2025-09,7,12751,1154.7,149
CR0510,2025-10,3,19381,2342.3,82
CR0510,2025-11,4,20527,1536.2,243
CR0510,2025-12,2,15449,1318.8,81
CR0511,2025-01,7,71907,10764.4,302
CR0511,2025-02,3,121849,16904.4,1189
CR0511,2025-03,4,179655,24196.8,1037
CR0511,2025-04,7,87653,5887.4,420
CR0511,2025-05,4,103319,12471.2,1477
CR0511,2025-06,7,116368,11914.1,654
CR0511,2025-07,8,133140,14703.7,1117
CR0511,2025-08,8,101166,14988.8,1142
CR0511,2025-09,6,212181,21912.7,970
CR0511,2025-10,6,118969,14974.9,900
CR0511,2025-11,4,129537,13147.6,1922
CR0511,2025-12,4,156701,17080.0,1841
CR0512,2025-01,3,8227,847.7,58
CR0512,2025-02,3,10816,762.4,109
CR0512,2025-03,0,0,0.0,0
CR0512,2025-04,0,0,0.0,0
CR0512,2025-05,0,0,0.0,0
CR0512,2025-06,4,16378,1872.9,75
CR0512,2025-07,5,11836,1015.3,75
CR0512,2025-08,3,11728,915.5,116
CR0512,2025-09,4,7574,969.0,72
CR0512,2025-10,6,6953,731.1,60
CR0512,2025-11,0,0,0.0,0
CR0512,2025-12,0,0,0.0,0
CR0513,2025-01,6,16965,2195.0,243
CR0513,2025-02,3,13800,1500.4,87
CR0513,2025-03,3,16134,2418.4,100
CR0513,2025-04,0,0,0.0,0
CR0513,2025-05,3,12427,785.9,59
CR0513,2025-06,0,0,0.0,0
CR0513,2025-07,2,19332,2759.2,224
CR0513,2025-08,4,13806,1684.6,107
CR0513,2025-09,7,26201,2677.3,105
CR0513,2025-10,4,9752,784.7,78
CR0513,2025-11,4,16822,1463.7,226
CR0513,2025-12,4,15879,1438.1,158
CR0514,2025-01,9,138266,9263.9,779
CR0514,2025-02,0,0,0.0,0
CR0514,2025-03,7,181445,13639.0,2121
CR0514,2025-04,0,0,0.0,0
CR0514,2025-05,3,146193,16750.2,769
CR0514,2025-06,4,416237,50596.8,1941
CR0514,2025-07,5,391151,26751.1,5159
CR0514,2025-08,10,234376,25561.7,1403
CR0514,2025-09,0,0,0.0,0
CR0514,2025-10,9,161907,14220.3,1975
CR0514,2025-11,8,195984,11727.8,1402
CR0514,2025-12,7,200471,17982.2,1984
CR0515,2025-01,10,141758,18974.0,1279
CR0515,2025-02,8,148185,9400.3,1942
CR0515,2025-03,5,97874,10094.5,451
CR0515,2025-04,4,75224,7238.8,794
CR0515,2025-05,9,74031,8540.9,962
CR0515,2025-06,4,50327,6486.6,296
CR0515,2025-07,7,120666,12799.6,1061
CR0515,2025-08,3,126463,9028.5,1688
CR0515,2025-09,8,129552,15507.2,1893
CR0515,2025-10,9,90126,6178.3,912
CR0515,2025-11,7,113405,15307.6,1592
CR0515,2025-12,0,0,0.0,0
CR0516,2025-01,5,17045,2181.8,182
CR0516,2025-02,2,13765,1314.8,76
CR0516,2025-03,3,13677,1679.2,126
CR0516,2025-04,3,14866,1036.9,89
CR0516,2025-05,4,10348,686.5,110
CR0516,2025-06,1,16441,1040.1,207
CR0516,2025-07,4,10701,700.6,143
CR0516,2025-08,4,14130,1102.4,68
CR0516,2025-09,3,24467,3332.4,325
CR0516,2025-10,4,14835,1031.4,135
CR0516,2025-11,5,10895,1617.6,108
CR0516,2025-12,5,18556,1804.9,91
CR0517,2025-01,8,12524,1260.7,157
CR0517,2025-02,1,12428,935.4,150
CR0517,2025-03,2,12653,1181.3,178
CR0517,2025-04,3,19286,2870.8,273
CR0517,2025-05,3,11512,714.6,51
CR0517,2025-06,7,18644,1113.7,101
CR0517,2025-07,8,17582,1169.2,211
CR0517,2025-08,3,15094,1955.8,106
CR0517,2025-09,1,21891,2784.0,312
CR0517,2025-10,2,12964,1931.3,78
CR0517,2025-11,7,13669,1336.8,156
CR0517,2025-12,6,12946,1090.1,74
CR0518,2025-01,6,26414,2427.8,288
CR0518,2025-02,6,27777,2607.2,184
CR0518,2025-03,3,33398,2392.6,137
CR0518,2025-04,5,31070,3786.3,425
CR0518,2025-05,6,28286,4014.4,175
CR0518,2025-06,5,47920,6652.9,256
CR0518,2025-07,3,44304,5233.1,245
CR0518,2025-08,4,31392,2372.6,366
CR0518,2025-09,4,27484,2213.3,143
CR0518,2025-10,5,35711,2250.1,419
CR0518,2025-11,5,34577,3137.1,453
CR0518,2025-12,1,22931,1452.0,177
CR0519,2025-01,12,37234,2472.3,439
CR0519,2025-02,9,26802,3620.1,176
CR0519,2025-03,0,0,0.0,0
CR0519,2025-04,5,41622,4312.8,433
CR0519,2025-05,7,50450,6677.1,209
CR0519,2025-06,8,49547,5199.1,742
CR0519,2025-07,5,62613,3713.5,892
CR0519,2025-08,7,35563,3006.1,335
CR0519,2025-09,0,0,0.0,0
CR0519,2025-10,6,28399,2589.1,287
CR0519,2025-11,6,33179,2422.8,180
CR0519,2025-12,5,39123,5202.2,381
CR0520,2025-01,6,53156,4445.8,403
CR0520,2025-02,5,55663,6804.5,782
CR0520,2025-03,0,0,0.0,0
CR0520,2025-04,4,66525,5588.8,499
CR0520,2025-05,4,69160,7056.4,637
CR0520,2025-06,4,81374,8217.7,1033
CR0520,2025-07,5,55856,5390.0,810
CR0520,2025-08,9,73478,10397.0,301
CR0520,2025-09,5,75336,6174.1,803
CR0520,2025-10,3,62627,5029.7,631
CR0520,2025-11,7,65024,6679.7,700
CR0520,2025-12,5,91745,8962.9,1016
CR0521,2025-01,4,53317,7824.6,561
CR0521,2025-02,5,50297,6005.7,488
CR0521,2025-03,0,0,0.0,0
CR0521,2025-04,10,34948,2153.1,191
CR0521,2025-05,5,55784,7597.8,291
CR0521,2025-06,7,74334,7568.3,679
CR0521,2025-07,6,83071,7306.7,777
CR0521,2025-08,7,66395,5783.1,372
CR0521,2025-09,7,55591,7339.1,764
CR0521,2025-10,7,59469,8385.8,442
CR0521,2025-11,2,79090,5675.1,1033
CR0521,2025-12,7,110584,15407.3,840
CR0522,2025-01,4,144827,17015.3,1848
CR0522,2025-02,2,191461,17983.2,1504
CR0522,2025-03,4,97024,11859.7,767
CR0522,2025-04,4,155242,20373.8,2208
CR0522,2025-05,4,121551,17964.9,1377
CR0522,2025-06,4,177467,13996.8,987
CR0522,2025-07,5,120946,8219.2,1554
CR0522,2025-08,5,145928,21087.6,1999
CR0522,2025-09,4,192856,23767.5,2120
CR0522,2025-10,2,183731,11468.0,1175
CR0522,2025-11,3,136557,10701.6,1741
CR0522,2025-12,7,154577,22118.8,1895
CR0523,2025-01,6,19609,1147.6,160
CR0523,2025-02,3,21878,3028.9,291
CR0523,2025-03,0,0,0.0,0
CR0523,2025-04,2,23869,2282.5,308
CR0523,2025-05,3,17494,1357.8,187
CR0523,2025-06,1,33366,4832.6,384
CR0523,2025-07,0,0,0.0,0
CR0523,2025-08,3,36729,5501.9,226
CR0523,2025-09,3,32365,4560.5,158
CR0523,2025-10,2,31559,2079.9,376
CR0523,2025-11,3,30279,3641.2,256
CR0523,2025-12,3,19386,2812.6,228
CR0524,2025-01,5,88169,5838.4,900
CR0524,2025-02,5,110614,11025.4,461
CR0524,2025-03,0,0,0.0,0
CR0524,2025-04,4,134053,12698.8,1150
CR0524,2025-05,0,0,0.0,0
CR0524,2025-06,4,71386,6820.6,352
CR0524,2025-07,12,72077,8195.4,931
CR0524,2025-08,7,72433,7028.0,393
CR0524,2025-09,2,86509,10611.9,836
CR0524,2025-10,3,101924,8904.0,614
CR0524,2025-11,6,105444,13448.1,535
CR0524,2025-12,9,82873,12304.6,524
CR0525,2025-01,6,52485,6738.4,662
CR0525,2025-02,10,66212,6773.6,889
CR0525,2025-03,5,28053,3641.3,386
CR0525,2025-04,7,109275,10446.4,729
CR0525,2025-05,7,104069,10372.1,1272
CR0525,2025-06,3,81740,11830.4,1104
CR0525,2025-07,10,85185,9748.7,931
CR0525,2025-08,5,72685,6541.9,795
CR0525,2025-09,8,69173,7235.8,700
CR0525,2025-10,0,0,0.0,0
CR0525,2025-11,5,62499,7712.9,807
CR0525,2025-12,8,68719,6417.5,970
CR0526,2025-01,3,19950,2762.1,236
CR0526,2025-02,6,25418,2580.8,293
CR0526,2025-03,5,37899,3962.0,264
CR0526,2025-04,5,26388,2643.2,341
CR0526,2025-05,4,23728,2683.2,233
CR0526,2025-06,2,24757,3264.1,107
CR0526,2025-07,3,40339,4939.4,250
CR0526,2025-08,3,27476,3599.8,344
CR0526,2025-09,3,20706,2182.9,232
CR0526,2025-10,3,28629,3672.5,320
CR0526,2025-11,4,25482,1879.9,218
CR0526,2025-12,3,20830,2261.5,211
CR0527,2025-01,0,0,0.0,0
CR0527,2025-02,4,64399,8724.3,878
CR0527,2025-03,6,102408,10160.5,1448
CR0527,2025-04,5,67657,9568.9,655
CR0527,2025-05,9,74770,4945.3,1115
CR0527,2025-06,9,93596,7614.6,559
CR0527,2025-07,10,78544,5258.7,1163
CR0527,2025-08,4,96369,13727.6,585
CR0527,2025-09,7,135678,17317.8,952
CR0527,2025-10,5,128905,17838.1,1347
CR0527,2025-11,6,89449,12613.6,704
CR0527,2025-12,5,76551,7146.9,615
CR0528,2025-01,6,52525,3499.8,723
CR0528,2025-02,6,89637,6463.2,1160
CR0528,2025-03,5,65474,5264.2,958
CR0528,2025-04,8,41066,2541.4,389
CR0528,2025-05,4,72615,10806.3,883
CR0528,2025-06,3,30003,4089.1,261
CR0528,2025-07,4,32377,3906.2,438
CR0528,2025-08,9,63670,7927.5,631
CR0528,2025-09,6,102159,13875.4,936
CR0528,2025-10,7,96657,6973.2,621
CR0528,2025-11,4,79379,6544.0,661
CR0528,2025-12,3,68513,9460.0,363
CR0529,2025-01,4,53570,4293.9,693
CR0529,2025-02,5,28360,2775.9,389
CR0529,2025-03,6,35880,3645.9,419
CR0529,2025-04,4,29810,2435.0,247
CR0529,2025-05,5,30797,3559.1,300
CR0529,2025-06,0,0,0.0,0
CR0529,2025-07,2,26160,2522.5,217
CR0529,2025-08,4,31044,4486.3,343
CR0529,2025-09,2,33287,4562.2,276
CR0529,2025-10,4,40732,3491.7,320
CR0529,2025-11,2,45316,4916.1,677
CR0529,2025-12,4,26942,2045.2,121
CR0530,2025-01,8,222943,14762.5,2606
CR0530,2025-02,6,169392,14963.2,878
CR0530,2025-03,7,216738,27361.3,1037
CR0530,2025-04,5,297948,17418.8,1911
CR0530,2025-05,7,217051,22602.0,2118
CR0530,2025-06,3,224299,27382.3,2908
CR0530,2025-07,2,351662,50153.1,3414
CR0530,2025-08,5,260597,18584.8,2173
CR0530,2025-09,5,173160,18449.9,2484
CR0530,2025-10,5,295092,31940.0,2131
CR0530,2025-11,6,247346,15837.1,3340
CR0530,2025-12,8,295091,30006.3,1994
CR0531,2025-01,4,13904,1623.5,115
CR0531,2025-02,2,14654,2140.1,129
CR0531,2025-03,3,25944,2599.3,239
CR0531,2025-04,4,14183,1334.1,168
CR0531,2025-05,3,26961,2977.7,236
CR0531,2025-06,0,0,0.0,0
CR0531,2025-07,0,0,0.0,0
CR0531,2025-08,0,0,0.0,0
CR0531,2025-09,5,24845,2587.2,312
CR0531,2025-10,3,22719,3360.1,324
CR0531,2025-11,0,0,0.0,0
CR0531,2025-12,2,27347,2332.5,156
CR0532,2025-01,10,118177,13642.5,670
CR0532,2025-02,11,162954,13615.4,884
CR0532,2025-03,10,134241,18580.9,1356
CR0532,2025-04,8,115408,16067.8,1198
CR0532,2025-05,10,143050,13779.0,772
CR0532,2025-06,9,154084,15013.8,700
CR0532,2025-07,15,135255,7920.9,874
CR0532,2025-08,9,145207,12239.9,1258
CR0532,2025-09,8,121861,11197.7,870
CR0532,2025-10,7,126150,18888.7,976
CR0532,2025-11,0,0,0.0,0
CR0532,2025-12,6,181205,22127.8,1068
CR0533,2025-01,0,0,0.0,0
CR0533,2025-02,6,16036,990.7,237
CR0533,2025-03,2,16187,2127.8,233
CR0533,2025-04,5,20823,1635.1,130
CR0533,2025-05,0,0,0.0,0
CR0533,2025-06,4,9271,1104.8,76
CR0533,2025-07,3,25045,1629.7,159
CR0533,2025-08,4,16406,2300.7,109
CR0533,2025-09,0,0,0.0,0
CR0533,2025-10,2,17647,2023.6,191
CR0533,2025-11,4,20172,2694.3,131
CR0533,2025-12,5,18552,2265.0,177
CR0534,2025-01,4,15908,2299.6,74
CR0534,2025-02,3,24441,3141.9,143
CR0534,2025-03,1,20388,2363.6,115
CR0534,2025-04,1,19590,1242.0,213
CR0534,2025-05,5,16569,2378.2,117
CR0534,2025-06,5,16949,1758.6,85
CR0534,2025-07,2,24996,2998.3,167
CR0534,2025-08,3,23949,3274.8,177
CR0534,2025-09,3,26694,2806.7,348
CR0534,2025-10,2,18333,2165.2,134
CR0534,2025-11,3,20145,2499.1,289
CR0534,2025-12,5,46277,3185.9,594
CR0535,2025-01,14,375260,52619.9,2524
CR0535,2025-02,5,334313,42615.1,4251
CR0535,2025-03,10,354653,40446.0,2941
CR0535,2025-04,8,469617,49002.9,6118
CR0535,2025-05,8,565746,54678.3,3728
CR0535,2025-06,3,528919,51102.8,5894
CR0535,2025-07,7,546731,76223.2,5342
CR0535,2025-08,10,322690,44087.3,1460
CR0535,2025-09,6,314465,36558.4,4022
CR0535,2025-10,10,243452,15928.4,2736
CR0535,2025-11,8,407741,58525.0,5658
CR0535,2025-12,9,444184,51575.9,3755
CR0536,2025-01,7,86132,9694.6,683
CR0536,2025-02,6,91976,11950.3,1266
CR0536,2025-03,6,73461,6370.3,1045
CR0536,2025-04,5,107845,7305.5,1498
CR0536,2025-05,10,65551,5027.8,971
CR0536,2025-06,8,85701,9796.4,1198
CR0536,2025-07,6,75486,6391.0,733
CR0536,2025-08,9,71326,7910.3,514
CR0536,2025-09,4,60229,8410.6,344
CR0536,2025-10,0,0,0.0,0
CR0536,2025-11,7,98255,10692.0,628
CR0536,2025-12,6,174774,16537.6,1658
CR0537,2025-01,7,68025,9059.4,602
CR0537,2025-02,3,76582,7770.2,372
CR0537,2025-03,5,146591,19487.5,783
CR0537,2025-04,3,108629,11755.9,1308
CR0537,2025-05,7,84010,10119.0,859
CR0537,2025-06,6,107064,13929.8,928
CR0537,2025-07,5,98269,14265.1,513
CR0537,2025-08,4,98635,14150.1,866
CR0537,2025-09,7,105112,13067.0,593
CR0537,2025-10,6,143320,20455.6,1490
CR0537,2025-11,9,92422,7245.5,540
CR0537,2025-12,7,124545,8563.9,1398
CR0538,2025-01,3,14390,979.8,202
CR0538,2025-02,6,12475,924.2,106
CR0538,2025-03,1,7572,1120.0,73
CR0538,2025-04,8,13562,1414.6,158
CR0538,2025-05,0,0,0.0,0
CR0538,2025-06,0,0,0.0,0
CR0538,2025-07,4,14585,1222.1,179
CR0538,2025-08,2,16967,1315.9,191
CR0538,2025-09,4,13584,1558.8,183
CR0538,2025-10,3,17664,2428.8,216
CR0538,2025-11,4,18648,2778.8,193
CR0538,2025-12,4,19189,2217.4,152
CR0539,2025-01,5,38616,5494.2,372
CR0539,2025-02,7,47211,3925.6,447
CR0539,2025-03,6,49754,3835.3,457
CR0539,2025-04,5,52459,4894.7,679
CR0539,2025-05,4,65640,8506.9,262
CR0539,2025-06,4,37962,4324.9,284
CR0539,2025-07,4,32987,2510.4,396
CR0539,2025-08,4,71209,4183.1,294
CR0539,2025-09,7,52834,7613.7,556
CR0539,2025-10,6,63660,8030.7,349
CR0539,2025-11,5,79856,8455.2,968
CR0539,2025-12,6,52140,5978.5,283
CR0540,2025-01,4,16761,1905.6,149
CR0540,2025-02,3,15439,1583.3,112
CR0540,2025-03,8,24937,2471.3,327
CR0540,2025-04,4,14683,1894.7,138
CR0540,2025-05,0,0,0.0,0
CR0540,2025-06,0,0,0.0,0
CR0540,2025-07,5,14733,1983.7,128
CR0540,2025-08,4,17353,1607.0,69
CR0540,2025-09,7,10676,1394.4,89
CR0540,2025-10,0,0,0.0,0
CR0540,2025-11,0,0,0.0,0
CR0540,2025-12,3,20105,1724.9,269
CR0541,2025-01,4,16134,1051.4,154
CR0541,2025-02,8,27222,2887.9,372
CR0541,2025-03,0,0,0.0,0
CR0541,2025-04,5,22702,2217.9,144
CR0541,2025-05,3,20781,1312.9,189
CR0541,2025-06,8,18455,1334.1,183
CR0541,2025-07,8,28548,3591.2,258
CR0541,2025-08,4,24777,3411.6,314
CR0541,2025-09,5,25219,1592.3,109
CR0541,2025-10,5,19905,1400.8,182
CR0541,2025-11,6,22322,3024.3,324
CR0541,2025-12,10,25528,3737.1,118
CR0542,2025-01,6,18568,1636.5,144
CR0542,2025-02,2,30335,3095.3,389
CR0542,2025-03,4,20880,2621.0,235
CR0542,2025-04,3,17239,1395.3,234
CR0542,2025-05,3,24062,3534.5,154
CR0542,2025-06,4,13320,823.1,108
CR0542,2025-07,3,24985,1665.9,353
CR0542,2025-08,5,23101,2334.5,118
CR0542,2025-09,1,21999,2918.1,90
CR0542,2025-10,6,23352,2092.2,261
CR0542,2025-11,4,28349,4047.4,371
CR0542,2025-12,3,29072,1941.0,250
CR0543,2025-01,5,49833,7181.4,493
CR0543,2025-02,6,39429,4859.5,420
CR0543,2025-03,6,43548,6122.7,371
CR0543,2025-04,8,69053,7075.3,846
CR0543,2025-05,11,36479,2700.4,323
CR0543,2025-06,4,57924,8109.7,312
CR0543,2025-07,5,65476,6737.9,433
CR0543,2025-08,4,36905,4059.2,498
CR0543,2025-09,6,79054,8170.1,508
CR0543,2025-10,5,34392,4431.6,495
CR0543,2025-11,0,0,0.0,0
CR0543,2025-12,5,56780,4341.5,245
CR0544,2025-01,5,48361,6522.4,350
CR0544,2025-02,9,33239,3429.4,247
CR0544,2025-03,10,50185,5060.0,350
CR0544,2025-04,8,56427,3862.3,650
CR0544,2025-05,3,43430,3710.2,247
CR0544,2025-06,6,42831,3914.6,548
CR0544,2025-07,3,81657,6979.9,648
CR0544,2025-08,10,83952,6111.4,1138
CR0544,2025-09,10,63431,5861.2,519
CR0544,2025-10,8,51992,4977.9,480
CR0544,2025-11,5,46046,2809.6,494
CR0544,2025-12,4,84539,8506.3,1267
CR0545,2025-01,3,76137,6144.4,408
CR0545,2025-02,4,78389,5657.7,847
CR0545,2025-03,0,0,0.0,0
CR0545,2025-04,9,102105,13982.7,1297
CR0545,2025-05,7,49111,7297.9,713
CR0545,2025-06,0,0,0.0,0
CR0545,2025-07,8,72561,7476.5,652
CR0545,2025-08,0,0,0.0,0
CR0545,2025-09,7,104172,11429.6,1207
CR0545,2025-10,2,77775,11237.5,440
CR0545,2025-11,9,66872,8598.6,786
CR0545,2025-12,6,86498,9353.1,757
CR0546,2025-01,2,13119,791.5,182
CR0546,2025-02,3,15908,1345.2,118
CR0546,2025-03,2,15930,1788.9,210
CR0546,2025-04,3,17569,1076.7,253
CR0546,2025-05,3,18814,2070.5,232
CR0546,2025-06,5,11844,1101.7,76
CR0546,2025-07,4,17715,1482.5,75
CR0546,2025-08,4,18368,2045.3,112
CR0546,2025-09,6,14604,1164.9,94
CR0546,2025-10,0,0,0.0,0
CR0546,2025-11,5,14680,903.2,185
CR0546,2025-12,0,0,0.0,0
CR0547,2025-01,5,97554,14460.6,953
CR0547,2025-02,3,60291,4520.2,466
CR0547,2025-03,4,69521,8287.7,944
CR0547,2025-04,0,0,0.0,0
CR0547,2025-05,9,83542,5415.3,445
CR0547,2025-06,3,73203,5004.6,729
CR0547,2025-07,3,57716,6948.1,549
CR0547,2025-08,5,68607,8874.9,779
CR0547,2025-09,4,121714,12928.3,1484
CR0547,2025-10,9,97918,6709.4,1349
CR0547,2025-11,0,0,0.0,0
CR0547,2025-12,0,0,0.0,0
CR0548,2025-01,6,209158,24836.4,3039
CR0548,2025-02,6,171069,23482.0,1786
CR0548,2025-03,5,287802,40183.6,2358
CR0548,2025-04,9,397346,23776.3,2696
CR0548,2025-05,4,252556,27050.2,3481
CR0548,2025-06,5,284222,24119.9,1733
CR0548,2025-07,10,204358,30424.0,1093
CR0548,2025-08,9,330404,35985.2,2229
CR0548,2025-09,13,297273,44209.4,3848
CR0548,2025-10,7,214658,14392.4,2349
CR0548,2025-11,8,438854,27526.0,5514
CR0548,2025-12,10,213770,24879.9,1162
CR0549,2025-01,0,0,0.0,0
CR0549,2025-02,9,60070,5798.9,753
CR0549,2025-03,11,84261,9934.5,673
CR0549,2025-04,15,89599,10396.5,1149
CR0549,2025-05,0,0,0.0,0
CR0549,2025-06,5,94886,10681.0,837
CR0549,2025-07,6,62658,3910.2,350
CR0549,2025-08,5,146382,8645.8,750
CR0549,2025-09,6,88484,8182.5,1087
CR0549,2025-10,7,90206,13223.6,815
CR0549,2025-11,7,76060,5146.0,1069
CR0549,2025-12,7,85803,5609.8,974
CR0550,2025-01,0,0,0.0,0
CR0550,2025-02,8,21463,2879.6,304
CR0550,2025-03,4,14523,1102.6,121
CR0550,2025-04,0,0,0.0,0
CR0550,2025-05,4,17261,1743.5,149
CR0550,2025-06,3,30269,3290.3,165
CR0550,2025-07,3,26208,3745.8,386
CR0550,2025-08,0,0,0.0,0
CR0550,2025-09,3,27484,3287.5,198
CR0550,2025-10,9,30614,2436.2,251
CR0550,2025-11,3,39988,3340.9,307
CR0550,2025-12,7,20749,2192.1,103
CR0551,2025-01,4,17140,2436.9,121
CR0551,2025-02,0,0,0.0,0
CR0551,2025-03,3,12249,889.6,168
CR0551,2025-04,2,12121,877.9,112
CR0551,2025-05,5,17790,2387.2,203
CR0551,2025-06,3,15166,1571.5,67
CR0551,2025-07,1,9436,1014.7,123
CR0551,2025-08,7,7191,793.1,85
CR0551,2025-09,6,15572,1854.9,139
CR0551,2025-10,4,10884,848.5,152
CR0551,2025-11,4,18560,1519.2,254
CR0551,2025-12,6,18300,2365.0,268
CR0552,2025-01,1,66371,7596.4,527
CR0552,2025-02,8,79737,4818.2,568
CR0552,2025-03,2,60888,7324.7,683
CR0552,2025-04,5,55253,7615.0,334
CR0552,2025-05,2,70448,8505.0,545
CR0552,2025-06,7,53125,3562.6,612
CR0552,2025-07,4,53658,5859.6,573
CR0552,2025-08,0,0,0.0,0
CR0552,2025-09,6,57537,3433.8,633
CR0552,2025-10,6,42371,4339.6,575
CR0552,2025-11,4,85318,10099.1,683
CR0552,2025-12,4,66368,4622.9,417
CR0553,2025-01,4,120663,17164.9,1573
CR0553,2025-02,0,0,0.0,0
CR0553,2025-03,0,0,0.0,0
CR0553,2025-04,3,116253,11399.7,1052
CR0553,2025-05,5,137364,11899.4,741
CR0553,2025-06,11,198928,23206.0,2835
CR0553,2025-07,3,132233,18755.1,1188
CR0553,2025-08,4,177829,15639.5,2503
CR0553,2025-09,4,139886,11021.9,1922
CR0553,2025-10,6,157733,12795.2,891
CR0553,2025-11,0,0,0.0,0
CR0553,2025-12,4,191039,13107.8,1198
CR0554,2025-01,0,0,0.0,0
CR0554,2025-02,2,17181,1056.5,174
CR0554,2025-03,5,10505,1229.4,48
CR0554,2025-04,3,16451,1516.3,84
CR0554,2025-05,7,13141,775.5,164
CR0554,2025-06,4,20402,1840.8,93
CR0554,2025-07,6,19569,1827.9,171
CR0554,2025-08,4,13170,1861.1,87
CR0554,2025-09,0,0,0.0,0
CR0554,2025-10,0,0,0.0,0
CR0554,2025-11,3,14411,843.2,64
CR0554,2025-12,4,18313,2321.2,149
CR0555,2025-01,3,38243,2275.8,378
CR0555,2025-02,7,52102,4218.9,780
CR0555,2025-03,9,84629,6305.0,1161
CR0555,2025-04,7,82064,10526.6,927
CR0555,2025-05,10,82913,8740.9,972
CR0555,2025-06,8,66633,5731.4,500
CR0555,2025-07,4,100894,12883.4,642
CR0555,2025-08,3,65485,6222.8,805
CR0555,2025-09,6,67204,6488.4,307
CR0555,2025-10,3,118236,15940.7,1632
CR0555,2025-11,7,82234,5828.0,656
CR0555,2025-12,15,126688,16719.2,1525
CR0556,2025-01,6,131806,16530.2,764
CR0556,2025-02,4,175341,10477.9,2619
CR0556,2025-03,5,122207,8277.7,1062
CR0556,2025-04,1,241350,16442.1,1853
CR0556,2025-05,8,189872,16094.4,891
CR0556,2025-06,4,303839,35816.0,2395
CR0556,2025-07,8,202509,21080.2,2954
CR0556,2025-08,5,181683,23143.4,1255
CR0556,2025-09,6,176027,12160.8,1835
CR0556,2025-10,8,267296,37321.0,3137
CR0556,2025-11,5,99172,10383.9,544
CR0556,2025-12,7,194657,20861.4,1026
CR0557,2025-01,7,6157,882.1,48
CR0557,2025-02,3,11026,1588.5,60
CR0557,2025-03,4,5218,781.8,40
CR0557,2025-04,7,6406,733.0,77
CR0557,2025-05,6,8129,1137.2,100
CR0557,2025-06,2,15789,1951.5,65
CR0557,2025-07,3,8345,915.5,122
CR0557,2025-08,4,4893,309.4,61
CR0557,2025-09,2,7345,867.3,51
CR0557,2025-10,5,8911,916.4,79
CR0557,2025-11,4,7721,611.6,100
CR0557,2025-12,2,11088,1374.5,103
CR0558,2025-01,0,0,0.0,0
CR0558,2025-02,0,0,0.0,0
CR0558,2025-03,5,9747,910.3,110
CR0558,2025-04,3,10148,1513.2,124
CR0558,2025-05,3,11549,791.6,152
CR0558,2025-06,0,0,0.0,0
CR0558,2025-07,3,12183,1473.3,171
CR0558,2025-08,0,0,0.0,0
CR0558,2025-09,0,0,0.0,0
CR0558,2025-10,0,0,0.0,0
CR0558,2025-11,8,10538,1180.0,69
CR0558,2025-12,2,10288,730.4,124
CR0559,2025-01,4,84567,8566.6,660
CR0559,2025-02,5,80861,11036.6,762
CR0559,2025-03,4,77849,5241.7,835
CR0559,2025-04,0,0,0.0,0
CR0559,2025-05,7,76582,9277.6,1062
CR0559,2025-06,8,105827,13798.8,1294
CR0559,2025-07,5,80839,7896.9,600
CR0559,2025-08,8,101433,6366.8,1135
CR0559,2025-09,5,73368,7954.7,977
CR0559,2025-10,8,83645,5645.2,502
CR0559,2025-11,3,161237,22234.9,1312
CR0559,2025-12,7,85375,9497.5,629
CR0560,2025-01,8,96025,13547.3,1019
CR0560,2025-02,7,106212,9188.5,792
CR0560,2025-03,5,95786,6155.6,1294
CR0560,2025-04,8,124370,13217.4,1305
CR0560,2025-05,7,102877,8719.9,1165
CR0560,2025-06,7,105242,6512.6,853
CR0560,2025-07,3,142742,15138.3,1326
CR0560,2025-08,9,124510,7303.6,577
CR0560,2025-09,6,150804,10061.1,1369
CR0560,2025-10,4,139018,14146.4,1976
CR0560,2025-11,7,160989,18293.0,1874
CR0560,2025-12,5,152664,11059.8,1511
CR0561,2025-01,8,284134,28362.3,2433
CR0561,2025-02,6,207186,27903.8,1013
CR0561,2025-03,12,189445,24331.7,2619
CR0561,2025-04,10,229055,14703.0,1583
CR0561,2025-05,7,211768,24822.8,2736
CR0561,2025-06,11,249854,21967.0,3673
CR0561,2025-07,6,239187,17286.3,1015
CR0561,2025-08,9,199767,12158.0,2171
CR0561,2025-09,8,202770,19737.2,2841
CR0561,2025-10,10,243168,26647.9,2138
CR0561,2025-11,7,209192,28293.9,2901
CR0561,2025-12,9,288409,17388.1,2371
CR0562,2025-01,6,20887,2169.7,234
CR0562,2025-02,0,0,0.0,0
CR0562,2025-03,2,31107,3746.5,465
CR0562,2025-04,3,35819,5308.6,340
CR0562,2025-05,7,45173,6185.6,300
CR0562,2025-06,5,49933,3291.0,611
CR0562,2025-07,3,21528,1552.7,286
CR0562,2025-08,5,46895,4828.8,265
CR0562,2025-09,0,0,0.0,0
CR0562,2025-10,7,48698,5919.4,236
CR0562,2025-11,4,38905,5356.1,530
CR0562,2025-12,2,43728,4610.6,401
CR0563,2025-01,0,0,0.0,0
CR0563,2025-02,2,30664,2865.6,188
CR0563,2025-03,6,26576,2821.0,367
CR0563,2025-04,7,19113,1666.6,209
CR0563,2025-05,6,30212,3958.1,265
CR0563,2025-06,5,25847,3189.1,158
CR0563,2025-07,9,31489,2053.2,263
CR0563,2025-08,3,51252,6291.5,237
CR0563,2025-09,6,45303,3131.0,441
CR0563,2025-10,6,31380,2383.4,175
CR0563,2025-11,3,38655,4515.6,218
CR0563,2025-12,4,29082,3108.2,222
CR0564,2025-01,7,80491,5387.8,579
CR0564,2025-02,3,103408,7757.2,1260
CR0564,2025-03,4,65064,8710.5,468
CR0564,2025-04,0,0,0.0,0
CR0564,2025-05,3,80810,7005.7,818
CR0564,2025-06,5,98469,11576.8,1466
CR0564,2025-07,0,0,0.0,0
CR0564,2025-08,3,54668,7651.0,370
CR0564,2025-09,7,64616,8028.3,945
CR0564,2025-10,8,71499,7462.1,1032
CR0564,2025-11,4,134110,12861.0,1178
CR0564,2025-12,10,98501,9266.9,874
CR0565,2025-01,6,12322,1643.1,131
CR0565,2025-02,4,13673,1344.3,76
CR0565,2025-03,3,8655,717.2,43
CR0565,2025-04,2,17920,1988.2,112
CR0565,2025-05,2,11996,1148.6,132
CR0565,2025-06,5,11997,1006.0,106
CR0565,2025-07,4,12845,1742.9,173
CR0565,2025-08,3,12261,1161.7,115
CR0565,2025-09,0,0,0.0,0
CR0565,2025-10,3,12574,1848.7,104
CR0565,2025-11,1,12806,1562.5,90
CR0565,2025-12,1,19884,1820.0,193
CR0566,2025-01,6,22605,2423.4,278
CR0566,2025-02,0,0,0.0,0
CR0566,2025-03,4,23466,3138.0,267
CR0566,2025-04,6,40747,3078.0,433
CR0566,2025-05,2,30910,3680.2,290
CR0566,2025-06,4,35800,2960.4,234
CR0566,2025-07,2,44176,6144.0,444
CR0566,2025-08,3,29671,2267.6,158
CR0566,2025-09,6,30358,3867.8,385
CR0566,2025-10,6,39089,5000.1,312
CR0566,2025-11,3,52180,5963.5,407
CR0566,2025-12,3,51451,3238.5,612
CR0567,2025-01,8,107334,6944.2,1594
CR0567,2025-02,5,123756,10424.1,1682
CR0567,2025-03,5,111775,8150.1,1049
CR0567,2025-04,8,99964,9014.7,1477
CR0567,2025-05,6,90523,13281.3,1275
CR0567,2025-06,5,94712,14012.8,1121
CR0567,2025-07,8,63326,5964.6,406
CR0567,2025-08,5,93616,12510.4,1145
CR0567,2025-09,6,80917,6818.2,594
CR0567,2025-10,2,118816,7548.1,1200
CR0567,2025-11,8,96100,9575.1,1165
CR0567,2025-12,10,86954,12636.9,491
CR0568,2025-01,8,176376,15032.6,1287
CR0568,2025-02,0,0,0.0,0
CR0568,2025-03,7,134594,19698.6,1254
CR0568,2025-04,9,83366,9631.6,570
CR0568,2025-05,7,153282,11382.1,2201
CR0568,2025-06,5,180956,19059.2,2472
CR0568,2025-07,10,353682,47695.7,4844
CR0568,2025-08,9,86065,10018.9,909
CR0568,2025-09,15,227883,23768.3,1194
CR0568,2025-10,9,118501,17100.1,834
CR0568,2025-11,11,243233,18452.5,2415
CR0568,2025-12,9,158722,10901.0,1054
CR0569,2025-01,2,30028,3208.3,371
CR0569,2025-02,4,13094,1113.6,93
CR0569,2025-03,5,14545,1331.9,137
CR0569,2025-04,0,0,0.0,0
CR0569,2025-05,5,16091,2390.2,154
CR0569,2025-06,8,16773,2249.5,76
CR0569,2025-07,4,13831,856.6,173
CR0569,2025-08,4,42018,5531.8,416
CR0569,2025-09,2,19242,2586.8,187
CR0569,2025-10,0,0,0.0,0
CR0569,2025-11,0,0,0.0,0
CR0569,2025-12,8,18647,2663.1,235
CR0570,2025-01,9,18024,1154.0,245
CR0570,2025-02,7,28536,4192.1,338
CR0570,2025-03,0,0,0.0,0
CR0570,2025-04,2,19591,2828.1,144
CR0570,2025-05,5,16796,1169.3,198
CR0570,2025-06,5,22270,1973.7,116
CR0570,2025-07,2,22853,3322.3,341
CR0570,2025-08,2,31184,4462.8,337
CR0570,2025-09,3,26265,3097.7,160
CR0570,2025-10,0,0,0.0,0
CR0570,2025-11,5,30171,4119.0,339
CR0570,2025-12,4,37001,4300.8,547
CR0571,2025-01,4,28175,2476.8,213
CR0571,2025-02,2,24192,2573.5,183
CR0571,2025-03,0,0,0.0,0
CR0571,2025-04,3,37780,3013.2,511
CR0571,2025-05,2,35965,2671.8,410
CR0571,2025-06,4,15212,1232.8,123
CR0571,2025-07,4,27169,1628.5,384
CR0571,2025-08,6,20736,2563.3,143
CR0571,2025-09,5,28277,4185.4,196
CR0571,2025-10,4,44176,4711.6,304
CR0571,2025-11,4,22009,2825.2,120
CR0571,2025-12,5,38913,5392.2,305
CR0572,2025-01,4,21915,1552.3,174
CR0572,2025-02,7,19381,2276.3,188
CR0572,2025-03,3,21786,2800.7,316
CR0572,2025-04,4,18301,2535.8,225
CR0572,2025-05,0,0,0.0,0
CR0572,2025-06,4,23967,1920.2,209
CR0572,2025-07,1,25786,3532.7,317
CR0572,2025-08,4,15461,1420.2,164
CR0572,2025-09,1,17068,1341.5,161
CR0572,2025-10,5,19657,2056.0,105
CR0572,2025-11,0,0,0.0,0
CR0572,2025-12,0,0,0.0,0
CR0573,2025-01,4,20951,1710.9,222
CR0573,2025-02,3,23616,1773.9,136
CR0573,2025-03,0,0,0.0,0
CR0573,2025-04,0,0,0.0,0
CR0573,2025-05,5,24516,1591.4,194
CR0573,2025-06,1,18722,2036.2,249
CR0573,2025-07,3,34058,3079.9,314
CR0573,2025-08,10,28800,1767.0,305
CR0573,2025-09,1,33127,4888.9,462
CR0573,2025-10,5,20905,2699.4,201
CR0573,2025-11,5,14494,995.9,105
CR0573,2025-12,0,0,0.0,0
CR0574,2025-01,0,0,0.0,0
CR0574,2025-02,4,8245,1230.2,79
CR0574,2025-03,4,9185,1065.6,42
CR0574,2025-04,7,5961,409.1,39
CR0574,2025-05,2,7903,582.0,113
CR0574,2025-06,7,10414,815.7,116
CR0574,2025-07,2,7640,1032.8,45
CR0574,2025-08,3,7029,998.4,88
CR0574,2025-09,0,0,0.0,0
CR0574,2025-10,4,12029,1709.3,143
CR0574,2025-11,5,7400,862.2,50
CR0574,2025-12,4,7608,1139.1,82
CR0575,2025-01,5,17818,2239.7,118
CR0575,2025-02,0,0,0.0,0
CR0575,2025-03,4,16080,1635.0,97
CR0575,2025-04,0,0,0.0,0
CR0575,2025-05,2,8616,731.3,125
CR0575,2025-06,6,10903,1054.3,78
CR0575,2025-07,7,13688,889.8,176
CR0575,2025-08,5,11297,1104.6,62
CR0575,2025-09,3,15946,2226.8,119
CR0575,2025-10,4,12239,835.6,65
CR0575,2025-11,0,0,0.0,0
CR0575,2025-12,3,11737,1010.5,153
CR0576,2025-01,5,80788,6981.9,878
CR0576,2025-02,7,66467,8041.4,528
CR0576,2025-03,5,94085,12089.4,633
CR0576,2025-04,0,0,0.0,0
CR0576,2025-05,6,110961,13928.1,550
CR0576,2025-06,8,184779,12245.3,2688
CR0576,2025-07,5,81878,11766.0,676
CR0576,2025-08,0,0,0.0,0
CR0576,2025-09,4,144182,19465.9,1647
CR0576,2025-10,6,167002,9989.7,1901
CR0576,2025-11,8,162991,14769.0,1110
CR0576,2025-12,5,111109,7727.7,983
CR0577,2025-01,3,38415,3713.1,424
CR0577,2025-02,10,31978,4521.9,143
CR0577,2025-03,3,30557,4551.0,146
CR0577,2025-04,4,24667,3360.0,330
CR0577,2025-05,5,27832,2314.5,233
CR0577,2025-06,7,25864,2817.9,197
CR0577,2025-07,5,40430,3164.8,561
CR0577,2025-08,0,0,0.0,0
CR0577,2025-09,3,24592,2212.6,260
CR0577,2025-10,3,31223,3946.6,170
CR0577,2025-11,3,29552,2076.9,127
CR0577,2025-12,3,41331,6116.6,167
CR0578,2025-01,8,105579,15055.1,1429
CR0578,2025-02,6,72982,10759.4,903
CR0578,2025-03,12,131797,16807.7,936
CR0578,2025-04,0,0,0.0,0
CR0578,2025-05,2,106179,8602.8,945
CR0578,2025-06,5,97106,12100.1,968
CR0578,2025-07,4,96443,8694.4,554
CR0578,2025-08,5,98152,13752.2,1437
CR0578,2025-09,6,105009,6164.7,718
CR0578,2025-10,0,0,0.0,0
CR0578,2025-11,3,113207,15144.7,1102
CR0578,2025-12,7,38875,4648.3,313
CR0579,2025-01,5,30676,2925.1,371
CR0579,2025-02,0,0,0.0,0
CR0579,2025-03,3,31026,3335.2,283
CR0579,2025-04,3,37265,2935.1,413
CR0579,2025-05,0,0,0.0,0
CR0579,2025-06,3,26373,3630.3,243
CR0579,2025-07,3,25198,2512.4,219
CR0579,2025-08,2,33554,4173.8,202
CR0579,2025-09,2,35618,3016.7,282
CR0579,2025-10,4,25551,2519.6,102
CR0579,2025-11,6,34058,2342.6,434
CR0579,2025-12,2,31645,2252.0,184
CR0580,2025-01,6,124353,12515.2,973
CR0580,2025-02,0,0,0.0,0
CR0580,2025-03,9,191737,19907.8,1770
CR0580,2025-04,12,130992,7669.9,1397
CR0580,2025-05,6,140157,19831.6,2022
CR0580,2025-06,6,222670,29933.0,2596
CR0580,2025-07,7,138271,10484.1,1008
CR0580,2025-08,5,187353,18194.2,1965
CR0580,2025-09,11,152805,15775.4,2045
CR0580,2025-10,9,125007,11985.3,750
CR0580,2025-11,0,0,0.0,0
CR0580,2025-12,3,218198,28572.4,924
CR0581,2025-01,9,170797,18131.3,748
CR0581,2025-02,5,213039,29718.2,2038
CR0581,2025-03,9,118543,16272.6,1294
CR0581,2025-04,4,142131,19056.0,1318
CR0581,2025-05,4,204473,28110.3,2227
CR0581,2025-06,2,197625,19236.3,1961
CR0581,2025-07,5,223164,26135.4,2122
CR0581,2025-08,2,148843,9128.0,774
CR0581,2025-09,6,229338,22971.7,1087
CR0581,2025-10,2,148321,19568.7,2074
CR0581,2025-11,6,227256,28580.8,3337
CR0581,2025-12,4,162146,19070.4,2265
CR0582,2025-01,3,10758,796.1,92
CR0582,2025-02,6,11768,1068.1,159
CR0582,2025-03,4,16891,1626.8,114
CR0582,2025-04,4,19517,2641.8,226
CR0582,2025-05,4,13603,1650.0,105
CR0582,2025-06,0,0,0.0,0
CR0582,2025-07,4,17726,1935.9,240
CR0582,2025-08,5,11244,665.8,144
CR0582,2025-09,4,15152,1849.5,70
CR0582,2025-10,0,0,0.0,0
CR0582,2025-11,1,15005,1806.1,194
CR0582,2025-12,3,26198,3635.1,285
CR0583,2025-01,0,0,0.0,0
CR0583,2025-02,3,27370,2931.7,275
CR0583,2025-03,4,20806,1804.2,107
CR0583,2025-04,0,0,0.0,0
CR0583,2025-05,7,37148,4987.5,441
CR0583,2025-06,5,22076,2631.7,260
CR0583,2025-07,4,34126,2404.0,465
CR0583,2025-08,7,29156,4131.4,161
CR0583,2025-09,2,29693,4442.1,246
CR0583,2025-10,0,0,0.0,0
CR0583,2025-11,1,26393,3765.7,169
CR0583,2025-12,4,39854,2723.9,277
CR0584,2025-01,2,16013,1981.9,86
CR0584,2025-02,4,20025,2340.5,292
CR0584,2025-03,3,13465,1617.8,57
CR0584,2025-04,2,18561,1450.1,95
CR0584,2025-05,4,21335,1630.9,91
CR0584,2025-06,3,18438,1976.1,203
CR0584,2025-07,2,25530,3483.3,143
CR0584,2025-08,2,17987,1480.1,249
CR0584,2025-09,2,24619,2478.5,128
CR0584,2025-10,3,17810,1594.6,264
CR0584,2025-11,3,27070,2700.4,128
CR0584,2025-12,0,0,0.0,0
CR0585,2025-01,6,63157,7763.7,268
CR0585,2025-02,6,70438,8063.1,756
CR0585,2025-03,7,69105,7720.6,577
CR0585,2025-04,4,58764,5383.9,661
CR0585,2025-05,3,68514,5008.4,549
CR0585,2025-06,9,91369,5353.4,682
CR0585,2025-07,7,90635,13470.2,510
CR0585,2025-08,6,78503,9050.4,375
CR0585,2025-09,5,115428,8656.9,703
CR0585,2025-10,5,97017,6016.7,621
CR0585,2025-11,9,79551,7136.1,966
CR0585,2025-12,8,106619,9188.2,1174
CR0586,2025-01,8,55486,7355.2,807
CR0586,2025-02,6,67975,6647.7,629
CR0586,2025-03,5,55202,5414.5,448
CR0586,2025-04,5,81010,6441.4,1158
CR0586,2025-05,6,52301,6259.6,350
CR0586,2025-06,4,66410,5252.2,710
CR0586,2025-07,5,77799,7588.8,939
CR0586,2025-08,5,64006,7992.6,838
CR0586,2025-09,6,69212,8055.0,330
CR0586,2025-10,3,48810,3966.5,240
CR0586,2025-11,8,59420,6183.2,785
CR0586,2025-12,9,68919,6214.2,891
CR0587,2025-01,7,103568,14605.9,1415
CR0587,2025-02,5,72458,9163.8,1035
CR0587,2025-03,6,70797,6104.1,718
CR0587,2025-04,7,116229,14760.1,1150
CR0587,2025-05,5,130774,15091.3,838
CR0587,2025-06,4,92375,13572.0,1314
CR0587,2025-07,9,102503,14961.7,772
CR0587,2025-08,5,107147,15025.4,1561
CR0587,2025-09,5,102105,12746.5,1490
CR0587,2025-10,11,237505,20667.7,2190
CR0587,2025-11,5,97498,11621.4,1129
CR0587,2025-12,5,137967,8769.7,1392
CR0588,2025-01,4,9463,1336.2,126
CR0588,2025-02,2,14779,2203.0,62
CR0588,2025-03,0,0,0.0,0
CR0588,2025-04,3,19451,1671.4,226
CR0588,2025-05,5,17948,1424.2,223
CR0588,2025-06,0,0,0.0,0
CR0588,2025-07,3,16636,2330.6,155
CR0588,2025-08,3,18651,2145.7,255
CR0588,2025-09,5,17433,1366.0,228
CR0588,2025-10,2,16731,2460.4,125
CR0588,2025-11,0,0,0.0,0
CR0588,2025-12,3,15353,2265.3,82
CR0589,2025-01,0,0,0.0,0
CR0589,2025-02,0,0,0.0,0
CR0589,2025-03,3,9281,778.1,68
CR0589,2025-04,4,8578,1250.8,62
CR0589,2025-05,0,0,0.0,0
CR0589,2025-06,9,6512,562.5,75
CR0589,2025-07,5,13396,1538.2,180
CR0589,2025-08,3,11980,737.3,163
CR0589,2025-09,0,0,0.0,0
CR0589,2025-10,3,9877,1068.8,101
CR0589,2025-11,4,14591,1258.1,117
CR0589,2025-12,0,0,0.0,0
CR0590,2025-01,5,28055,2408.3,202
CR0590,2025-02,2,33008,2270.4,141
CR0590,2025-03,6,21415,2562.3,175
CR0590,2025-04,0,0,0.0,0
CR0590,2025-05,6,23905,1578.1,148
CR0590,2025-06,3,21949,2017.3,92
CR0590,2025-07,2,28235,2342.5,330
CR0590,2025-08,0,0,0.0,0
CR0590,2025-09,2,25866,1769.0,334
CR0590,2025-10,0,0,0.0,0
CR0590,2025-11,3,20881,2717.5,258
CR0590,2025-12,3,29547,3836.8,324
CR0591,2025-01,8,95666,14222.8,1135
CR0591,2025-02,6,129669,19368.4,626
CR0591,2025-03,6,89571,12435.3,938
CR0591,2025-04,5,71294,4535.6,445
CR0591,2025-05,5,105815,7200.2,433
CR0591,2025-06,5,162774,23598.7,1379
CR0591,2025-07,3,89069,10530.0,1099
CR0591,2025-08,0,0,0.0,0
CR0591,2025-09,13,108485,10961.2,1410
CR0591,2025-10,0,0,0.0,0
CR0591,2025-11,5,98766,12149.1,1142
CR0591,2025-12,6,103265,11955.2,498
CR0592,2025-01,4,20010,1816.9,206
CR0592,2025-02,3,13781,1945.3,78
CR0592,2025-03,3,18150,2473.3,230
CR0592,2025-04,7,14992,1374.5,135
CR0592,2025-05,0,0,0.0,0
CR0592,2025-06,3,20371,1415.3,248
CR0592,2025-07,4,25107,1625.1,323
CR0592,2025-08,1,16694,2171.4,116
CR0592,2025-09,2,20364,2252.7,109
CR0592,2025-10,4,25611,2646.3,360
CR0592,2025-11,0,0,0.0,0
CR0592,2025-12,0,0,0.0,0
CR0593,2025-01,5,13833,1189.4,136
CR0593,2025-02,5,13458,969.3,57
CR0593,2025-03,4,13118,1719.1,73
CR0593,2025-04,7,9593,980.4,131
CR0593,2025-05,6,11891,846.3,119
CR0593,2025-06,3,14611,1564.6,213
CR0593,2025-07,3,8039,576.1,42
CR0593,2025-08,0,0,0.0,0
CR0593,2025-09,0,0,0.0,0
CR0593,2025-10,2,17567,1361.4,114
CR0593,2025-11,3,8070,704.5,89
CR0593,2025-12,3,15651,1417.4,163
CR0594,2025-01,11,13222,1406.8,120
CR0594,2025-02,2,22129,2056.8,318
CR0594,2025-03,0,0,0.0,0
CR0594,2025-04,2,13421,1393.5,126
CR0594,2025-05,2,19186,2797.3,166
CR0594,2025-06,2,21211,3033.9,189
CR0594,2025-07,2,14383,1097.8,142
CR0594,2025-08,3,14969,1304.0,87
CR0594,2025-09,3,17384,2069.4,72
CR0594,2025-10,4,19284,1764.8,179
CR0594,2025-11,2,16660,1990.3,123
CR0594,2025-12,2,21824,1991.8,238
CR0595,2025-01,0,0,0.0,0
CR0595,2025-02,7,9511,569.3,117
CR0595,2025-03,6,5489,336.4,51
CR0595,2025-04,4,7048,612.1,76
CR0595,2025-05,4,5136,419.7,70
CR0595,2025-06,3,4748,669.6,33
CR0595,2025-07,6,6161,554.8,37
CR0595,2025-08,5,7870,734.6,83
CR0595,2025-09,6,6329,918.5,89
CR0595,2025-10,5,4545,511.8,29
CR0595,2025-11,2,11026,1633.8,144
CR0595,2025-12,4,6302,859.0,89
CR0596,2025-01,3,27729,1901.2,140
CR0596,2025-02,1,23400,2651.5,333
CR0596,2025-03,4,24294,2882.9,107
CR0596,2025-04,0,0,0.0,0
CR0596,2025-05,0,0,0.0,0
CR0596,2025-06,0,0,0.0,0
CR0596,2025-07,2,31890,4317.6,186
CR0596,2025-08,2,30314,2833.0,437
CR0596,2025-09,7,27656,2850.7,144
CR0596,2025-10,5,15265,2041.7,206
CR0596,2025-11,0,0,0.0,0
CR0596,2025-12,5,29205,4329.6,251
CR0597,2025-01,3,13743,900.2,103
CR0597,2025-02,2,12055,1784.4,59
CR0597,2025-03,3,15170,1087.2,88
CR0597,2025-04,2,21267,1972.9,292
CR0597,2025-05,4,14678,1884.4,70
CR0597,2025-06,2,25768,2885.1,110
CR0597,2025-07,3,12517,1199.6,119
CR0597,2025-08,2,23534,2335.9,142
CR0597,2025-09,0,0,0.0,0
CR0597,2025-10,3,21313,2879.1,169
CR0597,2025-11,3,19810,1359.3,260
CR0597,2025-12,7,13269,1313.7,94
CR0598,2025-01,3,11005,918.6,99
CR0598,2025-02,2,9104,534.8,135
CR0598,2025-03,6,13986,1122.3,160
CR0598,2025-04,0,0,0.0,0
CR0598,2025-05,2,12699,1562.8,75
CR0598,2025-06,2,14870,1007.6,146
CR0598,2025-07,3,19545,2516.5,139
CR0598,2025-08,5,10820,1293.3,138
CR0598,2025-09,0,0,0.0,0
CR0598,2025-10,1,12340,1271.2,110
CR0598,2025-11,3,16138,1015.7,224
CR0598,2025-12,4,9700,676.1,73
CR0599,2025-01,9,30521,2017.7,180
CR0599,2025-02,2,44974,5930.8,474
CR0599,2025-03,7,36457,3506.8,508
CR0599,2025-04,7,39408,2511.3,219
CR0599,2025-05,3,47296,3408.1,191
CR0599,2025-06,8,39253,3307.0,280
CR0599,2025-07,9,50077,6654.3,562
CR0599,2025-08,5,68102,8633.0,418
CR0599,2025-09,3,61295,5390.6,262
CR0599,2025-10,0,0,0.0,0
CR0599,2025-11,8,72745,9849.7,325
CR0599,2025-12,6,71045,7403.7,933
CR0600,2025-01,6,5326,620.4,66
CR0600,2025-02,7,6594,570.8,73
CR0600,2025-03,0,0,0.0,0
CR0600,2025-04,3,6843,748.2,80
CR0600,2025-05,5,9299,1368.8,67
CR0600,2025-06,5,6212,734.7,46
CR0600,2025-07,0,0,0.0,0
CR0600,2025-08,3,8420,581.5,118
CR0600,2025-09,0,0,0.0,0
CR0600,2025-10,3,6496,952.0,57
CR0600,2025-11,6,5161,747.0,51
CR0600,2025-12,0,0,0.0,0
CR0601,2025-01,3,14772,963.7,215
CR0601,2025-02,0,0,0.0,0
CR0601,2025-03,0,0,0.0,0
CR0601,2025-04,5,17684,2053.4,173
CR0601,2025-05,7,15368,2089.3,228
CR0601,2025-06,0,0,0.0,0
CR0601,2025-07,7,22398,2755.5,156
CR0601,2025-08,1,16445,1646.7,85
CR0601,2025-09,3,11966,1172.3,171
CR0601,2025-10,4,9538,1259.1,132
CR0601,2025-11,2,16438,1315.1,95
CR0601,2025-12,6,13907,936.2,139
CR0602,2025-01,7,46898,3424.3,393
CR0602,2025-02,9,26897,3356.3,144
CR0602,2025-03,7,25131,2782.7,164
CR0602,2025-04,9,35950,4878.1,537
CR0602,2025-05,11,24481,1589.2,293
CR0602,2025-06,6,38017,2574.9,471
CR0602,2025-07,6,37641,3304.9,332
CR0602,2025-08,4,46248,4437.7,355
CR0602,2025-09,0,0,0.0,0
CR0602,2025-10,10,41193,3689.2,225
CR0602,2025-11,9,30471,3523.3,206
CR0602,2025-12,0,0,0.0,0
CR0603,2025-01,5,119764,17290.7,553
CR0603,2025-02,8,79437,9368.3,1011
CR0603,2025-03,4,110033,12210.0,811
CR0603,2025-04,8,78136,8886.7,737
CR0603,2025-05,8,93122,13714.8,801
CR0603,2025-06,6,137791,16537.0,1119
CR0603,2025-07,7,197091,19910.3,1453
CR0603,2025-08,2,149984,10520.2,811
CR0603,2025-09,4,111705,13042.6,688
CR0603,2025-10,6,95571,14006.8,744
CR0603,2025-11,5,86310,9182.7,691
CR0603,2025-12,6,215106,21671.4,2157
CR0604,2025-01,5,71476,5980.8,769
CR0604,2025-02,4,53647,4280.0,224
CR0604,2025-03,8,76321,8924.6,805
CR0604,2025-04,11,102828,9737.2,632
CR0604,2025-05,4,86430,10751.5,410
CR0604,2025-06,0,0,0.0,0
CR0604,2025-07,10,95036,7644.9,938
CR0604,2025-08,5,143858,13868.2,1586
CR0604,2025-09,5,116393,12722.5,619
CR0604,2025-10,11,64900,5374.7,681
CR0604,2025-11,4,111146,7172.4,1334
CR0604,2025-12,10,93175,13301.3,650
CR0605,2025-01,9,149501,9889.5,1892
CR0605,2025-02,10,190571,17060.7,2623
CR0605,2025-03,5,223485,22108.4,2482
CR0605,2025-04,12,177944,23076.1,1557
CR0605,2025-05,7,144678,14632.0,1778
CR0605,2025-06,13,208428,31248.6,1636
CR0605,2025-07,9,259416,15496.6,2245
CR0605,2025-08,8,216012,13785.5,988
CR0605,2025-09,6,146185,19083.9,837
CR0605,2025-10,9,195861,24210.6,2508
CR0605,2025-11,5,182395,26191.8,2678
CR0605,2025-12,7,306924,26825.9,4333
CR0606,2025-01,3,24385,1648.1,184
CR0606,2025-02,5,38541,5332.6,396
CR0606,2025-03,5,67649,7004.3,418
CR0606,2025-04,0,0,0.0,0
CR0606,2025-05,3,20055,2782.8,214
CR0606,2025-06,5,51902,6607.3,344
CR0606,2025-07,5,34990,4861.5,467
CR0606,2025-08,3,69683,5514.0,465
CR0606,2025-09,0,0,0.0,0
CR0606,2025-10,0,0,0.0,0
CR0606,2025-11,4,29533,3039.5,167
CR0606,2025-12,4,55908,7641.8,651
CR0607,2025-01,5,27833,2844.0,133
CR0607,2025-02,4,60560,7943.3,259
CR0607,2025-03,0,0,0.0,0
CR0607,2025-04,2,52528,4278.7,345
CR0607,2025-05,2,40411,4823.1,194
CR0607,2025-06,3,34845,2647.4,378
CR0607,2025-07,6,43049,5356.8,546
CR0607,2025-08,5,45690,3358.8,546
CR0607,2025-09,5,44028,3226.4,642
CR0607,2025-10,2,49403,6173.4,521
CR0607,2025-11,4,52152,4145.4,405
CR0607,2025-12,0,0,0.0,0
CR0608,2025-01,2,5375,466.2,32
CR0608,2025-02,3,4208,446.5,35
CR0608,2025-03,2,4031,275.3,25
CR0608,2025-04,4,8336,924.4,108
CR0608,2025-05,2,7623,977.8,89
CR0608,2025-06,5,7881,982.7,112
CR0608,2025-07,0,0,0.0,0
CR0608,2025-08,6,7468,827.7,106
CR0608,2025-09,4,7652,448.5,49
CR0608,2025-10,9,5465,598.5,46
CR0608,2025-11,4,7792,594.4,73
CR0608,2025-12,5,10919,1136.1,101
CR0609,2025-01,0,0,0.0,0
CR0609,2025-02,3,15552,1641.3,195
CR0609,2025-03,4,11148,1350.5,58
CR0609,2025-04,3,15214,1292.3,71
CR0609,2025-05,5,9137,980.7,99
CR0609,2025-06,0,0,0.0,0
CR0609,2025-07,6,13588,1362.7,141
CR0609,2025-08,4,19974,2836.5,148
CR0609,2025-09,5,18553,2094.9,238
CR0609,2025-10,8,12319,1714.8,152
CR0609,2025-11,3,21954,2340.4,275
CR0609,2025-12,3,13812,1114.1,110
CR0610,2025-01,11,68430,7926.6,322
CR0610,2025-02,7,63907,7628.7,763
CR0610,2025-03,12,77265,8653.2,1022
CR0610,2025-04,8,68421,9545.8,578
CR0610,2025-05,4,97592,6532.8,689
CR0610,2025-06,5,38457,4110.7,327
CR0610,2025-07,4,49660,5834.9,230
CR0610,2025-08,12,70795,7789.2,964
CR0610,2025-09,9,69630,10107.7,788
CR0610,2025-10,7,84263,6583.9,955
CR0610,2025-11,0,0,0.0,0
CR0610,2025-12,5,71510,9747.5,509
CR0611,2025-01,7,23578,2622.9,298
CR0611,2025-02,5,24884,2222.1,267
CR0611,2025-03,4,18288,1698.8,259
CR0611,2025-04,3,24324,1571.0,193
CR0611,2025-05,6,22528,2587.2,248
CR0611,2025-06,3,30418,3532.5,179
CR0611,2025-07,1,30665,1922.8,197
CR0611,2025-08,3,40286,2681.4,455
CR0611,2025-09,6,21576,3027.5,112
CR0611,2025-10,5,19735,2262.5,173
CR0611,2025-11,3,33309,3715.9,449
CR0611,2025-12,7,26751,1913.3,268
CR0612,2025-01,9,9876,939.8,68
CR0612,2025-02,2,5500,528.8,69
CR0612,2025-03,2,10050,675.9,91
CR0612,2025-04,7,6252,541.7,84
CR0612,2025-05,2,8100,970.3,112
CR0612,2025-06,4,8360,564.7,80
CR0612,2025-07,0,0,0.0,0
CR0612,2025-08,6,13317,1073.5,185
CR0612,2025-09,6,11720,1164.4,77
CR0612,2025-10,8,6619,425.6,97
CR0612,2025-11,4,10047,1398.3,52
CR0612,2025-12,5,5880,701.8,85
CR0613,2025-01,4,26134,3892.9,249
CR0613,2025-02,0,0,0.0,0
CR0613,2025-03,4,20483,2865.4,220
CR0613,2025-04,0,0,0.0,0
CR0613,2025-05,7,27380,1667.3,256
CR0613,2025-06,6,13964,1584.0,130
CR0613,2025-07,2,31069,4363.0,364
CR0613,2025-08,8,29858,2383.7,164
CR0613,2025-09,6,30925,4494.8,334
CR0613,2025-10,0,0,0.0,0
CR0613,2025-11,0,0,0.0,0
CR0613,2025-12,4,25377,2453.2,110
CR0614,2025-01,7,9351,763.5,114
CR0614,2025-02,3,17465,1105.7,162
CR0614,2025-03,0,0,0.0,0
CR0614,2025-04,0,0,0.0,0
CR0614,2025-05,0,0,0.0,0
CR0614,2025-06,3,12231,821.3,132
CR0614,2025-07,0,0,0.0,0
CR0614,2025-08,1,12526,1588.8,122
CR0614,2025-09,6,11065,1033.0,72
CR0614,2025-10,0,0,0.0,0
CR0614,2025-11,2,10342,929.0,62
CR0614,2025-12,5,15578,1950.4,70
CR0615,2025-01,6,107449,10461.7,603
CR0615,2025-02,8,71959,9314.5,289
CR0615,2025-03,0,0,0.0,0
CR0615,2025-04,5,70825,5145.8,709
CR0615,2025-05,4,79846,8311.7,1133
CR0615,2025-06,8,126015,17989.0,1714
CR0615,2025-07,9,77819,6625.4,921
CR0615,2025-08,4,84967,8354.8,434
CR0615,2025-09,8,51970,7062.7,361
CR0615,2025-10,10,100964,11728.7,1089
CR0615,2025-11,6,64347,6672.8,370
CR0615,2025-12,0,0,0.0,0
CR0616,2025-01,10,363693,33001.8,4517
CR0616,2025-02,7,270754,16669.4,2427
CR0616,2025-03,10,325065,33348.8,2196
CR0616,2025-04,12,190778,13613.1,2128
CR0616,2025-05,6,276635,38038.0,1581
CR0616,2025-06,13,294049,25004.0,3708
CR0616,2025-07,10,293089,20642.1,2698
CR0616,2025-08,6,337785,49380.7,2866
CR0616,2025-09,8,371265,47012.7,3936
CR0616,2025-10,7,366438,47571.3,4829
CR0616,2025-11,6,460456,29554.2,5221
CR0616,2025-12,9,375845,45932.3,5004
CR0617,2025-01,7,152389,14591.8,1464
CR0617,2025-02,7,72147,6184.5,498
CR0617,2025-03,9,129271,10768.4,1821
CR0617,2025-04,6,125765,13957.3,1243
CR0617,2025-05,5,138040,8252.6,1862
CR0617,2025-06,5,168116,19773.2,1928
CR0617,2025-07,5,150680,9303.2,1584
CR0617,2025-08,5,133066,16251.0,1120
CR0617,2025-09,7,160836,20647.0,2310
CR0617,2025-10,6,152828,9122.2,1414
CR0617,2025-11,6,197250,23621.5,2921
CR0617,2025-12,0,0,0.0,0
CR0618,2025-01,5,5096,497.4,29
CR0618,2025-02,2,8718,1234.3,128
CR0618,2025-03,5,5257,356.5,70
CR0618,2025-04,0,0,0.0,0
CR0618,2025-05,4,4057,318.3,42
CR0618,2025-06,0,0,0.0,0
CR0618,2025-07,0,0,0.0,0
CR0618,2025-08,6,5923,866.6,55
CR0618,2025-09,5,8456,1019.2,93
CR0618,2025-10,3,7153,812.0,61
CR0618,2025-11,3,8833,1169.6,130
CR0618,2025-12,5,5931,358.5,45
CR0619,2025-01,11,534880,41744.6,4106
CR0619,2025-02,5,425524,38957.4,3424
CR0619,2025-03,6,380461,29195.8,4164
CR0619,2025-04,3,346328,23805.5,3332
CR0619,2025-05,6,270425,18614.2,1145
CR0619,2025-06,11,506313,52787.3,4494
CR0619,2025-07,7,296566,38624.1,2856
CR0619,2025-08,11,347626,41965.5,4403
CR0619,2025-09,9,393458,29024.2,2871
CR0619,2025-10,7,387294,55805.3,5159
CR0619,2025-11,7,479433,64479.4,5854
CR0619,2025-12,8,452163,44020.7,5018
CR0620,2025-01,2,11964,1669.5,54
CR0620,2025-02,2,16645,1598.1,142
CR0620,2025-03,3,19096,1770.7,150
CR0620,2025-04,0,0,0.0,0
CR0620,2025-05,5,16013,2333.4,171
CR0620,2025-06,4,12741,1454.4,143
CR0620,2025-07,4,21694,3008.4,281
CR0620,2025-08,7,16081,1768.0,174
CR0620,2025-09,7,19861,2561.6,159
CR0620,2025-10,0,0,0.0,0
CR0620,2025-11,0,0,0.0,0
CR0620,2025-12,3,24566,2578.9,285
CR0621,2025-01,6,10631,1018.0,69
CR0621,2025-02,3,11204,753.3,83
CR0621,2025-03,1,15874,1561.8,106
CR0621,2025-04,3,13797,1213.4,178
CR0621,2025-05,2,13761,1295.1,164
CR0621,2025-06,3,12909,1022.6,193
CR0621,2025-07,7,20526,2877.6,176
CR0621,2025-08,3,15917,1227.0,128
CR0621,2025-09,3,14039,1918.8,71
CR0621,2025-10,5,16561,1721.4,141
CR0621,2025-11,2,29521,2842.3,296
CR0621,2025-12,3,13686,1374.4,197
CR0622,2025-01,5,312626,25623.5,2887
CR0622,2025-02,8,287673,33214.6,3381
CR0622,2025-03,5,298931,29915.6,3914
CR0622,2025-04,11,461297,28936.8,5889
CR0622,2025-05,4,348901,40124.0,4264
CR0622,2025-06,14,466391,34105.0,2815
CR0622,2025-07,6,456847,35201.0,4130
CR0622,2025-08,4,297697,25607.7,3408
CR0622,2025-09,12,345532,50260.5,2452
CR0622,2025-10,4,454569,36351.9,3405
CR0622,2025-11,7,314822,26008.1,2036
CR0622,2025-12,9,368736,55034.3,3010
CR0623,2025-01,7,28162,2447.0,272
CR0623,2025-02,6,27173,3171.4,314
CR0623,2025-03,6,37896,2649.7,239
CR0623,2025-04,7,24616,2352.2,345
CR0623,2025-05,8,33019,3732.1,246
CR0623,2025-06,11,35668,3755.1,338
CR0623,2025-07,6,38656,3651.7,338
CR0623,2025-08,9,49997,5084.0,462
CR0623,2025-09,9,41000,4133.0,371
CR0623,2025-10,0,0,0.0,0
CR0623,2025-11,3,47206,4210.2,276
CR0623,2025-12,4,50755,4256.1,742
CR0624,2025-01,4,10010,952.2,58
CR0624,2025-02,6,12934,1492.7,107
CR0624,2025-03,0,0,0.0,0
CR0624,2025-04,0,0,0.0,0
CR0624,2025-05,3,10545,1020.7,151
CR0624,2025-06,4,9556,569.4,67
CR0624,2025-07,1,17764,1449.6,104
CR0624,2025-08,0,0,0.0,0
CR0624,2025-09,5,12441,727.6,185
CR0624,2025-10,0,0,0.0,0
CR0624,2025-11,0,0,0.0,0
CR0624,2025-12,2,6724,529.6,75
CR0625,2025-01,8,199539,14676.5,2687
CR0625,2025-02,8,270646,37832.0,1539
CR0625,2025-03,10,232798,13840.1,1506
CR0625,2025-04,8,224544,29108.6,2111
CR0625,2025-05,5,172225,18061.2,2070
CR0625,2025-06,10,234563,17958.8,2704
CR0625,2025-07,12,250693,22574.1,3326
CR0625,2025-08,14,166624,23391.3,2142
CR0625,2025-09,4,246564,16039.9,3476
CR0625,2025-10,4,193203,26215.8,2010
CR0625,2025-11,13,184818,20563.8,2352
CR0625,2025-12,5,146936,14509.0,1804
CR0626,2025-01,0,0,0.0,0
CR0626,2025-02,6,21421,1328.5,285
CR0626,2025-03,4,25626,3157.7,379
CR0626,2025-04,6,15316,1726.9,80
CR0626,2025-05,4,25731,2683.3,272
CR0626,2025-06,3,19690,1770.4,106
CR0626,2025-07,5,23096,2890.0,287
CR0626,2025-08,4,22718,2646.5,221
CR0626,2025-09,2,31758,1929.2,224
CR0626,2025-10,2,22665,2682.5,238
CR0626,2025-11,2,29841,3089.8,199
CR0626,2025-12,2,25573,2637.5,258
CR0627,2025-01,4,114022,14281.7,909
CR0627,2025-02,7,103315,7069.7,1351
CR0627,2025-03,6,129836,15446.4,1467
CR0627,2025-04,4,210836,14582.8,1995
CR0627,2025-05,6,191202,11199.8,920
CR0627,2025-06,0,0,0.0,0
CR0627,2025-07,4,127475,8694.1,1102
CR0627,2025-08,8,101432,13867.7,950
CR0627,2025-09,7,128496,13999.1,800
CR0627,2025-10,0,0,0.0,0
CR0627,2025-11,10,112779,8601.9,987
CR0627,2025-12,7,115171,8012.5,1251
CR0628,2025-01,11,130134,17846.5,809
CR0628,2025-02,8,244026,14567.2,1831
CR0628,2025-03,7,262923,28661.7,3446
CR0628,2025-04,4,182511,16757.4,1893
CR0628,2025-05,15,193800,12311.1,1356
CR0628,2025-06,7,279920,35349.8,3389
CR0628,2025-07,7,167774,19245.6,1670
CR0628,2025-08,0,0,0.0,0
CR0628,2025-09,4,211923,13569.7,1722
CR0628,2025-10,8,346276,37600.7,3964
CR0628,2025-11,6,246953,33286.0,1429
CR0628,2025-12,12,263639,32269.6,3507
CR0629,2025-01,0,0,0.0,0
CR0629,2025-02,4,13286,968.3,114
CR0629,2025-03,0,0,0.0,0
CR0629,2025-04,2,13451,1427.1,196
CR0629,2025-05,5,16651,1354.1,93
CR0629,2025-06,2,23374,1394.4,237
CR0629,2025-07,4,17547,1827.2,135
CR0629,2025-08,1,16683,1895.7,136
CR0629,2025-09,2,24719,3681.4,267
CR0629,2025-10,2,23111,2259.3,301
CR0629,2025-11,6,23224,1974.6,309
CR0629,2025-12,1,16533,2133.1,151
CR0630,2025-01,0,0,0.0,0
CR0630,2025-02,0,0,0.0,0
CR0630,2025-03,0,0,0.0,0
CR0630,2025-04,0,0,0.0,0
CR0630,2025-05,2,33194,3937.0,434
CR0630,2025-06,4,44294,5990.8,503
CR0630,2025-07,3,44309,4948.6,181
CR0630,2025-08,0,0,0.0,0
CR0630,2025-09,6,24188,1927.2,172
CR0630,2025-10,0,0,0.0,0
CR0630,2025-11,5,63065,8352.5,395
CR0630,2025-12,5,37449,3251.3,343
CR0631,2025-01,6,54193,5189.5,335
CR0631,2025-02,6,94608,13916.2,1204
CR0631,2025-03,6,65604,7497.0,883
CR0631,2025-04,6,88666,8142.9,488
CR0631,2025-05,8,115118,12719.7,1519
CR0631,2025-06,9,60639,6758.1,608
CR0631,2025-07,8,115210,13000.2,657
CR0631,2025-08,3,79143,5987.5,718
CR0631,2025-09,5,121293,8729.7,1035
CR0631,2025-10,7,119140,13869.8,1650
CR0631,2025-11,6,173210,13318.8,2597
CR0631,2025-12,11,133420,12064.2,1593
CR0632,2025-01,5,40277,3729.0,306
CR0632,2025-02,5,28164,1860.0,367
CR0632,2025-03,2,78260,6366.5,402
CR0632,2025-04,6,42417,5796.3,461
CR0632,2025-05,5,36114,3853.7,467
CR0632,2025-06,4,62935,9011.1,287
CR0632,2025-07,6,47989,3939.9,593
CR0632,2025-08,4,44046,3292.2,448
CR0632,2025-09,3,54658,5662.8,536
CR0632,2025-10,0,0,0.0,0
CR0632,2025-11,6,55644,6787.9,235
CR0632,2025-12,3,45744,4500.9,571
CR0633,2025-01,2,28729,3395.1,386
CR0633,2025-02,1,17256,2179.9,221
CR0633,2025-03,6,26560,3166.9,358
CR0633,2025-04,2,36592,3428.1,275
CR0633,2025-05,4,19496,2092.2,197
CR0633,2025-06,5,29636,3207.9,333
CR0633,2025-07,0,0,0.0,0
CR0633,2025-08,6,28824,2336.8,133
CR0633,2025-09,3,17479,2257.0,251
CR0633,2025-10,6,27650,2597.2,369
CR0633,2025-11,4,30361,2845.9,204
CR0633,2025-12,6,39870,4558.5,390
CR0634,2025-01,6,31548,2413.9,126
CR0634,2025-02,0,0,0.0,0
CR0634,2025-03,4,27575,3474.3,227
CR0634,2025-04,1,33182,3713.0,374
CR0634,2025-05,2,35606,4423.0,300
CR0634,2025-06,3,27584,2677.1,261
CR0634,2025-07,0,0,0.0,0
CR0634,2025-08,0,0,0.0,0
CR0634,2025-09,3,43328,3748.2,241
CR0634,2025-10,6,45892,6104.8,483
CR0634,2025-11,1,31069,2737.2,354
CR0634,2025-12,5,55127,6681.3,550
CR0635,2025-01,8,232179,21462.9,2257
CR0635,2025-02,9,522375,55865.2,7727
CR0635,2025-03,4,224609,32297.1,1627
CR0635,2025-04,13,409000,40499.2,4114
CR0635,2025-05,9,234837,21199.2,2853
CR0635,2025-06,7,275741,18365.2,1619
CR0635,2025-07,6,324628,37059.3,4129
CR0635,2025-08,8,351032,45083.6,5032
CR0635,2025-09,0,0,0.0,0
CR0635,2025-10,9,285915,30847.7,2621
CR0635,2025-11,6,321657,38304.4,3393
CR0635,2025-12,7,270226,37121.6,1667
CR0636,2025-01,0,0,0.0,0
CR0636,2025-02,7,49798,5748.0,393
CR0636,2025-03,3,90284,8902.1,1285
CR0636,2025-04,4,75448,7244.2,628
CR0636,2025-05,6,50779,3965.0,226
CR0636,2025-06,5,64614,6728.6,347
CR0636,2025-07,7,80809,6094.9,1016
CR0636,2025-08,2,62472,4271.4,498
CR0636,2025-09,4,85355,10339.3,1030
CR0636,2025-10,4,58065,8330.8,400
CR0636,2025-11,11,68578,7263.9,1025
CR0636,2025-12,9,83640,6530.7,445
CR0637,2025-01,7,18149,1912.9,129
CR0637,2025-02,5,12591,1702.8,145
CR0637,2025-03,7,13496,936.1,188
CR0637,2025-04,3,20370,1757.4,204
CR0637,2025-05,5,34047,2712.4,480
CR0637,2025-06,3,31715,4606.1,303
CR0637,2025-07,1,30023,3216.4,184
CR0637,2025-08,3,32567,4811.7,305
CR0637,2025-09,4,24716,2035.7,226
CR0637,2025-10,3,31709,4230.5,230
CR0637,2025-11,0,0,0.0,0
CR0637,2025-12,0,0,0.0,0
CR0638,2025-01,5,55749,5006.1,435
CR0638,2025-02,4,68258,6376.6,848
CR0638,2025-03,5,64988,5654.6,771
CR0638,2025-04,6,66808,4275.2,593
CR0638,2025-05,11,92505,12237.1,635
CR0638,2025-06,6,104403,12378.0,1260
CR0638,2025-07,6,84767,10910.0,1009
CR0638,2025-08,6,89948,5445.1,796
CR0638,2025-09,4,68905,6794.8,596
CR0638,2025-10,5,92149,9242.2,503
CR0638,2025-11,4,127559,16012.9,1515
CR0638,2025-12,5,133513,17121.0,1876
CR0639,2025-01,6,32598,2105.9,279
CR0639,2025-02,6,26726,3450.0,209
CR0639,2025-03,0,0,0.0,0
CR0639,2025-04,3,41068,3455.1,487
CR0639,2025-05,0,0,0.0,0
CR0639,2025-06,2,36922,3507.0,466
CR0639,2025-07,0,0,0.0,0
CR0639,2025-08,4,22424,1632.0,164
CR0639,2025-09,3,26872,2480.8,335
CR0639,2025-10,0,0,0.0,0
CR0639,2025-11,8,34010,4914.0,366
CR0639,2025-12,0,0,0.0,0
CR0640,2025-01,6,344253,45982.6,3317
CR0640,2025-02,6,587009,73555.4,6833
CR0640,2025-03,6,449690,61709.2,3664
CR0640,2025-04,7,476256,35307.2,5520
CR0640,2025-05,9,306801,43449.2,3357
CR0640,2025-06,5,409921,44361.1,5966
CR0640,2025-07,8,372817,53288.6,2817
CR0640,2025-08,7,374595,51490.5,4593
CR0640,2025-09,6,545526,42775.8,2365
CR0640,2025-10,11,475416,46032.5,6715
CR0640,2025-11,11,705053,97065.5,9835
CR0640,2025-12,8,556300,34724.3,4383
CR0641,2025-01,8,127037,12676.4,700
CR0641,2025-02,5,219889,30182.7,1803
CR0641,2025-03,9,167068,19460.4,2349
CR0641,2025-04,0,0,0.0,0
CR0641,2025-05,5,122849,10828.4,1539
CR0641,2025-06,6,96462,6413.0,1263
CR0641,2025-07,6,92805,11273.6,714
CR0641,2025-08,5,147804,18616.2,2123
CR0641,2025-09,8,175084,25421.0,1007
CR0641,2025-10,6,148075,19127.1,714
CR0641,2025-11,10,145628,11329.7,2097
CR0641,2025-12,6,152822,10713.7,1951
CR0642,2025-01,7,151594,13084.9,1187
CR0642,2025-02,8,93045,11505.8,929
CR0642,2025-03,13,60024,4411.6,844
CR0642,2025-04,9,137187,11561.2,1289
CR0642,2025-05,4,120739,8394.4,1593
CR0642,2025-06,5,97094,9500.0,497
CR0642,2025-07,3,119231,12021.1,1190
CR0642,2025-08,12,187192,23065.1,2611
CR0642,2025-09,7,124166,7561.7,968
CR0642,2025-10,5,149364,10476.4,1719
CR0642,2025-11,8,145309,17644.8,1441
CR0642,2025-12,4,141405,14672.6,1111
CR0643,2025-01,2,35066,3228.2,468
CR0643,2025-02,0,0,0.0,0
CR0643,2025-03,5,44458,6645.7,411
CR0643,2025-04,3,32124,2964.6,181
CR0643,2025-05,4,26879,3160.5,207
CR0643,2025-06,2,60246,5833.0,290
CR0643,2025-07,3,47201,3266.7,686
CR0643,2025-08,9,34075,3129.5,412
CR0643,2025-09,0,0,0.0,0
CR0643,2025-10,5,27344,1679.7,113
CR0643,2025-11,4,40780,5894.6,295
CR0643,2025-12,4,35533,2504.1,257
CR0644,2025-01,5,10055,1191.0,69
CR0644,2025-02,6,7288,637.3,74
CR0644,2025-03,3,8351,862.4,105
CR0644,2025-04,2,10035,942.2,145
CR0644,2025-05,2,8044,762.8,38
CR0644,2025-06,2,10834,1485.3,70
CR0644,2025-07,6,7193,847.1,59
CR0644,2025-08,0,0,0.0,0
CR0644,2025-09,4,12644,804.9,166
CR0644,2025-10,0,0,0.0,0
CR0644,2025-11,2,13382,1864.2,110
CR0644,2025-12,3,10337,1149.7,141
CR0645,2025-01,4,12739,1306.1,87
CR0645,2025-02,3,12549,1408.2,130
CR0645,2025-03,3,22418,3066.7,288
CR0645,2025-04,0,0,0.0,0
CR0645,2025-05,4,13006,907.5,70
CR0645,2025-06,6,13822,1755.2,122
CR0645,2025-07,2,12514,1401.4,89
CR0645,2025-08,5,13890,1704.8,190
CR0645,2025-09,0,0,0.0,0
CR0645,2025-10,5,18125,1731.1,236
CR0645,2025-11,2,12512,1853.7,129
CR0645,2025-12,3,23723,3064.7,140
CR0646,2025-01,7,115813,14324.5,1574
CR0646,2025-02,6,123094,15025.7,1427
CR0646,2025-03,2,145226,17879.2,1323
CR0646,2025-04,10,164691,11445.2,1561
CR0646,2025-05,1,210356,29996.8,2109
CR0646,2025-06,11,194692,17089.7,1721
CR0646,2025-07,4,152187,16240.9,980
CR0646,2025-08,5,221704,32237.2,2747
CR0646,2025-09,5,180188,18907.9,1984
CR0646,2025-10,4,173749,20638.8,1505
CR0646,2025-11,0,0,0.0,0
CR0646,2025-12,6,144107,20942.8,1051
CR0647,2025-01,6,157368,21901.9,827
CR0647,2025-02,7,146731,15214.9,1391
CR0647,2025-03,5,316101,41730.3,2481
CR0647,2025-04,11,211428,25039.4,2585
CR0647,2025-05,6,189562,25356.7,1549
CR0647,2025-06,6,213606,20069.1,857
CR0647,2025-07,9,143005,17951.3,1880
CR0647,2025-08,1,207565,18607.6,1840
CR0647,2025-09,3,264159,20788.1,1126
CR0647,2025-10,0,0,0.0,0
CR0647,2025-11,5,238160,31845.3,3142
CR0647,2025-12,3,198069,16736.3,2491
CR0648,2025-01,3,15150,1350.1,119
CR0648,2025-02,5,21864,1908.0,203
CR0648,2025-03,0,0,0.0,0
CR0648,2025-04,4,27818,3197.3,390
CR0648,2025-05,4,29342,1804.8,244
CR0648,2025-06,0,0,0.0,0
CR0648,2025-07,3,24754,3186.1,348
CR0648,2025-08,4,28834,1841.1,206
CR0648,2025-09,4,38470,3671.9,206
CR0648,2025-10,7,25975,3591.0,247
CR0648,2025-11,5,35659,2288.4,332
CR0648,2025-12,4,25846,3302.7,282
CR0649,2025-01,3,8643,674.1,92
CR0649,2025-02,0,0,0.0,0
CR0649,2025-03,3,12096,931.6,48
CR0649,2025-04,4,7440,491.3,30
CR0649,2025-05,5,5491,748.9,53
CR0649,2025-06,2,10226,810.9,86
CR0649,2025-07,3,7665,905.9,77
CR0649,2025-08,5,9408,953.2,119
CR0649,2025-09,5,11408,1430.4,72
CR0649,2025-10,2,10373,917.6,110
CR0649,2025-11,0,0,0.0,0
CR0649,2025-12,5,11794,1468.3,122
CR0650,2025-01,6,9532,1089.8,90
CR0650,2025-02,3,10227,1511.9,106
CR0650,2025-03,4,11126,873.9,155
CR0650,2025-04,0,0,0.0,0
CR0650,2025-05,3,12477,1353.5,69
CR0650,2025-06,0,0,0.0,0
CR0650,2025-07,4,10001,1235.8,121
CR0650,2025-08,6,13130,1939.6,192
CR0650,2025-09,6,9296,698.0,37
CR0650,2025-10,0,0,0.0,0
CR0650,2025-11,0,0,0.0,0
CR0650,2025-12,4,10389,1295.4,149
CR0651,2025-01,1,22340,3186.4,321
CR0651,2025-02,3,19416,2493.1,121
CR0651,2025-03,4,17040,2525.8,242
CR0651,2025-04,3,34990,2520.1,164
CR0651,2025-05,3,27738,4034.1,343
CR0651,2025-06,1,26263,3618.6,387
CR0651,2025-07,5,24659,1590.4,154
CR0651,2025-08,0,0,0.0,0
CR0651,2025-09,6,31980,3909.3,172
CR0651,2025-10,0,0,0.0,0
CR0651,2025-11,4,37644,3592.0,508
CR0651,2025-12,2,23355,1950.1,345
CR0652,2025-01,8,289145,24704.0,3498
CR0652,2025-02,13,136218,8165.7,1498
CR0652,2025-03,7,132446,8979.5,1385
CR0652,2025-04,3,175053,19955.2,788
CR0652,2025-05,10,155047,20945.4,1410
CR0652,2025-06,9,232823,15210.6,2419
CR0652,2025-07,7,323502,25643.3,2581
CR0652,2025-08,5,175945,20433.3,1389
CR0652,2025-09,9,164280,18484.0,1909
CR0652,2025-10,10,341169,28948.2,4473
CR0652,2025-11,6,170787,17405.2,2252
CR0652,2025-12,12,197011,29019.9,2237
CR0653,2025-01,4,17457,1787.9,249
CR0653,2025-02,1,14653,1385.1,155
CR0653,2025-03,3,15509,1447.8,140
CR0653,2025-04,3,18083,1200.0,117
CR0653,2025-05,4,11816,750.3,94
CR0653,2025-06,0,0,0.0,0
CR0653,2025-07,2,8194,892.0,114
CR0653,2025-08,3,13581,1272.0,169
CR0653,2025-09,4,17956,1180.4,80
CR0653,2025-10,2,13364,1962.8,61
CR0653,2025-11,2,13009,1216.3,179
CR0653,2025-12,0,0,0.0,0
CR0654,2025-01,5,33338,4626.3,463
CR0654,2025-02,5,33117,4305.5,404
CR0654,2025-03,0,0,0.0,0
CR0654,2025-04,5,45669,4074.0,393
CR0654,2025-05,4,55998,3381.3,490
CR0654,2025-06,4,38749,3145.7,169
CR0654,2025-07,4,38308,3494.2,434
CR0654,2025-08,5,36425,5363.1,212
CR0654,2025-09,2,39789,4164.3,203
CR0654,2025-10,4,45818,3801.6,262
CR0654,2025-11,3,58512,6663.5,659
CR0654,2025-12,4,40749,4599.4,234
CR0655,2025-01,7,135563,9132.0,568
CR0655,2025-02,5,124472,17490.1,1549
CR0655,2025-03,0,0,0.0,0
CR0655,2025-04,2,218564,24728.0,1279
CR0655,2025-05,0,0,0.0,0
CR0655,2025-06,8,201764,29715.3,2116
CR0655,2025-07,7,135490,11813.5,1934
CR0655,2025-08,8,145773,21666.0,1232
CR0655,2025-09,8,153152,14626.0,1492
CR0655,2025-10,3,167725,23802.5,2080
CR0655,2025-11,7,201199,21205.8,909
CR0655,2025-12,5,143897,14591.3,2091
CR0656,2025-01,5,25660,3091.7,200
CR0656,2025-02,8,19209,2628.8,226
CR0656,2025-03,0,0,0.0,0
CR0656,2025-04,5,22019,1442.7,171
CR0656,2025-05,0,0,0.0,0
CR0656,2025-06,6,22850,2368.4,216
CR0656,2025-07,1,23933,2855.1,248
CR0656,2025-08,5,15321,2247.8,177
CR0656,2025-09,4,19620,2310.2,231
CR0656,2025-10,6,19139,1624.4,156
CR0656,2025-11,4,18108,1491.3,209
CR0656,2025-12,5,20021,2497.1,261
CR0657,2025-01,3,14876,1889.4,178
CR0657,2025-02,2,24506,3032.8,286
CR0657,2025-03,4,14745,2087.2,92
CR0657,2025-04,5,15844,1093.9,208
CR0657,2025-05,3,22369,2118.1,94
CR0657,2025-06,3,20067,1958.1,291
CR0657,2025-07,1,10306,1057.0,52
CR0657,2025-08,0,0,0.0,0
CR0657,2025-09,0,0,0.0,0
CR0657,2025-10,6,18123,1410.6,153
CR0657,2025-11,3,31002,4283.6,133
CR0657,2025-12,5,25478,2641.0,137
CR0658,2025-01,4,75270,7791.8,961
CR0658,2025-02,6,76767,6412.0,620
CR0658,2025-03,4,63345,5090.7,549
CR0658,2025-04,12,81787,8666.9,347
CR0658,2025-05,10,131044,11530.2,1257
CR0658,2025-06,6,102887,13288.0,1536
CR0658,2025-07,5,101515,13641.4,1155
CR0658,2025-08,4,76386,5510.5,351
CR0658,2025-09,7,76204,5108.7,628
CR0658,2025-10,8,87598,12347.8,817
CR0658,2025-11,5,110791,13962.6,1326
CR0658,2025-12,8,74352,10610.1,388
CR0659,2025-01,7,94118,11942.1,696
CR0659,2025-02,3,61256,8634.0,631
CR0659,2025-03,5,75305,7483.7,690
CR0659,2025-04,4,89821,11921.9,1015
CR0659,2025-05,7,51993,4262.9,336
CR0659,2025-06,7,76894,6981.1,541
CR0659,2025-07,2,79911,7155.5,957
CR0659,2025-08,4,73166,6748.7,662
CR0659,2025-09,7,84394,8375.8,770
CR0659,2025-10,4,62743,6843.8,817
CR0659,2025-11,5,96408,5722.6,440
CR0659,2025-12,8,122614,17003.5,955
CR0660,2025-01,0,0,0.0,0
CR0660,2025-02,4,11234,1610.3,93
CR0660,2025-03,3,10688,1267.9,100
CR0660,2025-04,6,11015,724.0,69
CR0660,2025-05,0,0,0.0,0
CR0660,2025-06,0,0,0.0,0
CR0660,2025-07,5,8362,711.5,99
CR0660,2025-08,3,12282,1464.9,55
CR0660,2025-09,4,10483,865.3,68
CR0660,2025-10,2,11211,805.3,132
CR0660,2025-11,4,11414,1602.4,159
CR0660,2025-12,3,12861,1145.3,174
CR0661,2025-01,6,64278,8855.6,907
CR0661,2025-02,5,62601,4775.2,719
CR0661,2025-03,5,45870,2677.5,196
CR0661,2025-04,9,59201,6097.9,528
CR0661,2025-05,9,46417,5628.0,378
CR0661,2025-06,6,42290,2687.8,534
CR0661,2025-07,4,39682,5266.1,184
CR0661,2025-08,0,0,0.0,0
CR0661,2025-09,7,43137,2749.7,227
CR0661,2025-10,10,56261,5478.1,745
CR0661,2025-11,0,0,0.0,0
CR0661,2025-12,8,86195,8939.3,379
CR0662,2025-01,3,25278,2442.7,229
CR0662,2025-02,0,0,0.0,0
CR0662,2025-03,3,24012,3532.0,175
CR0662,2025-04,3,29272,2941.1,131
CR0662,2025-05,10,50672,5545.3,425
CR0662,2025-06,5,30637,2289.4,399
CR0662,2025-07,4,24678,3642.8,254
CR0662,2025-08,2,25655,3395.1,372
CR0662,2025-09,8,36045,3651.9,159
CR0662,2025-10,4,35527,3834.9,528
CR0662,2025-11,2,31300,2478.2,164
CR0662,2025-12,4,38955,3283.9,567
CR0663,2025-01,7,10041,1265.6,135
CR0663,2025-02,10,6849,944.3,63
CR0663,2025-03,4,8763,1021.5,103
CR0663,2025-04,5,12403,1169.5,147
CR0663,2025-05,6,12813,1665.4,63
CR0663,2025-06,3,15491,1932.6,164
CR0663,2025-07,2,12916,1706.8,77
CR0663,2025-08,4,8978,791.9,124
CR0663,2025-09,2,7906,1007.5,39
CR0663,2025-10,5,12673,838.6,76
CR0663,2025-11,3,10550,771.0,124
CR0663,2025-12,4,8848,917.7,62
CR0664,2025-01,3,123549,17390.7,919
CR0664,2025-02,3,68004,9229.2,286
CR0664,2025-03,7,73514,6018.2,868
CR0664,2025-04,9,63716,5173.5,258
CR0664,2025-05,12,60316,8117.8,361
CR0664,2025-06,0,0,0.0,0
CR0664,2025-07,6,49116,4077.7,495
CR0664,2025-08,8,113525,11136.2,1558
CR0664,2025-09,2,99818,12864.9,1262
CR0664,2025-10,8,75600,9272.9,832
CR0664,2025-11,7,79096,5213.7,872
CR0664,2025-12,0,0,0.0,0
CR0665,2025-01,6,102745,6843.7,591
CR0665,2025-02,8,100976,7919.1,825
CR0665,2025-03,7,113056,16256.2,1692
CR0665,2025-04,7,107852,14455.2,1471
CR0665,2025-05,8,102346,10019.7,600
CR0665,2025-06,3,150308,12373.1,1278
CR0665,2025-07,13,145547,18258.0,1812
CR0665,2025-08,10,95183,11716.3,1328
CR0665,2025-09,3,97076,12881.1,1429
CR0665,2025-10,6,142969,16176.3,852
CR0665,2025-11,8,92747,10425.5,1200
CR0665,2025-12,4,149776,21884.3,984
CR0666,2025-01,0,0,0.0,0
CR0666,2025-02,7,57524,7845.7,562
CR0666,2025-03,0,0,0.0,0
CR0666,2025-04,5,62280,3996.8,683
CR0666,2025-05,5,82270,5372.5,1024
CR0666,2025-06,6,53519,7449.1,467
CR0666,2025-07,5,64610,5430.4,922
CR0666,2025-08,6,68547,5797.2,311
CR0666,2025-09,3,73322,5511.6,1002
CR0666,2025-10,5,79854,8188.7,595
CR0666,2025-11,3,79409,6845.6,1089
CR0666,2025-12,5,127333,12090.9,1894
CR0667,2025-01,1,15366,1257.0,140
CR0667,2025-02,7,16597,1998.3,132
CR0667,2025-03,4,17107,1485.0,77
CR0667,2025-04,3,16388,1425.0,118
CR0667,2025-05,5,14614,1697.2,173
CR0667,2025-06,0,0,0.0,0
CR0667,2025-07,2,16963,1775.7,84
CR0667,2025-08,5,18227,1107.7,161
CR0667,2025-09,0,0,0.0,0
CR0667,2025-10,7,15898,2211.6,207
CR0667,2025-11,3,25416,2474.8,303
CR0667,2025-12,5,18456,1576.4,265
CR0668,2025-01,7,305057,32465.8,4395
CR0668,2025-02,12,168737,11088.7,1085
CR0668,2025-03,9,236912,19438.9,2485
CR0668,2025-04,14,216661,23999.4,2536
CR0668,2025-05,14,240187,18182.2,1507
CR0668,2025-06,15,241392,19216.2,3487
CR0668,2025-07,6,203478,23393.9,2310
CR0668,2025-08,8,238756,32520.7,2196
CR0668,2025-09,5,400865,55342.4,5268
CR0668,2025-10,8,329310,33083.5,2352
CR0668,2025-11,6,301468,43654.6,4340
CR0668,2025-12,2,290601,18107.2,3254
CR0669,2025-01,5,24940,3419.8,179
CR0669,2025-02,1,29269,2751.7,246
CR0669,2025-03,2,31218,2858.9,459
CR0669,2025-04,3,22361,2191.3,149
CR0669,2025-05,8,22045,1861.6,170
CR0669,2025-06,0,0,0.0,0
CR0669,2025-07,0,0,0.0,0
CR0669,2025-08,6,33243,4827.5,301
CR0669,2025-09,3,37936,3398.7,204
CR0669,2025-10,3,35780,3978.1,397
CR0669,2025-11,2,29995,3042.1,398
CR0669,2025-12,0,0,0.0,0
CR0670,2025-01,3,36650,2258.8,211
CR0670,2025-02,5,31044,2143.1,200
CR0670,2025-03,6,43352,5381.5,630
CR0670,2025-04,3,26169,2395.0,334
CR0670,2025-05,5,46897,4323.3,364
CR0670,2025-06,5,39077,3651.0,544
CR0670,2025-07,7,43369,6408.0,175
CR0670,2025-08,6,36473,2907.3,353
CR0670,2025-09,8,37359,4557.7,207
CR0670,2025-10,0,0,0.0,0
CR0670,2025-11,5,26275,2252.7,327
CR0670,2025-12,7,39216,5696.4,482
CR0671,2025-01,4,26705,3005.5,247
CR0671,2025-02,4,24390,3365.5,331
CR0671,2025-03,3,51206,6146.0,747
CR0671,2025-04,3,31954,4134.7,465
CR0671,2025-05,4,34534,3861.4,439
CR0671,2025-06,5,34886,3327.3,402
CR0671,2025-07,7,29336,1873.3,424
CR0671,2025-08,5,39943,4220.2,367
CR0671,2025-09,5,24916,3425.4,171
CR0671,2025-10,3,18944,2577.7,280
CR0671,2025-11,2,31380,2061.2,401
CR0671,2025-12,4,29776,1882.6,140
CR0672,2025-01,4,20822,2304.6,133
CR0672,2025-02,2,24560,1912.7,225
CR0672,2025-03,4,30136,2229.2,419
CR0672,2025-04,5,23235,2301.5,107
CR0672,2025-05,0,0,0.0,0
CR0672,2025-06,7,20218,1974.4,229
CR0672,2025-07,0,0,0.0,0
CR0672,2025-08,4,35918,4265.9,371
CR0672,2025-09,2,22858,2361.7,220
CR0672,2025-10,4,25272,3101.2,254
CR0672,2025-11,3,20140,2461.9,158
CR0672,2025-12,0,0,0.0,0
CR0673,2025-01,5,19726,1256.5,283
CR0673,2025-02,5,20046,1771.2,296
CR0673,2025-03,2,19331,1532.9,161
CR0673,2025-04,4,14526,1397.2,72
CR0673,2025-05,0,0,0.0,0
CR0673,2025-06,6,28241,2484.1,376
CR0673,2025-07,3,13719,2032.2,113
CR0673,2025-08,0,0,0.0,0
CR0673,2025-09,0,0,0.0,0
CR0673,2025-10,0,0,0.0,0
CR0673,2025-11,3,18544,2632.7,140
CR0673,2025-12,2,17203,2564.4,88
CR0674,2025-01,4,18936,1733.2,203
CR0674,2025-02,0,0,0.0,0
CR0674,2025-03,3,39430,5075.7,578
CR0674,2025-04,0,0,0.0,0
CR0674,2025-05,3,27040,3537.1,119
CR0674,2025-06,0,0,0.0,0
CR0674,2025-07,3,31543,2315.8,371
CR0674,2025-08,2,26735,1560.9,261
CR0674,2025-09,7,35443,3221.1,323
CR0674,2025-10,5,46291,4756.0,472
CR0674,2025-11,0,0,0.0,0
CR0674,2025-12,3,28642,1776.7,342
CR0675,2025-01,6,112561,14324.2,692
CR0675,2025-02,5,156992,16335.8,1302
CR0675,2025-03,5,70284,7998.9,343
CR0675,2025-04,6,115348,16023.4,1723
CR0675,2025-05,6,110644,14280.9,1485
CR0675,2025-06,0,0,0.0,0
CR0675,2025-07,5,109653,15628.1,1568
CR0675,2025-08,6,134626,13499.3,1584
CR0675,2025-09,7,144578,16477.0,1684
CR0675,2025-10,10,127379,13724.5,1795
CR0675,2025-11,0,0,0.0,0
CR0675,2025-12,12,164169,11312.0,1998
CR0676,2025-01,4,42369,5449.1,342
CR0676,2025-02,4,88426,10704.7,1279
CR0676,2025-03,7,44518,5609.0,575
CR0676,2025-04,5,70058,9314.4,550
CR0676,2025-05,5,53513,6052.6,245
CR0676,2025-06,9,61219,5518.2,342
CR0676,2025-07,7,87128,5954.8,1064
CR0676,2025-08,7,91650,7413.7,1236
CR0676,2025-09,0,0,0.0,0
CR0676,2025-10,2,64085,7448.4,406
CR0676,2025-11,10,93803,11549.0,1000
CR0676,2025-12,3,79659,10113.0,617
CR0677,2025-01,0,0,0.0,0
CR0677,2025-02,5,17323,1949.4,230
CR0677,2025-03,2,9156,568.5,111
CR0677,2025-04,4,11748,764.3,111
CR0677,2025-05,3,16567,1496.6,82
CR0677,2025-06,3,15362,1241.2,79
CR0677,2025-07,3,17214,2322.7,109
CR0677,2025-08,5,11915,1173.5,72
CR0677,2025-09,1,14572,1379.2,64
CR0677,2025-10,6,18545,1369.7,95
CR0677,2025-11,7,20125,2307.5,141
CR0677,2025-12,3,14908,1381.3,177
CR0678,2025-01,4,62644,5302.8,929
CR0678,2025-02,3,55582,3902.6,719
CR0678,2025-03,2,113645,15860.8,534
CR0678,2025-04,3,40852,5571.2,225
CR0678,2025-05,5,56848,6439.5,602
CR0678,2025-06,5,132226,11669.2,548
CR0678,2025-07,2,67379,4146.4,453
CR0678,2025-08,0,0,0.0,0
CR0678,2025-09,2,45897,3142.7,646
CR0678,2025-10,4,42822,5894.5,218
CR0678,2025-11,6,87228,10828.6,1041
CR0678,2025-12,6,126709,15427.9,762
CR0679,2025-01,5,200632,18606.6,1620
CR0679,2025-02,7,95541,11974.8,806
CR0679,2025-03,8,118022,8356.8,825
CR0679,2025-04,2,82740,5492.0,838
CR0679,2025-05,8,117495,9354.1,922
CR0679,2025-06,6,146904,19275.4,1932
CR0679,2025-07,4,112142,9681.2,490
CR0679,2025-08,10,100720,8706.9,948
CR0679,2025-09,3,103976,15190.0,1110
CR0679,2025-10,5,112198,14713.1,801
CR0679,2025-11,8,190144,23469.5,1205
CR0679,2025-12,4,149834,15731.2,1951
CR0680,2025-01,2,38349,2733.5,344
CR0680,2025-02,5,29331,2333.2,347
CR0680,2025-03,0,0,0.0,0
CR0680,2025-04,4,34124,4824.7,220
CR0680,2025-05,3,40602,5759.2,291
CR0680,2025-06,0,0,0.0,0
CR0680,2025-07,0,0,0.0,0
CR0680,2025-08,3,39189,3658.3,199
CR0680,2025-09,2,31509,2073.6,221
CR0680,2025-10,6,43612,2799.6,537
CR0680,2025-11,3,38861,2604.9,272
CR0680,2025-12,3,43038,5082.2,502
CR0681,2025-01,5,13472,951.1,120
CR0681,2025-02,0,0,0.0,0
CR0681,2025-03,0,0,0.0,0
CR0681,2025-04,6,14526,1383.3,212
CR0681,2025-05,4,14592,2056.0,66
CR0681,2025-06,4,12610,937.0,110
CR0681,2025-07,2,8355,1149.1,59
CR0681,2025-08,3,13834,1090.5,152
CR0681,2025-09,0,0,0.0,0
CR0681,2025-10,4,23339,2391.6,113
CR0681,2025-11,5,16551,1752.7,245
CR0681,2025-12,0,0,0.0,0
CR0682,2025-01,1,87801,5420.0,1297
CR0682,2025-02,3,52854,3141.5,463
CR0682,2025-03,6,38433,4587.5,449
CR0682,2025-04,4,64649,8991.6,456
CR0682,2025-05,6,52068,5925.5,675
CR0682,2025-06,4,52026,5683.1,345
CR0682,2025-07,2,51303,6837.6,546
CR0682,2025-08,7,78976,11664.5,721
CR0682,2025-09,5,54651,7709.5,269
CR0682,2025-10,0,0,0.0,0
CR0682,2025-11,5,57229,6773.5,593
CR0682,2025-12,4,79731,10325.2,536
CR0683,2025-01,10,263224,27301.6,3230
CR0683,2025-02,8,324972,45360.8,4834
CR0683,2025-03,8,177523,16387.7,2487
CR0683,2025-04,6,352797,37454.7,2751
CR0683,2025-05,8,425274,36141.4,3609
CR0683,2025-06,14,203289,21726.7,2671
CR0683,2025-07,6,289586,17135.6,2131
CR0683,2025-08,9,532965,74448.7,3427
CR0683,2025-09,14,423912,58083.3,3173
CR0683,2025-10,7,294763,21725.2,2205
CR0683,2025-11,0,0,0.0,0
CR0683,2025-12,0,0,0.0,0
CR0684,2025-01,6,39152,3182.8,522
CR0684,2025-02,6,44107,3447.0,556
CR0684,2025-03,6,52571,5995.3,436
CR0684,2025-04,3,66463,5196.0,274
CR0684,2025-05,2,89697,10733.6,404
CR0684,2025-06,8,70516,10221.9,929
CR0684,2025-07,0,0,0.0,0
CR0684,2025-08,0,0,0.0,0
CR0684,2025-09,3,91082,7313.7,791
CR0684,2025-10,6,90251,11068.8,433
CR0684,2025-11,6,70219,6123.2,410
CR0684,2025-12,6,105740,10042.4,1509
CR0685,2025-01,4,9662,1213.5,144
CR0685,2025-02,5,7305,1046.2,108
CR0685,2025-03,0,0,0.0,0
CR0685,2025-04,0,0,0.0,0
CR0685,2025-05,3,8178,849.7,32
CR0685,2025-06,0,0,0.0,0
CR0685,2025-07,0,0,0.0,0
CR0685,2025-08,2,8778,1134.7,50
CR0685,2025-09,5,8731,717.9,64
CR0685,2025-10,1,10992,1302.8,85
CR0685,2025-11,3,9385,1376.1,85
CR0685,2025-12,2,10590,968.5,80
CR0686,2025-01,3,7710,547.3,107
CR0686,2025-02,5,11633,1365.0,129
CR0686,2025-03,2,7647,714.4,68
CR0686,2025-04,5,8243,706.9,76
CR0686,2025-05,3,7088,530.5,100
CR0686,2025-06,4,8335,636.4,65
CR0686,2025-07,0,0,0.0,0
CR0686,2025-08,5,11097,941.9,155
CR0686,2025-09,6,5444,639.4,78
CR0686,2025-10,4,9732,616.4,117
CR0686,2025-11,5,7199,1064.8,85
CR0686,2025-12,4,7543,953.0,80
CR0687,2025-01,2,22445,1681.5,177
CR0687,2025-02,6,11758,1146.6,98
CR0687,2025-03,0,0,0.0,0
CR0687,2025-04,6,11224,1316.1,163
CR0687,2025-05,4,10234,1063.2,119
CR0687,2025-06,6,15637,1538.6,112
CR0687,2025-07,6,13067,1507.1,168
CR0687,2025-08,4,11915,1621.0,143
CR0687,2025-09,3,14771,1904.3,143
CR0687,2025-10,1,11477,1588.3,120
CR0687,2025-11,5,14852,1874.7,212
CR0687,2025-12,5,16837,1541.3,229
CR0688,2025-01,0,0,0.0,0
CR0688,2025-02,0,0,0.0,0
CR0688,2025-03,1,14091,855.0,172
CR0688,2025-04,1,12850,751.8,172
CR0688,2025-05,8,18282,1204.9,268
CR0688,2025-06,0,0,0.0,0
CR0688,2025-07,0,0,0.0,0
CR0688,2025-08,0,0,0.0,0
CR0688,2025-09,2,21331,1386.7,261
CR0688,2025-10,3,12039,1569.1,63
CR0688,2025-11,5,18506,2489.0,195
CR0688,2025-12,2,10737,1216.1,49
CR0689,2025-01,1,82724,10259.4,371
CR0689,2025-02,4,45187,5143.5,599
CR0689,2025-03,0,0,0.0,0
CR0689,2025-04,2,61401,5629.6,522
CR0689,2025-05,4,78145,8886.6,849
CR0689,2025-06,9,97052,11936.6,1012
CR0689,2025-07,4,57839,8495.2,820
CR0689,2025-08,5,101185,9405.2,638
CR0689,2025-09,7,113219,15459.4,868
CR0689,2025-10,2,83564,7083.2,649
CR0689,2025-11,5,99857,12488.5,1008
CR0689,2025-12,0,0,0.0,0
CR0690,2025-01,5,26695,1714.4,378
CR0690,2025-02,9,24697,3240.1,290
CR0690,2025-03,4,45252,2952.2,258
CR0690,2025-04,6,38860,4908.5,206
CR0690,2025-05,10,32545,3968.6,307
CR0690,2025-06,5,25591,1808.2,363
CR0690,2025-07,4,41951,5419.1,172
CR0690,2025-08,0,0,0.0,0
CR0690,2025-09,5,44039,6262.6,539
CR0690,2025-10,5,41669,5917.1,476
CR0690,2025-11,3,36464,2631.5,162
CR0690,2025-12,7,65421,4168.2,418
CR0691,2025-01,3,23678,2899.9,153
CR0691,2025-02,0,0,0.0,0
CR0691,2025-03,5,22933,3159.4,330
CR0691,2025-04,1,18793,2424.5,198
CR0691,2025-05,0,0,0.0,0
CR0691,2025-06,2,16669,1219.5,120
CR0691,2025-07,3,21963,2347.9,310
CR0691,2025-08,4,21037,1745.5,284
CR0691,2025-09,6,19486,2121.9,86
CR0691,2025-10,0,0,0.0,0
CR0691,2025-11,3,17131,2544.7,172
CR0691,2025-12,4,20637,1995.5,295
CR0692,2025-01,7,55070,7047.1,799
CR0692,2025-02,0,0,0.0,0
CR0692,2025-03,7,45584,6290.2,574
CR0692,2025-04,6,19984,2140.5,224
CR0692,2025-05,4,44125,4179.2,559
CR0692,2025-06,3,60119,5405.0,461
CR0692,2025-07,8,60553,8725.5,672
CR0692,2025-08,13,38552,4886.9,460
CR0692,2025-09,6,45819,6850.8,383
CR0692,2025-10,7,40849,4853.2,341
CR0692,2025-11,0,0,0.0,0
CR0692,2025-12,7,32609,2958.3,467
CR0693,2025-01,3,23370,2521.4,147
CR0693,2025-02,3,14714,1120.2,218
CR0693,2025-03,5,16516,1901.1,99
CR0693,2025-04,3,26572,2981.3,265
CR0693,2025-05,3,19740,2031.9,168
CR0693,2025-06,5,20606,1727.3,117
CR0693,2025-07,5,24887,2739.4,220
CR0693,2025-08,3,30269,2207.1,224
CR0693,2025-09,2,14770,1438.0,218
CR0693,2025-10,0,0,0.0,0
CR0693,2025-11,6,20002,2274.9,107
CR0693,2025-12,2,25544,1689.3,104
CR0694,2025-01,3,14633,2081.2,128
CR0694,2025-02,4,9969,790.1,42
CR0694,2025-03,5,7739,862.2,73
CR0694,2025-04,5,7696,677.0,67
CR0694,2025-05,6,11262,1491.6,162
CR0694,2025-06,2,16695,1548.3,97
CR0694,2025-07,1,12006,1105.2,69
CR0694,2025-08,5,10944,1161.8,59
CR0694,2025-09,4,11135,1614.0,117
CR0694,2025-10,4,13118,1804.9,112
CR0694,2025-11,0,0,0.0,0
CR0694,2025-12,3,15614,1714.6,185
CR0695,2025-01,8,196499,12706.3,1765
CR0695,2025-02,6,216152,16942.8,1854
CR0695,2025-03,5,188540,26723.4,1521
CR0695,2025-04,3,388357,35587.1,3795
CR0695,2025-05,4,243626,33875.6,1532
CR0695,2025-06,6,333475,38783.3,2561
CR0695,2025-07,8,180782,11502.9,2118
CR0695,2025-08,6,404068,35132.4,1696
CR0695,2025-09,12,143160,17038.7,1557
CR0695,2025-10,7,247621,35967.4,2085
CR0695,2025-11,6,312156,31712.3,3551
CR0695,2025-12,6,258826,25187.8,3145
CR0696,2025-01,4,16144,1691.1,143
CR0696,2025-02,4,11375,836.8,164
CR0696,2025-03,3,13775,1715.4,92
CR0696,2025-04,4,12567,1234.5,101
CR0696,2025-05,8,14888,1526.2,206
CR0696,2025-06,3,12241,1074.6,57
CR0696,2025-07,0,0,0.0,0
CR0696,2025-08,0,0,0.0,0
CR0696,2025-09,3,16076,1171.2,184
CR0696,2025-10,5,20075,2995.7,227
CR0696,2025-11,5,12109,837.1,111
CR0696,2025-12,6,19755,2258.5,230
CR0697,2025-01,6,27714,2065.0,411
CR0697,2025-02,5,21107,1588.6,229
CR0697,2025-03,5,15431,1133.7,68
CR0697,2025-04,0,0,0.0,0
CR0697,2025-05,4,13796,981.9,68
CR0697,2025-06,4,14777,2032.3,175
CR0697,2025-07,4,22363,2459.6,230
CR0697,2025-08,3,13309,1563.3,138
CR0697,2025-09,1,14256,1356.8,135
CR0697,2025-10,4,9226,1020.2,135
CR0697,2025-11,1,17877,2319.2,136
CR0697,2025-12,0,0,0.0,0
CR0698,2025-01,5,57714,8145.0,736
CR0698,2025-02,6,68362,8073.4,445
CR0698,2025-03,3,44917,4993.2,546
CR0698,2025-04,6,75831,7011.2,1114
CR0698,2025-05,4,37706,4893.3,408
CR0698,2025-06,0,0,0.0,0
CR0698,2025-07,4,55840,8216.7,704
CR0698,2025-08,6,69664,8393.5,940
CR0698,2025-09,3,35532,3988.9,190
CR0698,2025-10,3,58465,8152.1,565
CR0698,2025-11,3,65853,7910.7,268
CR0698,2025-12,5,73472,4820.6,472
CR0699,2025-01,4,7599,1107.8,92
CR0699,2025-02,0,0,0.0,0
CR0699,2025-03,3,11693,922.1,153
CR0699,2025-04,4,8502,1008.6,121
CR0699,2025-05,2,5854,773.1,30
CR0699,2025-06,0,0,0.0,0
CR0699,2025-07,5,10551,1038.7,140
CR0699,2025-08,9,9575,687.4,119
CR0699,2025-09,0,0,0.0,0
CR0699,2025-10,3,8877,656.1,127
CR0699,2025-11,3,14435,937.1,158
CR0699,2025-12,4,13850,1382.2,129
CR0700,2025-01,3,20965,1371.5,312
CR0700,2025-02,2,32418,4577.3,391
CR0700,2025-03,5,27521,3532.2,253
CR0700,2025-04,4,25005,3391.6,353
CR0700,2025-05,3,30704,4448.3,245
CR0700,2025-06,0,0,0.0,0
CR0700,2025-07,3,28120,3588.8,129
CR0700,2025-08,3,34709,5115.2,491
CR0700,2025-09,6,23962,3290.0,272
CR0700,2025-10,0,0,0.0,0
CR0700,2025-11,4,32456,4509.6,448
CR0700,2025-12,3,26151,2199.0,332
CR0701,2025-01,11,286205,41309.5,2144
CR0701,2025-02,8,259204,18817.0,2298
CR0701,2025-03,7,234553,18870.2,1870
CR0701,2025-04,8,237379,19283.5,3253
CR0701,2025-05,7,243129,33990.8,3009
CR0701,2025-06,10,244931,19391.6,3232
CR0701,2025-07,8,245268,21978.5,2704
CR0701,2025-08,9,400273,26587.1,3450
CR0701,2025-09,10,230828,24276.2,1145
CR0701,2025-10,8,275687,16528.9,2842
CR0701,2025-11,9,319859,29801.4,2443
CR0701,2025-12,7,290861,18301.0,4042
CR0702,2025-01,2,48760,5696.7,428
CR0702,2025-02,3,52095,6184.2,458
CR0702,2025-03,0,0,0.0,0
CR0702,2025-04,4,73764,4847.7,616
CR0702,2025-05,4,72747,9105.8,352
CR0702,2025-06,5,73086,6823.5,781
CR0702,2025-07,3,61293,5684.4,253
CR0702,2025-08,1,55821,8367.5,471
CR0702,2025-09,1,58129,4485.6,496
CR0702,2025-10,4,62175,5553.1,614
CR0702,2025-11,0,0,0.0,0
CR0702,2025-12,4,83605,7424.5,455
CR0703,2025-01,4,57313,6693.3,494
CR0703,2025-02,5,71814,9828.6,693
CR0703,2025-03,3,34885,2889.0,342
CR0703,2025-04,0,0,0.0,0
CR0703,2025-05,7,42257,2647.6,278
CR0703,2025-06,11,39212,2401.0,202
CR0703,2025-07,4,43104,6415.4,466
CR0703,2025-08,9,65949,8667.8,412
CR0703,2025-09,9,61403,6750.9,297
CR0703,2025-10,5,38797,4101.6,257
CR0703,2025-11,0,0,0.0,0
CR0703,2025-12,4,61261,8717.5,512
CR0704,2025-01,4,20484,2544.2,223
CR0704,2025-02,3,9611,828.3,131
CR0704,2025-03,5,17191,1577.8,204
CR0704,2025-04,3,22366,2039.1,197
CR0704,2025-05,4,29802,2150.5,151
CR0704,2025-06,6,17417,1713.4,149
CR0704,2025-07,1,18063,1568.4,184
CR0704,2025-08,0,0,0.0,0
CR0704,2025-09,2,15581,1060.6,163
CR0704,2025-10,0,0,0.0,0
CR0704,2025-11,5,17068,1028.7,215
CR0704,2025-12,0,0,0.0,0
CR0705,2025-01,4,10107,1045.1,47
CR0705,2025-02,6,9165,538.4,101
CR0705,2025-03,5,6571,533.0,47
CR0705,2025-04,3,13792,1829.3,68
CR0705,2025-05,3,13049,1707.4,58
CR0705,2025-06,4,10247,954.4,42
CR0705,2025-07,2,9476,602.6,128
CR0705,2025-08,0,0,0.0,0
CR0705,2025-09,5,8502,744.3,72
CR0705,2025-10,6,7925,1057.2,62
CR0705,2025-11,7,10978,1180.8,60
CR0705,2025-12,3,11685,874.2,115
CR0706,2025-01,5,54665,5760.4,501
CR0706,2025-02,0,0,0.0,0
CR0706,2025-03,8,28177,1906.1,265
CR0706,2025-04,4,51346,3097.2,427
CR0706,2025-05,8,47604,5275.2,243
CR0706,2025-06,0,0,0.0,0
CR0706,2025-07,6,101609,7654.8,1305
CR0706,2025-08,7,67205,6810.5,415
CR0706,2025-09,0,0,0.0,0
CR0706,2025-10,8,54517,8169.7,466
CR0706,2025-11,8,62711,6109.2,467
CR0706,2025-12,3,43774,5330.9,224
CR0707,2025-01,5,91629,12027.2,939
CR0707,2025-02,5,67064,5211.7,788
CR0707,2025-03,0,0,0.0,0
CR0707,2025-04,7,67425,7205.2,1005
CR0707,2025-05,5,74768,9886.2,1043
CR0707,2025-06,8,65166,9017.2,876
CR0707,2025-07,5,113490,10349.6,971
CR0707,2025-08,8,102870,14022.8,1089
CR0707,2025-09,7,62822,7029.2,470
CR0707,2025-10,4,67402,8611.8,528
CR0707,2025-11,8,75274,7640.5,1011
CR0707,2025-12,6,90975,11752.2,879
CR0708,2025-01,3,7556,827.4,61
CR0708,2025-02,0,0,0.0,0
CR0708,2025-03,3,12593,1289.4,64
CR0708,2025-04,2,12971,1168.8,192
CR0708,2025-05,6,17924,2640.1,87
CR0708,2025-06,9,11696,1607.3,104
CR0708,2025-07,6,13674,1295.2,56
CR0708,2025-08,5,15524,2136.4,76
CR0708,2025-09,1,13356,1380.1,127
CR0708,2025-10,4,13810,1279.0,154
CR0708,2025-11,2,11687,1464.8,115
CR0708,2025-12,0,0,0.0,0
CR0709,2025-01,0,0,0.0,0
CR0709,2025-02,1,12391,1625.0,179
CR0709,2025-03,4,9581,615.3,118
CR0709,2025-04,3,9753,1263.2,144
CR0709,2025-05,2,10998,1267.4,102
CR0709,2025-06,2,3949,258.8,16
CR0709,2025-07,7,8945,1175.4,78
CR0709,2025-08,6,9009,952.2,91
CR0709,2025-09,3,16998,1443.7,173
CR0709,2025-10,3,17022,2410.0,84
CR0709,2025-11,0,0,0.0,0
CR0709,2025-12,3,7278,492.7,78
CR0710,2025-01,6,19282,2749.9,218
CR0710,2025-02,2,20457,2109.7,258
CR0710,2025-03,3,10631,675.8,157
CR0710,2025-04,3,11366,1551.8,158
CR0710,2025-05,0,0,0.0,0
CR0710,2025-06,2,28546,2144.5,135
CR0710,2025-07,8,17919,1760.3,205
CR0710,2025-08,3,18789,2599.6,145
CR0710,2025-09,2,17778,1730.8,246
CR0710,2025-10,4,16364,1145.9,163
CR0710,2025-11,4,10884,835.4,75
CR0710,2025-12,4,19763,1260.1,172
CR0711,2025-01,3,11775,874.0,162
CR0711,2025-02,4,8728,698.0,50
CR0711,2025-03,0,0,0.0,0
CR0711,2025-04,4,10713,1022.9,127
CR0711,2025-05,3,12083,718.3,80
CR0711,2025-06,0,0,0.0,0
CR0711,2025-07,3,7965,1023.9,38
CR0711,2025-08,3,18854,2333.7,224
CR0711,2025-09,4,12920,1172.8,113
CR0711,2025-10,3,10874,674.8,69
CR0711,2025-11,3,11536,1693.5,109
CR0711,2025-12,2,9966,993.5,92
CR0712,2025-01,4,8907,1166.2,79
CR0712,2025-02,7,10460,1182.7,69
CR0712,2025-03,3,7485,576.3,35
CR0712,2025-04,0,0,0.0,0
CR0712,2025-05,9,10018,1128.2,83
CR0712,2025-06,5,19739,2253.1,211
CR0712,2025-07,0,0,0.0,0
CR0712,2025-08,2,12159,1495.7,174
CR0712,2025-09,5,9157,1153.4,108
CR0712,2025-10,2,10988,1363.2,146
CR0712,2025-11,4,14129,1312.9,173
CR0712,2025-12,3,11088,663.0,155
CR0713,2025-01,2,14375,1172.4,62
CR0713,2025-02,3,10840,666.1,101
CR0713,2025-03,3,8994,951.5,65
CR0713,2025-04,0,0,0.0,0
CR0713,2025-05,3,10236,1087.2,126
CR0713,2025-06,0,0,0.0,0
CR0713,2025-07,0,0,0.0,0
CR0713,2025-08,5,10345,1488.5,127
CR0713,2025-09,2,11045,1047.5,149
CR0713,2025-10,4,12468,984.8,132
CR0713,2025-11,5,15421,1131.7,85
CR0713,2025-12,3,14736,1701.0,66
CR0714,2025-01,0,0,0.0,0
CR0714,2025-02,4,140634,16881.6,668
CR0714,2025-03,5,203567,23754.4,1482
CR0714,2025-04,3,271303,18405.5,3773
CR0714,2025-05,5,183678,13863.5,985
CR0714,2025-06,7,182160,23166.4,1496
CR0714,2025-07,5,239975,29802.4,2941
CR0714,2025-08,7,204919,19388.4,2992
CR0714,2025-09,5,232042,20080.6,1136
CR0714,2025-10,7,136959,10527.9,1603
CR0714,2025-11,0,0,0.0,0
CR0714,2025-12,10,318443,41684.9,3424
CR0715,2025-01,3,19179,2286.0,122
CR0715,2025-02,0,0,0.0,0
CR0715,2025-03,3,19042,2834.5,158
CR0715,2025-04,4,21159,3000.5,230
CR0715,2025-05,2,13167,1946.3,154
CR0715,2025-06,0,0,0.0,0
CR0715,2025-07,0,0,0.0,0
CR0715,2025-08,2,16055,1149.6,110
CR0715,2025-09,3,21247,1660.6,286
CR0715,2025-10,6,29567,4156.7,237
CR0715,2025-11,4,27095,3573.6,395
CR0715,2025-12,0,0,0.0,0
CR0716,2025-01,10,102731,12901.2,945
CR0716,2025-02,6,94099,8052.4,792
CR0716,2025-03,9,64215,6939.2,767
CR0716,2025-04,9,53561,6571.6,796
CR0716,2025-05,4,151450,16178.7,1742
CR0716,2025-06,3,70456,9752.4,736
CR0716,2025-07,4,73815,5662.2,452
CR0716,2025-08,5,58114,7267.0,428
CR0716,2025-09,8,100949,8259.9,570
CR0716,2025-10,8,77562,6223.0,390
CR0716,2025-11,3,73319,9483.3,784
CR0716,2025-12,5,74300,11005.5,528
CR0717,2025-01,7,147395,9498.4,1764
CR0717,2025-02,7,158792,21236.7,1123
CR0717,2025-03,6,129415,8176.3,916
CR0717,2025-04,7,127510,12847.4,1486
CR0717,2025-05,5,133770,9849.8,1481
CR0717,2025-06,4,141221,14867.4,814
CR0717,2025-07,6,162572,17077.5,729
CR0717,2025-08,8,136561,8067.9,1438
CR0717,2025-09,10,147285,10540.2,897
CR0717,2025-10,8,203516,11890.9,2515
CR0717,2025-11,12,200441,25235.2,1890
CR0717,2025-12,8,122276,10860.2,564
CR0718,2025-01,9,495913,36224.1,4751
CR0718,2025-02,9,643388,63290.3,6733
CR0718,2025-03,11,714492,67834.7,4344
CR0718,2025-04,9,608243,63845.5,5894
CR0718,2025-05,8,238530,25056.5,1023
CR0718,2025-06,6,523810,77388.0,4268
CR0718,2025-07,3,814208,91953.0,3742
CR0718,2025-08,7,388644,50147.6,4056
CR0718,2025-09,10,642167,90587.5,5576
CR0718,2025-10,9,532927,49587.6,4139
CR0718,2025-11,9,724947,103928.3,10710
CR0718,2025-12,8,582681,48050.7,2459
CR0719,2025-01,4,49754,6538.5,392
CR0719,2025-02,3,35238,4654.3,353
CR0719,2025-03,0,0,0.0,0
CR0719,2025-04,6,26118,1795.2,258
CR0719,2025-05,5,21830,1810.2,213
CR0719,2025-06,3,36895,5031.4,394
CR0719,2025-07,0,0,0.0,0
CR0719,2025-08,4,29624,3755.3,202
CR0719,2025-09,5,36545,5071.7,520
CR0719,2025-10,2,34308,2720.4,419
CR0719,2025-11,5,28528,1877.2,378
CR0719,2025-12,1,30315,3064.0,430
CR0720,2025-01,1,31988,2096.2,200
CR0720,2025-02,4,36434,2440.2,197
CR0720,2025-03,4,20499,2132.9,125
CR0720,2025-04,5,22442,3162.3,192
CR0720,2025-05,2,31408,1908.2,172
CR0720,2025-06,5,25631,3821.6,108
CR0720,2025-07,2,18795,2184.5,97
CR0720,2025-08,3,26016,1553.6,376
CR0720,2025-09,0,0,0.0,0
CR0720,2025-10,6,23127,1584.1,327
CR0720,2025-11,6,21970,2964.6,205
CR0720,2025-12,4,20836,2648.5,166
CR0721,2025-01,2,180211,23601.9,2412
CR0721,2025-02,5,132531,9034.7,1937
CR0721,2025-03,5,153994,18530.3,1375
CR0721,2025-04,7,140350,8382.0,2001
CR0721,2025-05,7,121408,12144.8,985
CR0721,2025-06,0,0,0.0,0
CR0721,2025-07,8,96634,6104.7,886
CR0721,2025-08,3,117375,16827.3,1504
CR0721,2025-09,3,168414,12179.8,1710
CR0721,2025-10,7,175167,17607.4,1072
CR0721,2025-11,5,119612,13036.3,1428
CR0721,2025-12,10,95894,13406.0,703
CR0722,2025-01,5,14925,1808.3,114
CR0722,2025-02,8,15423,1396.1,127
CR0722,2025-03,2,15172,920.5,152
CR0722,2025-04,1,11445,767.5,165
CR0722,2025-05,6,15103,2204.9,102
CR0722,2025-06,3,11245,732.0,103
CR0722,2025-07,2,14135,1624.5,134
CR0722,2025-08,0,0,0.0,0
CR0722,2025-09,1,16533,2435.0,193
CR0722,2025-10,4,16769,1017.2,72
CR0722,2025-11,3,16715,1777.4,102
CR0722,2025-12,5,16950,1742.0,189
CR0723,2025-01,4,25248,3309.5,198
CR0723,2025-02,3,20758,1238.2,140
CR0723,2025-03,4,20381,1744.6,255
CR0723,2025-04,5,15607,1931.0,199
CR0723,2025-05,4,25012,3353.9,122
CR0723,2025-06,4,35418,3831.1,517
CR0723,2025-07,5,22235,3279.1,147
CR0723,2025-08,0,0,0.0,0
CR0723,2025-09,6,25726,1742.8,335
CR0723,2025-10,0,0,0.0,0
CR0723,2025-11,6,33898,2608.7,382
CR0723,2025-12,0,0,0.0,0
CR0724,2025-01,6,382814,27416.5,1910
CR0724,2025-02,8,783376,83769.0,8052
CR0724,2025-03,7,378617,35476.3,2995
CR0724,2025-04,7,688670,97450.1,5264
CR0724,2025-05,0,0,0.0,0
CR0724,2025-06,10,369322,51660.8,4038
CR0724,2025-07,4,476581,37317.1,6501
CR0724,2025-08,13,509171,52431.8,7064
CR0724,2025-09,7,527848,48451.8,2195
CR0724,2025-10,9,600288,48993.1,3272
CR0724,2025-11,6,480802,37404.9,3692
CR0724,2025-12,10,727846,103080.9,8241
CR0725,2025-01,0,0,0.0,0
CR0725,2025-02,4,23147,1534.6,318
CR0725,2025-03,7,23462,2693.8,256
CR0725,2025-04,4,35149,2646.5,314
CR0725,2025-05,4,17600,2409.4,147
CR0725,2025-06,3,27612,3215.5,295
CR0725,2025-07,5,21522,1824.2,317
CR0725,2025-08,0,0,0.0,0
CR0725,2025-09,2,15002,1327.1,184
CR0725,2025-10,2,12021,1719.5,131
CR0725,2025-11,5,22405,1934.7,284
CR0725,2025-12,4,18491,1149.2,147
CR0726,2025-01,4,8969,1106.9,73
CR0726,2025-02,0,0,0.0,0
CR0726,2025-03,0,0,0.0,0
CR0726,2025-04,3,9031,940.3,123
CR0726,2025-05,4,24028,2038.3,359
CR0726,2025-06,4,12197,1458.7,50
CR0726,2025-07,0,0,0.0,0
CR0726,2025-08,2,9734,1434.3,95
CR0726,2025-09,3,15340,1523.1,129
CR0726,2025-10,6,11193,1497.9,99
CR0726,2025-11,3,11509,1428.4,168
CR0726,2025-12,3,12408,797.6,72
CR0727,2025-01,7,73542,6975.4,404
CR0727,2025-02,7,61013,5682.0,351
CR0727,2025-03,6,70558,7216.4,1012
CR0727,2025-04,5,95010,6332.4,969
CR0727,2025-05,3,98747,9644.0,1134
CR0727,2025-06,4,97087,10019.0,1362
CR0727,2025-07,2,62338,6732.2,551
CR0727,2025-08,5,131699,7961.8,999
CR0727,2025-09,9,74382,7299.1,843
CR0727,2025-10,8,53029,6762.9,707
CR0727,2025-11,6,85607,6735.3,900
CR0727,2025-12,12,73027,6053.1,758
CR0728,2025-01,0,0,0.0,0
CR0728,2025-02,6,285417,31688.3,3073
CR0728,2025-03,9,231936,16474.5,2483
CR0728,2025-04,11,308936,45975.7,1375
CR0728,2025-05,9,289724,21944.3,4227
CR0728,2025-06,6,196618,25461.1,2855
CR0728,2025-07,11,506737,68020.6,3375
CR0728,2025-08,9,208237,14688.3,2804
CR0728,2025-09,7,287652,22666.0,3513
CR0728,2025-10,9,287592,20468.7,2666
CR0728,2025-11,12,285229,21330.3,2562
CR0728,2025-12,8,269368,38287.4,1835
CR0729,2025-01,3,14235,1278.5,138
CR0729,2025-02,0,0,0.0,0
CR0729,2025-03,5,16935,2013.2,238
CR0729,2025-04,5,31715,2504.8,406
CR0729,2025-05,4,24236,1440.6,200
CR0729,2025-06,6,16503,1789.7,147
CR0729,2025-07,5,12501,1812.5,88
CR0729,2025-08,4,26097,3123.9,255
CR0729,2025-09,4,21676,2435.0,283
CR0729,2025-10,5,22718,1728.8,99
CR0729,2025-11,2,17529,1367.6,166
CR0729,2025-12,3,14375,1760.4,65
CR0730,2025-01,5,15629,1630.5,174
CR0730,2025-02,4,11861,741.4,78
CR0730,2025-03,4,15891,1800.9,159
CR0730,2025-04,0,0,0.0,0
CR0730,2025-05,4,13148,773.6,106
CR0730,2025-06,5,17025,1424.9,252
CR0730,2025-07,0,0,0.0,0
CR0730,2025-08,2,14299,1136.7,165
CR0730,2025-09,2,12019,1696.9,150
CR0730,2025-10,2,15612,1384.0,148
CR0730,2025-11,0,0,0.0,0
CR0730,2025-12,4,22314,2288.2,274
CR0731,2025-01,5,30098,2834.1,364
CR0731,2025-02,4,38606,5786.0,535
CR0731,2025-03,4,29009,2577.4,335
CR0731,2025-04,4,32694,3757.1,148
CR0731,2025-05,1,22988,3065.0,215
CR0731,2025-06,1,27382,3186.8,177
CR0731,2025-07,5,19508,1774.8,167
CR0731,2025-08,2,31661,2791.1,430
CR0731,2025-09,0,0,0.0,0
CR0731,2025-10,2,27755,3815.3,405
CR0731,2025-11,4,50264,3313.1,283
CR0731,2025-12,3,39345,4552.4,403
CR0732,2025-01,3,17885,2253.7,220
CR0732,2025-02,6,18473,1503.4,175
CR0732,2025-03,0,0,0.0,0
CR0732,2025-04,2,16210,2362.4,103
CR0732,2025-05,3,13238,1173.7,58
CR0732,2025-06,0,0,0.0,0
CR0732,2025-07,0,0,0.0,0
CR0732,2025-08,6,21261,2477.1,228
CR0732,2025-09,0,0,0.0,0
CR0732,2025-10,8,14652,1271.0,203
CR0732,2025-11,4,16058,1091.5,142
CR0732,2025-12,4,15972,1751.4,153
CR0733,2025-01,10,351096,25279.5,2243
CR0733,2025-02,4,205137,27255.1,1527
CR0733,2025-03,11,370154,22161.9,4772
CR0733,2025-04,12,451533,61345.5,3148
CR0733,2025-05,13,370988,30842.0,2742
CR0733,2025-06,6,666213,67959.2,4946
CR0733,2025-07,10,439694,30632.2,6455
CR0733,2025-08,6,499981,49669.6,6864
CR0733,2025-09,5,423582,25202.5,4710
CR0733,2025-10,8,514259,57172.3,7524
CR0733,2025-11,8,301819,24360.7,1531
CR0733,2025-12,7,480523,29001.0,5334
CR0734,2025-01,4,22412,2251.9,161
CR0734,2025-02,8,10861,855.2,114
CR0734,2025-03,5,9121,1270.5,103
CR0734,2025-04,3,12788,1743.7,143
CR0734,2025-05,6,17842,2311.3,249
CR0734,2025-06,4,10274,808.8,133
CR0734,2025-07,7,19122,1548.0,92
CR0734,2025-08,0,0,0.0,0
CR0734,2025-09,4,13380,836.0,54
CR0734,2025-10,4,16123,1449.9,135
CR0734,2025-11,4,18290,1593.3,241
CR0734,2025-12,5,16633,2253.6,243
CR0735,2025-01,8,49411,3229.5,436
CR0735,2025-02,4,95609,9889.0,762
CR0735,2025-03,6,111671,11867.2,1573
CR0735,2025-04,3,68364,4451.5,905
CR0735,2025-05,6,77010,9581.3,712
CR0735,2025-06,9,107088,14287.8,1518
CR0735,2025-07,6,109534,8892.9,494
CR0735,2025-08,3,59722,5417.6,387
CR0735,2025-09,9,84175,6728.1,642
CR0735,2025-10,7,110781,13370.3,1207
CR0735,2025-11,3,72079,6214.6,917
CR0735,2025-12,7,116442,8293.4,1386
CR0736,2025-01,3,9256,1070.8,38
CR0736,2025-02,4,15042,1981.9,76
CR0736,2025-03,3,14584,1627.8,186
CR0736,2025-04,0,0,0.0,0
CR0736,2025-05,3,8784,1301.7,49
CR0736,2025-06,5,16274,1479.5,153
CR0736,2025-07,4,9540,1231.2,136
CR0736,2025-08,7,13063,1618.0,172
CR0736,2025-09,3,9923,1336.6,72
CR0736,2025-10,5,22147,1376.0,180
CR0736,2025-11,1,9962,1261.3,56
CR0736,2025-12,2,16043,1870.6,83
CR0737,2025-01,5,72411,5067.6,913
CR0737,2025-02,6,51828,4352.3,572
CR0737,2025-03,5,41300,5680.1,259
CR0737,2025-04,3,63849,7165.9,558
CR0737,2025-05,4,71641,4400.4,477
CR0737,2025-06,9,92444,10271.1,722
CR0737,2025-07,3,42938,5150.6,337
CR0737,2025-08,6,52893,6336.3,777
CR0737,2025-09,4,55387,7466.3,517
CR0737,2025-10,2,56034,6811.4,271
CR0737,2025-11,4,88939,12553.3,1020
CR0737,2025-12,6,70480,10259.4,625
CR0738,2025-01,3,16994,2180.6,96
CR0738,2025-02,5,21631,1442.2,144
CR0738,2025-03,5,17738,2624.0,210
CR0738,2025-04,0,0,0.0,0
CR0738,2025-05,0,0,0.0,0
CR0738,2025-06,4,16799,1489.5,131
CR0738,2025-07,0,0,0.0,0
CR0738,2025-08,2,18180,1902.2,150
CR0738,2025-09,0,0,0.0,0
CR0738,2025-10,0,0,0.0,0
CR0738,2025-11,5,19214,2493.7,145
CR0738,2025-12,4,21723,1969.6,325
CR0739,2025-01,5,21699,2575.3,175
CR0739,2025-02,5,37477,4787.9,444
CR0739,2025-03,4,13764,950.5,99
CR0739,2025-04,0,0,0.0,0
CR0739,2025-05,5,23382,2868.0,312
CR0739,2025-06,1,13876,1284.4,80
CR0739,2025-07,6,20522,1210.1,288
CR0739,2025-08,2,18124,1263.0,85
CR0739,2025-09,5,30259,2011.4,305
CR0739,2025-10,2,27300,2401.5,377
CR0739,2025-11,1,20010,1633.5,210
CR0739,2025-12,0,0,0.0,0
CR0740,2025-01,4,18344,1864.8,139
CR0740,2025-02,3,11053,1468.2,67
CR0740,2025-03,2,12714,857.5,105
CR0740,2025-04,7,12141,1074.3,161
CR0740,2025-05,0,0,0.0,0
CR0740,2025-06,5,11482,732.9,101
CR0740,2025-07,3,14280,1777.5,146
CR0740,2025-08,4,19910,2267.4,223
CR0740,2025-09,0,0,0.0,0
CR0740,2025-10,3,16639,1918.9,169
CR0740,2025-11,4,14250,908.6,164
CR0740,2025-12,0,0,0.0,0
CR0741,2025-01,9,222426,17695.9,2032
CR0741,2025-02,9,206007,27179.6,2657
CR0741,2025-03,0,0,0.0,0
CR0741,2025-04,10,237067,25676.4,1394
CR0741,2025-05,9,323147,32295.8,2484
CR0741,2025-06,8,374532,32840.8,3901
CR0741,2025-07,6,184810,22377.5,1140
CR0741,2025-08,13,222369,28732.3,1824
CR0741,2025-09,8,180569,14904.1,2284
CR0741,2025-10,3,248848,17286.3,3501
CR0741,2025-11,3,279761,30099.9,4096
CR0741,2025-12,4,276725,26579.7,2485
CR0742,2025-01,3,72296,7624.8,664
CR0742,2025-02,0,0,0.0,0
CR0742,2025-03,2,109044,15192.7,821
CR0742,2025-04,10,73781,11050.9,464
CR0742,2025-05,6,134818,15563.9,1019
CR0742,2025-06,6,70393,8045.3,858
CR0742,2025-07,0,0,0.0,0
CR0742,2025-08,4,79541,6234.9,357
CR0742,2025-09,1,81515,8602.1,560
CR0742,2025-10,4,95400,7873.7,777
CR0742,2025-11,6,116499,7473.2,1556
CR0742,2025-12,10,119776,8433.9,552
CR0743,2025-01,0,0,0.0,0
CR0743,2025-02,4,15497,2291.2,88
CR0743,2025-03,0,0,0.0,0
CR0743,2025-04,7,9979,1450.0,78
CR0743,2025-05,0,0,0.0,0
CR0743,2025-06,2,10431,883.8,65
CR0743,2025-07,0,0,0.0,0
CR0743,2025-08,3,8687,1153.6,89
CR0743,2025-09,0,0,0.0,0
CR0743,2025-10,1,18269,1984.5,194
CR0743,2025-11,2,13776,1006.2,82
CR0743,2025-12,7,11241,987.7,161
CR0744,2025-01,3,13709,850.0,86
CR0744,2025-02,5,16818,2185.5,139
CR0744,2025-03,6,15549,1074.3,83
CR0744,2025-04,4,17269,1322.2,250
CR0744,2025-05,7,21041,2848.2,237
CR0744,2025-06,3,13740,1361.3,88
CR0744,2025-07,0,0,0.0,0
CR0744,2025-08,3,18833,1336.8,275
CR0744,2025-09,3,17733,2323.0,216
CR0744,2025-10,0,0,0.0,0
CR0744,2025-11,10,18922,1825.5,89
CR0744,2025-12,0,0,0.0,0
CR0745,2025-01,5,17675,1052.9,92
CR0745,2025-02,3,24091,3560.0,355
CR0745,2025-03,4,22886,2794.5,274
CR0745,2025-04,4,22144,1873.9,284
CR0745,2025-05,6,32146,4612.4,291
CR0745,2025-06,2,46309,5894.5,470
CR0745,2025-07,0,0,0.0,0
CR0745,2025-08,3,34091,3212.5,215
CR0745,2025-09,3,26118,1819.6,326
CR0745,2025-10,2,35612,2548.0,440
CR0745,2025-11,2,26883,3257.8,272
CR0745,2025-12,2,31535,2927.9,191
CR0746,2025-01,5,33532,4060.8,188
CR0746,2025-02,5,30520,2235.8,136
CR0746,2025-03,5,30494,1932.6,437
CR0746,2025-04,4,33699,2174.1,478
CR0746,2025-05,2,49875,4340.1,354
CR0746,2025-06,6,23893,2019.1,341
CR0746,2025-07,3,25595,2447.5,276
CR0746,2025-08,5,38453,4331.7,273
CR0746,2025-09,5,26401,2350.9,166
CR0746,2025-10,4,46382,5208.0,510
CR0746,2025-11,3,33901,5054.8,412
CR0746,2025-12,4,52097,6223.7,458
CR0747,2025-01,1,135743,12046.5,1238
CR0747,2025-02,4,110050,15601.3,1183
CR0747,2025-03,3,91890,6707.4,399
CR0747,2025-04,6,119181,14586.6,1558
CR0747,2025-05,9,166759,21854.0,1443
CR0747,2025-06,8,129124,8493.6,1813
CR0747,2025-07,4,114089,10696.2,710
CR0747,2025-08,11,93270,6271.6,1251
CR0747,2025-09,4,143831,10119.4,2080
CR0747,2025-10,12,120876,15662.0,495
CR0747,2025-11,5,93954,7842.5,1008
CR0747,2025-12,6,164065,19728.9,1717
CR0748,2025-01,4,11741,1415.1,68
CR0748,2025-02,2,14860,1957.6,187
CR0748,2025-03,0,0,0.0,0
CR0748,2025-04,3,16583,1063.9,139
CR0748,2025-05,2,17245,1155.8,166
CR0748,2025-06,5,14425,2020.4,75
CR0748,2025-07,0,0,0.0,0
CR0748,2025-08,1,21593,2477.1,88
CR0748,2025-09,5,14673,1978.9,209
CR0748,2025-10,2,20702,2417.4,291
CR0748,2025-11,4,13592,1710.6,95
CR0748,2025-12,0,0,0.0,0
CR0749,2025-01,6,13473,1847.0,143
CR0749,2025-02,5,19017,1354.3,120
CR0749,2025-03,6,17245,1712.8,124
CR0749,2025-04,4,19018,2829.8,154
CR0749,2025-05,2,17511,1065.1,127
CR0749,2025-06,0,0,0.0,0
CR0749,2025-07,2,14576,957.3,119
CR0749,2025-08,3,25009,2588.8,175
CR0749,2025-09,4,20436,2983.8,190
CR0749,2025-10,2,13521,1778.9,164
CR0749,2025-11,0,0,0.0,0
CR0749,2025-12,3,13928,1931.3,156
CR0750,2025-01,6,45312,6256.1,428
CR0750,2025-02,8,36577,4883.5,531
CR0750,2025-03,7,28313,1667.3,316
CR0750,2025-04,7,37273,2530.0,398
CR0750,2025-05,4,66359,5995.0,384
CR0750,2025-06,4,55971,4323.1,611
CR0750,2025-07,7,62687,5116.2,253
CR0750,2025-08,11,68696,9412.2,800
CR0750,2025-09,8,59911,8194.1,360
CR0750,2025-10,5,38440,3015.6,162
CR0750,2025-11,7,62434,7916.8,493
CR0750,2025-12,5,62946,7211.4,741
